fiscal_year,service,branch,profile_id,profile,fund_type,fund,approved
2023,Blatchford Redevelopment,Blatchford Redevelopment Office,CM-83-0001,District Energy Network Strategy and District Energy Nodes,Tax-Supported Debt,Tax-Supported Debt,171000.00
2023,Blatchford Redevelopment,Blatchford Redevelopment Project,17-02-2107,Blatchford District Energy System [DES],Grants,NRCan SREPs Grant - Fed,505000.00
2023,Blatchford Redevelopment,Blatchford Redevelopment Project,17-02-2107,Blatchford District Energy System [DES],Tax-Supported Debt,Self Supporting-Tax Guaranteed,1178000.00
2023,Blatchford Redevelopment,Blatchford Redevelopment Project,14-02-2106,Blatchford Redevelopment Implementation,Retained Earnings,Blatchford Lands Retained Earnings,23230000.00
2023,Building Renewal,Infrastructure Delivery,17-99-2001,Century Place Base Bldg Rehab & Tenant Improvements,Pay-As-You-Go (PAYG),Pay-As-You-Go,205000.00
2023,Building Renewal,Infrastructure Delivery,15-75-0106,Davies Site Richard Paterson Garage Building Rehabilitation,Pay-As-You-Go (PAYG),Pay-As-You-Go,1000.00
2023,Building Renewal,Infrastructure Delivery,19-10-1101,Edmonton Convention Centre Underground Structure Renewal,Pay-As-You-Go (PAYG),Pay-As-You-Go,7000.00
2023,Building Renewal,Infrastructure Delivery,15-75-0108,Mitchell Transit Garage Building Rehabilitation,Developer / Partner Financing,Partnership Funding,500000.00
2023,Building Renewal,Infrastructure Delivery,15-75-0108,Mitchell Transit Garage Building Rehabilitation,Pay-As-You-Go (PAYG),Pay-As-You-Go,-500000.00
2023,Building Renewal,Infrastructure Delivery,15-99-3030,Shaw Conference Centre Renewal,Pay-As-You-Go (PAYG),Pay-As-You-Go,-10000.00
2023,Building Renewal,Infrastructure Delivery,15-75-0109,Westwood Site MES/Central Stores Building Rehabilitation,Developer / Partner Financing,Partnership Funding,498000.00
2023,Building Renewal,Infrastructure Delivery,15-75-0109,Westwood Site MES/Central Stores Building Rehabilitation,Pay-As-You-Go (PAYG),Pay-As-You-Go,-459000.00
2023,Building Renewal,Infrastructure Planning and Design,CM-75-0100,Building and Facility Rehabilitation,Pay-As-You-Go (PAYG),Pay-As-You-Go,3000.00
2023,Building Renewal,Infrastructure Planning and Design,CM-19-0000,Facilities - Minor Renewal Program,Pay-As-You-Go (PAYG),Pay-As-You-Go,369000.00
2023,Building Renewal,Infrastructure Planning and Design,15-75-3102,Facility Energy Retrofits and Greenhouse Gas Red'n,Pay-As-You-Go (PAYG),Pay-As-You-Go,25000.00
2023,Building Renewal,Infrastructure Planning and Design,CM-12-0000,Facility: Service Delivery - Renewal,Grants,Munc Sustain. Initiative - MSI,6882000.00
2023,Building Renewal,Infrastructure Planning and Design,CM-12-0000,Facility: Service Delivery - Renewal,Pay-As-You-Go (PAYG),Pay-As-You-Go,227000.00
2023,Building Renewal,Infrastructure Planning and Design,CM-12-0000,Facility: Service Delivery - Renewal,Reserves,Heritage Resources Reserve,200000.00
2023,Building Renewal,Infrastructure Planning and Design,CM-13-0000,Facility: Service Support - Renewal,Pay-As-You-Go (PAYG),Pay-As-You-Go,1129000.00
2023,Building Renewal,Infrastructure Planning and Design,CM-10-1012,On-Site Microgeneration Solar Photovoltaics,Tax-Supported Debt,Tax-Supported Debt,1200000.00
2023,Corporate Support,Development Services,CM-17-2040,Urban Planning & Economy Service Transformation,Reserves,Planning and Development Reserve,1248000.00
2023,Corporate Support,Fleet and Facility Services,CM-17-2000,Emissions Neutral City Fleet and Equipment,Pay-As-You-Go (PAYG),Pay-As-You-Go,279000.00
2023,Corporate Support,Fleet and Facility Services,CM-25-3002,"Fleet Fluid Storage, Dispensing and Disposal Systems",Pay-As-You-Go (PAYG),Pay-As-You-Go,192000.00
2023,Corporate Support,Fleet and Facility Services,CM-25-3005,Tools & Shop Equipment Program,Pay-As-You-Go (PAYG),Pay-As-You-Go,229000.00
2023,Corporate Support,Fleet and Facility Services,CM-25-1001,Vehicle and Equipment Replacement,Pay-As-You-Go (PAYG),Pay-As-You-Go,145000.00
2023,Corporate Support,Fleet and Facility Services,CM-25-1001,Vehicle and Equipment Replacement,Reserves,Financial Stabilization Resrv.,75000.00
2023,Corporate Support,Fleet and Facility Services,CM-25-1001,Vehicle and Equipment Replacement,Reserves,Fleet Services Replacement Rsv,29389000.00
2023,Corporate Support,Fleet and Facility Services,CM-25-1001,Vehicle and Equipment Replacement,Reserves,Vehicle for Hire,7000.00
2023,Corporate Support,Fleet and Facility Services,CM-25-3003,Vehicle and Equipment Service Lift Program,Pay-As-You-Go (PAYG),Pay-As-You-Go,625000.00
2023,Corporate Support,Infrastructure Delivery,24-10-9411,Kathleen Andrews Transit Garage Solar PV & Battery Projects,Tax-Supported Debt,Tax-Supported Debt,52000.00
2023,Corporate Support,Infrastructure Delivery,20-10-9001,O'Keefe Maintenance Yard OH&S Improvements,Pay-As-You-Go (PAYG),Pay-As-You-Go,1000.00
2023,Corporate Support,Infrastructure Delivery,22-10-9311,Relocation of Staff from City Centre West,Pay-As-You-Go (PAYG),Pay-As-You-Go,281000.00
2023,Corporate Support,Infrastructure Planning and Design,19-10-1013,Ambleside Integrated Site - Phase 1,Tax-Supported Debt,Tax-Supported Debt,606000.00
2023,Corporate Support,Infrastructure Planning and Design,CM-10-1010,Facility: Planning and Design - Growth,Grants,Munc Sustain. Initiative - MSI,3036000.00
2023,Corporate Support,Infrastructure Planning and Design,CM-10-1010,Facility: Planning and Design - Growth,Pay-As-You-Go (PAYG),Pay-As-You-Go,-159000.00
2023,Corporate Support,Infrastructure Planning and Design,CM-99-9000,Infrastructure Delivery - Growth,Grants,Federal - Active Transportation Fund,50000.00
2023,Corporate Support,Infrastructure Planning and Design,CM-99-9000,Infrastructure Delivery - Growth,Grants,Munc Sustain. Initiative - MSI,607000.00
2023,Corporate Support,Infrastructure Planning and Design,CM-99-9000,Infrastructure Delivery - Growth,Pay-As-You-Go (PAYG),Pay-As-You-Go,2820000.00
2023,Corporate Support,Infrastructure Planning and Design,CM-99-0001,"Infrastructure, Planning and Design - Composite Growth",Pay-As-You-Go (PAYG),Pay-As-You-Go,8000.00
2023,Corporate Support,Open City and Technology,19-18-1901,Information Security and Disaster Recovery Enhancements,Pay-As-You-Go (PAYG),Pay-As-You-Go,68000.00
2023,Corporate Support,Open City and Technology,19-51-1904,Next Generation 9-1-1 (NG911) IP Call Handling,Pay-As-You-Go (PAYG),Pay-As-You-Go,100000.00
2023,Corporate Support,Open City and Technology,19-18-1903,Recreation and Attractions Management (RAMS) Program,Pay-As-You-Go (PAYG),Pay-As-You-Go,253000.00
2023,Corporate Support,Open City and Technology,23-51-1905,Taxation Assessment Collections System (TACS) Transformation,Pay-As-You-Go (PAYG),Pay-As-You-Go,22000.00
2023,Corporate Support,Open City and Technology,CM-18-1510,Technology Applications - Renewal,Pay-As-You-Go (PAYG),Pay-As-You-Go,1458000.00
2023,Corporate Support,Open City and Technology,CM-18-1510,Technology Applications - Renewal,Reserves,Financial Stabilization Resrv.,75000.00
2023,Corporate Support,Open City and Technology,CM-18-1514,Technology Implementation - Growth,Pay-As-You-Go (PAYG),Pay-As-You-Go,103000.00
2023,Corporate Support,Open City and Technology,CM-18-1515,Technology Infrastructure - Renewal,Pay-As-You-Go (PAYG),Pay-As-You-Go,4074000.00
2023,Corporate Support,Parks and Roads Services,CM-33-3001,Commemorative Programs,Developer / Partner Financing,Partnership Funding,141000.00
2023,Corporate Support,Parks and Roads Services,CM-33-3001,Commemorative Programs,Pay-As-You-Go (PAYG),Pay-As-You-Go,45000.00
2023,Corporate Support,Parks and Roads Services,CM-66-0013,Parks and Roads Services - Equipment Renewal,Pay-As-You-Go (PAYG),Pay-As-You-Go,2000.00
2023,Corporate Support,Service Innovation and Performance,CM-50-0010,Business Intelligence and Analytics - Capital Renewal,Pay-As-You-Go (PAYG),Pay-As-You-Go,470000.00
2023,Corporate Support,Service Innovation and Performance,23-51-1906,Corporate Integrated Data Solution (CIDS),Pay-As-You-Go (PAYG),Pay-As-You-Go,60000.00
2023,Economic Development,Capital City Downtown CRL,CM-74-4100,Downtown Community Revitalization Levies Delivery,Community Revitalization Levy,Debt CRL Downtown,649000.00
2023,Economic Development,Capital City Downtown CRL,15-74-4109,Future Phase Green and Walkable - Other Streets,Community Revitalization Levy,Debt CRL Downtown,-374000.00
2023,Economic Development,Capital City Downtown CRL,15-74-4104,Warehouse Campus Neighbourhood Central Park Land Acquisition,Community Revitalization Levy,Debt CRL Downtown,271000.00
2023,Economic Development,Economic Investment Services,15-74-4111,EETP - Stormwater Drainage Solutions,Pay-As-You-Go (PAYG),Pay-As-You-Go,94000.00
2023,Economic Development,Financial Services,11-17-0099,Edmonton Arena,Developer / Partner Financing,Partnership Funding,116000.00
2023,Economic Development,Financial Services,11-17-0099,Edmonton Arena,Reserves,Financial Stabilization Resrv.,116000.00
2023,Economic Development,Infrastructure Delivery,21-12-0320,Edmonton Convention Centre Rehabilitation,Grants,Munc Sustain. Initiative - MSI,19257000.00
2023,Economic Development,Infrastructure Delivery,21-12-0320,Edmonton Convention Centre Rehabilitation,Pay-As-You-Go (PAYG),Pay-As-You-Go,6615000.00
2023,Economic Development,Infrastructure Delivery,23-10-9316,Edmonton Exhibition Lands Racetrack Infield Improvements,Grants,Munc Sustain. Initiative - MSI,2101000.00
2023,Economic Development,Infrastructure Delivery,23-10-9316,Edmonton Exhibition Lands Racetrack Infield Improvements,Pay-As-You-Go (PAYG),Pay-As-You-Go,346000.00
2023,Economic Development,Infrastructure Planning and Design,19-17-0601,River Crossing/West Rossdale Redevelopment,Retained Earnings,Land Fund Retained Earnings,365000.00
2023,Economic Development,Planning and Environment Services,15-17-3117,TOD Stadium Station Plan Street Network,Pay-As-You-Go (PAYG),Pay-As-You-Go,465000.00
2023,Economic Development,The Quarters Downtown CRL,15-74-4031,The Quarters Downtown - Phase II,Community Revitalization Levy,Debt CRL Quarters,345000.00
2023,Housing,Infrastructure Delivery,23-10-9318,Holyrood Supportive Housing,Grants,Rapid Housing Initiative (Federal),3355000.00
2023,Housing,Infrastructure Delivery,23-10-9318,Holyrood Supportive Housing,Pay-As-You-Go (PAYG),Pay-As-You-Go,2577000.00
2023,Housing,Infrastructure Delivery,23-10-9318,Holyrood Supportive Housing,Reserves,Financial Stabilization Resrv.,294000.00
2023,Housing,Infrastructure Delivery,21-10-9001,Inglewood Supportive Housing,Pay-As-You-Go (PAYG),Pay-As-You-Go,111000.00
2023,Housing,Infrastructure Delivery,21-10-9007,King Edward Park Supportive Housing,Pay-As-You-Go (PAYG),Pay-As-You-Go,127000.00
2023,Housing,Infrastructure Delivery,21-10-9008,McArthur Supportive Housing,Pay-As-You-Go (PAYG),Pay-As-You-Go,546000.00
2023,Housing,Infrastructure Delivery,21-10-9002,Terrace Heights Supportive Housing,Pay-As-You-Go (PAYG),Pay-As-You-Go,99000.00
2023,Housing,Infrastructure Delivery,21-10-9006,Westmount Supportive Housing,Pay-As-You-Go (PAYG),Pay-As-You-Go,292000.00
2023,Housing,Social Development,19-90-4100,Affordable Housing Land Acquisition & Site Development,Pay-As-You-Go (PAYG),Pay-As-You-Go,-2183000.00
2023,Housing,Social Development,19-90-4100,Affordable Housing Land Acquisition & Site Development,Reserves,Financial Stabilization Resrv.,609000.00
2023,Housing,Social Development,23-90-4101,Social Housing Capital Renewal Project (City-Owned Sites),Grants,National Housing Co-Investment Fund Contribution,8120000.00
2023,Land,Real Estate,CM-17-5046,Edmonton Exhibition Lands,Retained Earnings,Land Fund Retained Earnings,1004000.00
2023,Land,Real Estate,19-16-5055,Heritage Valley Land Development,Retained Earnings,Land Fund Retained Earnings,19477000.00
2023,Land,Real Estate,CM-16-2010,Industrial-Commercial-Investment Land Development,Retained Earnings,Land Fund Retained Earnings,3098000.00
2023,Land,Real Estate,CM-16-5110,Real Estate Investment Purchase,Retained Earnings,Land Fund Retained Earnings,4546000.00
2023,Land,Real Estate,CM-17-5120,Real Estate Transportation Legacy Land Acquisition,Retained Earnings,Land Fund Retained Earnings,6000.00
2023,Land,Real Estate,CM-16-2020,Residential/Mixed-Use Land Development,Retained Earnings,Land Fund Retained Earnings,2807000.00
2023,Land,Real Estate,CM-16-2025,Residential/Mixed-Use Land Development Acquisition,Retained Earnings,Land Fund Retained Earnings,11000.00
2023,Land,Real Estate,CM-16-5100,Strategic  Land Acquisition,Other Misc Financing,Operating Revenues,-1000.00
2023,Land,Real Estate,CM-17-5037,Surplus School Sites - First Place Program,Reserves,Affordable Housing Reserve,-12000.00
2023,Land,Real Estate,CM-17-5045,Transforming Surplus City Lands,Retained Earnings,Land Fund Retained Earnings,358000.00
2023,LRT Expansion,Edmonton Transit Service,CM-66-3300,LRT Signals and Electrification Renewal,Grants,Canada's Rail Safety Improvement Program (RSIP),100000.00
2023,LRT Expansion,Edmonton Transit Service,CM-66-3300,LRT Signals and Electrification Renewal,Pay-As-You-Go (PAYG),Pay-As-You-Go,2035000.00
2023,LRT Expansion,Edmonton Transit Service,CM-66-3400,LRV Fleet & Equipment Renewal,Grants,Munc Sustain. Initiative - MSI,22000.00
2023,LRT Expansion,Edmonton Transit Service,CM-66-3400,LRV Fleet & Equipment Renewal,Pay-As-You-Go (PAYG),Pay-As-You-Go,2068000.00
2023,LRT Expansion,Edmonton Transit Service,CM-61-3235,Transit Facility and ROW Renewal,Grants,Canada Community Revitalization Fund (CCRF),11000.00
2023,LRT Expansion,Edmonton Transit Service,CM-61-3235,Transit Facility and ROW Renewal,Grants,Canada's Rail Safety Improvement Program (RSIP),34000.00
2023,LRT Expansion,Edmonton Transit Service,CM-61-3235,Transit Facility and ROW Renewal,Grants,Munc Sustain. Initiative - MSI,377000.00
2023,LRT Expansion,Edmonton Transit Service,CM-61-3235,Transit Facility and ROW Renewal,Pay-As-You-Go (PAYG),Pay-As-You-Go,29000.00
2023,LRT Expansion,LRT Expansion and Renewal,21-21-9110,129 Avenue Special Trackworks (Crossover),Grants,Munc Sustain. Initiative - MSI,3045000.00
2023,LRT Expansion,LRT Expansion and Renewal,21-21-9110,129 Avenue Special Trackworks (Crossover),Pay-As-You-Go (PAYG),Pay-As-You-Go,115000.00
2023,LRT Expansion,LRT Expansion and Renewal,16-66-7018,Capital Line South LRT: Century Park to Ellersie Road,Grants,Federal - Investing in Canada Infrastructure Prgm (ICIP),14724000.00
2023,LRT Expansion,LRT Expansion and Renewal,16-66-7018,Capital Line South LRT: Century Park to Ellersie Road,Grants,Provincial ICIP - matching,15394000.00
2023,LRT Expansion,LRT Expansion and Renewal,16-66-7018,Capital Line South LRT: Century Park to Ellersie Road,Tax-Supported Debt,Tax-Supported Debt,9411000.00
2023,LRT Expansion,LRT Expansion and Renewal,21-21-9100,Capital Line Wood Tie Replacement (66 Street - 129 Ave),Pay-As-You-Go (PAYG),Pay-As-You-Go,5000.00
2023,LRT Expansion,LRT Expansion and Renewal,24-24-9420,Coliseum LRT Bridge (B151) Minor Rehabilitation,Grants,Munc Sustain. Initiative - MSI,816000.00
2023,LRT Expansion,LRT Expansion and Renewal,24-24-9420,Coliseum LRT Bridge (B151) Minor Rehabilitation,Pay-As-You-Go (PAYG),Pay-As-You-Go,27000.00
2023,LRT Expansion,LRT Expansion and Renewal,21-21-9120,Government Centre LRT Station Electrical System Replacement,Pay-As-You-Go (PAYG),Pay-As-You-Go,791000.00
2023,LRT Expansion,LRT Expansion and Renewal,16-66-7020,LRT Prelim Design: Metro Line: Blatchford to Campbell Rd,Tax-Supported Debt,Tax-Supported Debt,708000.00
2023,LRT Expansion,LRT Expansion and Renewal,16-66-7013,Metro Line LRT (NAIT - Blatchford) Extension,Grants,Federal - Investing in Canada Infrastructure Prgm (ICIP),17105000.00
2023,LRT Expansion,LRT Expansion and Renewal,16-66-7013,Metro Line LRT (NAIT - Blatchford) Extension,Grants,Provincial ICIP - matching,17200000.00
2023,LRT Expansion,LRT Expansion and Renewal,16-66-7013,Metro Line LRT (NAIT - Blatchford) Extension,Tax-Supported Debt,Tax-Supported Debt,10116000.00
2023,LRT Expansion,LRT Expansion and Renewal,08-66-1672,NLRT (Downtown to NAIT),Tax-Supported Debt,Tax-Supported Debt,265000.00
2023,LRT Expansion,LRT Expansion and Renewal,19-10-1011,Stadium LRT Station Upgrade,Tax-Supported Debt,Tax-Supported Debt,175000.00
2023,LRT Expansion,LRT Expansion and Renewal,11-66-1673,Valley Line LRT,Tax-Supported Debt,Tax-Supported Debt,9877000.00
2023,LRT Expansion,LRT Expansion and Renewal,16-66-7017,Valley Line LRT: Downtown to Lewis Farms,Grants,Federal - Investing in Canada Infrastructure Prgm (ICIP),78699000.00
2023,LRT Expansion,LRT Expansion and Renewal,16-66-7017,Valley Line LRT: Downtown to Lewis Farms,Grants,Provincial ICIP - matching,82189000.00
2023,LRT Expansion,LRT Expansion and Renewal,16-66-7017,Valley Line LRT: Downtown to Lewis Farms,Tax-Supported Debt,Tax-Supported Debt,50616000.00
2023,Neighbourhoods,Building Great Neighbourhoods,23-40-9043,132 Avenue: Fort Road to 97 Street Reconstruction,Reserves,Neighborhood Renewal Reserve,1542000.00
2023,Neighbourhoods,Building Great Neighbourhoods,23-40-9044,Allendale Alley Reconstruction,Reserves,Neighborhood Renewal Reserve,682000.00
2023,Neighbourhoods,Building Great Neighbourhoods,23-40-9031,Baturyn Neighbourhood and Alley Reconstruction,Local Improvements,Local Improvements Property Share,1368000.00
2023,Neighbourhoods,Building Great Neighbourhoods,23-40-9031,Baturyn Neighbourhood and Alley Reconstruction,Pay-As-You-Go (PAYG),Pay-As-You-Go,92000.00
2023,Neighbourhoods,Building Great Neighbourhoods,23-40-9031,Baturyn Neighbourhood and Alley Reconstruction,Reserves,Neighborhood Renewal Reserve,13299000.00
2023,Neighbourhoods,Building Great Neighbourhoods,23-40-9045,Beverly Heights Alley Reconstruction,Reserves,Neighborhood Renewal Reserve,845000.00
2023,Neighbourhoods,Building Great Neighbourhoods,23-40-9039,Boyle Street Neighborhood Reconstruction,Reserves,Neighborhood Renewal Reserve,1349000.00
2023,Neighbourhoods,Building Great Neighbourhoods,23-40-9040,Gariepy Neighborhood and Alley Reconstruction,Reserves,Neighborhood Renewal Reserve,1745000.00
2023,Neighbourhoods,Building Great Neighbourhoods,24-40-9048,Glenwood (163 Street West) Neighbourhood and Alley Reconstruction,Reserves,Neighborhood Renewal Reserve,1496000.00
2023,Neighbourhoods,Building Great Neighbourhoods,CM-21-5800,Great Neighbourhoods Initiative,Tax-Supported Debt,Tax-Supported Debt,-868000.00
2023,Neighbourhoods,Building Great Neighbourhoods,23-40-9041,Hairsine Neighborhood and Alley Reconstruction,Reserves,Neighborhood Renewal Reserve,1552000.00
2023,Neighbourhoods,Building Great Neighbourhoods,24-40-9047,Hillview Neighbourhood and Alley Reconstruction,Reserves,Neighborhood Renewal Reserve,1225000.00
2023,Neighbourhoods,Building Great Neighbourhoods,23-40-9035,Kilkenny Alley Reconstruction,Local Improvements,Local Improvements Property Share,80000.00
2023,Neighbourhoods,Building Great Neighbourhoods,23-40-9035,Kilkenny Alley Reconstruction,Reserves,Neighborhood Renewal Reserve,4342000.00
2023,Neighbourhoods,Building Great Neighbourhoods,23-40-9032,McCauley Neighbourhood and Alley Reconstruction,Local Improvements,Local Improvements Property Share,823000.00
2023,Neighbourhoods,Building Great Neighbourhoods,23-40-9032,McCauley Neighbourhood and Alley Reconstruction,Pay-As-You-Go (PAYG),Pay-As-You-Go,133000.00
2023,Neighbourhoods,Building Great Neighbourhoods,23-40-9032,McCauley Neighbourhood and Alley Reconstruction,Reserves,Neighborhood Renewal Reserve,13533000.00
2023,Neighbourhoods,Building Great Neighbourhoods,23-40-9042,Meyokumin Neighborhood and Alley Reconstruction,Reserves,Neighborhood Renewal Reserve,1992000.00
2023,Neighbourhoods,Building Great Neighbourhoods,20-40-9021,NARP Recon - King Edward Park Alleys,Reserves,Neighborhood Renewal Reserve,46000.00
2023,Neighbourhoods,Building Great Neighbourhoods,09-66-1056,Neighbourhood (NBHD) Renewal,Reserves,Neighborhood Renewal Reserve,17000.00
2023,Neighbourhoods,Building Great Neighbourhoods,CM-66-4000,NRP NBHD Renewal - Composite,Reserves,Neighborhood Renewal Reserve,92000.00
2023,Neighbourhoods,Building Great Neighbourhoods,12-66-1056,NRP Neighbourhood Renewal - Composite,Reserves,Neighborhood Renewal Reserve,1000.00
2023,Neighbourhoods,Building Great Neighbourhoods,19-40-9010,NRP Recon - Alberta Avenue,Reserves,Neighborhood Renewal Reserve,905000.00
2023,Neighbourhoods,Building Great Neighbourhoods,21-66-4036,NRP Recon - Allendale,Reserves,Neighborhood Renewal Reserve,8000.00
2023,Neighbourhoods,Building Great Neighbourhoods,14-66-1083,NRP Recon - Belgravia,Reserves,Neighborhood Renewal Reserve,158000.00
2023,Neighbourhoods,Building Great Neighbourhoods,13-66-1080,NRP Recon - Bonnie Doon,Reserves,Neighborhood Renewal Reserve,18000.00
2023,Neighbourhoods,Building Great Neighbourhoods,21-40-9024,NRP Recon - Calder,Local Improvements,Local Improvements Property Share,1587000.00
2023,Neighbourhoods,Building Great Neighbourhoods,21-40-9024,NRP Recon - Calder,Reserves,Neighborhood Renewal Reserve,21947000.00
2023,Neighbourhoods,Building Great Neighbourhoods,19-40-9016,NRP Recon - Canora / West Jasper Place,Reserves,Neighborhood Renewal Reserve,1000.00
2023,Neighbourhoods,Building Great Neighbourhoods,19-40-9011,NRP Recon - Central McDougall,Reserves,Neighborhood Renewal Reserve,47000.00
2023,Neighbourhoods,Building Great Neighbourhoods,21-40-9025,NRP Recon - Garneau,Local Improvements,Local Improvements Property Share,474000.00
2023,Neighbourhoods,Building Great Neighbourhoods,21-40-9025,NRP Recon - Garneau,Pay-As-You-Go (PAYG),Pay-As-You-Go,316000.00
2023,Neighbourhoods,Building Great Neighbourhoods,21-40-9025,NRP Recon - Garneau,Reserves,Financial Stabilization Resrv.,270000.00
2023,Neighbourhoods,Building Great Neighbourhoods,21-40-9025,NRP Recon - Garneau,Reserves,Neighborhood Renewal Reserve,7571000.00
2023,Neighbourhoods,Building Great Neighbourhoods,20-40-9018,NRP Recon - Grandview Heights,Reserves,Neighborhood Renewal Reserve,4000.00
2023,Neighbourhoods,Building Great Neighbourhoods,19-40-9012,NRP Recon - Highlands,Reserves,Neighborhood Renewal Reserve,173000.00
2023,Neighbourhoods,Building Great Neighbourhoods,19-40-9013,NRP Recon - Inglewood,Reserves,Neighborhood Renewal Reserve,448000.00
2023,Neighbourhoods,Building Great Neighbourhoods,21-40-9026,NRP Recon - Malmo Plains,Local Improvements,Local Improvements Property Share,130000.00
2023,Neighbourhoods,Building Great Neighbourhoods,21-40-9026,NRP Recon - Malmo Plains,Reserves,Neighborhood Renewal Reserve,115000.00
2023,Neighbourhoods,Building Great Neighbourhoods,16-66-4014,NRP Recon - McKernan,Reserves,Neighborhood Renewal Reserve,2000.00
2023,Neighbourhoods,Building Great Neighbourhoods,15-66-4010,NRP Recon - Montrose,Reserves,Neighborhood Renewal Reserve,6000.00
2023,Neighbourhoods,Building Great Neighbourhoods,15-66-4050,NRP Recon - Newton (S/123 Ave),Reserves,Neighborhood Renewal Reserve,1000.00
2023,Neighbourhoods,Building Great Neighbourhoods,18-66-4029,NRP Recon - Prince Charles,Reserves,Neighborhood Renewal Reserve,1000.00
2023,Neighbourhoods,Building Great Neighbourhoods,13-66-1052,NRP Recon - Queen Alexandra,Reserves,Neighborhood Renewal Reserve,3000.00
2023,Neighbourhoods,Building Great Neighbourhoods,19-40-9015,NRP Recon - Royal Gardens,Reserves,Neighborhood Renewal Reserve,6000.00
2023,Neighbourhoods,Building Great Neighbourhoods,18-66-4024,NRP Recon - Spruce Avenue,Reserves,Neighborhood Renewal Reserve,49000.00
2023,Neighbourhoods,Building Great Neighbourhoods,19-40-9014,NRP Recon - Strathcona,Reserves,Neighborhood Renewal Reserve,255000.00
2023,Neighbourhoods,Building Great Neighbourhoods,15-66-4013,NRP Recon - Strathearn,Reserves,Neighborhood Renewal Reserve,11000.00
2023,Neighbourhoods,Building Great Neighbourhoods,13-66-1081,NRP Recon - Westmount,Reserves,Neighborhood Renewal Reserve,4000.00
2023,Neighbourhoods,Building Great Neighbourhoods,21-40-9023,NRP/NARP Recon - Beaumaris Neighbourhood and Alleys,Local Improvements,Local Improvements Property Share,1123000.00
2023,Neighbourhoods,Building Great Neighbourhoods,21-40-9023,NRP/NARP Recon - Beaumaris Neighbourhood and Alleys,Pay-As-You-Go (PAYG),Pay-As-You-Go,527000.00
2023,Neighbourhoods,Building Great Neighbourhoods,21-40-9023,NRP/NARP Recon - Beaumaris Neighbourhood and Alleys,Reserves,Neighborhood Renewal Reserve,10333000.00
2023,Neighbourhoods,Building Great Neighbourhoods,23-40-9033,Ottewell Neighbourhood Reconstruction,Local Improvements,Local Improvements Property Share,1529000.00
2023,Neighbourhoods,Building Great Neighbourhoods,23-40-9033,Ottewell Neighbourhood Reconstruction,Reserves,Neighborhood Renewal Reserve,12461000.00
2023,Neighbourhoods,Building Great Neighbourhoods,24-40-9049,Overlanders and Homesteader Neighbourhoods Reconstruction,Reserves,Neighborhood Renewal Reserve,1506000.00
2023,Neighbourhoods,Building Great Neighbourhoods,23-40-9036,"Pollard Meadows, Daly Grove, Crawford Plains Alley Reconstruction",Reserves,Neighborhood Renewal Reserve,3564000.00
2023,Neighbourhoods,Building Great Neighbourhoods,23-40-9037,Royal Gardens and Rideau Park Alley Reconstruction,Reserves,Neighborhood Renewal Reserve,2580000.00
2023,Neighbourhoods,Building Great Neighbourhoods,23-40-9046,Strathearn Alley Reconstruction,Reserves,Neighborhood Renewal Reserve,572000.00
2023,Parks,Building Great Neighbourhoods,19-30-1100,Beaumaris Lake Open Space Rehabilitation,Pay-As-You-Go (PAYG),Pay-As-You-Go,25000.00
2023,Parks,Building Great Neighbourhoods,23-30-9322,Beaver Hills House/Michael Phair Parks Upgrades,Community Revitalization Levy,Debt CRL Downtown,212000.00
2023,Parks,Building Great Neighbourhoods,23-30-9322,Beaver Hills House/Michael Phair Parks Upgrades,Pay-As-You-Go (PAYG),Pay-As-You-Go,254000.00
2023,Parks,Building Great Neighbourhoods,16-17-6140,Boat Docks and Launches,Pay-As-You-Go (PAYG),Pay-As-You-Go,3000.00
2023,Parks,Building Great Neighbourhoods,19-30-1000,Bulyea Heights Park Development,Reserves,Affordable Housing Reserve,-10000.00
2023,Parks,Building Great Neighbourhoods,19-30-1000,Bulyea Heights Park Development,Reserves,Funds-in-Lieu Reserve,10000.00
2023,Parks,Building Great Neighbourhoods,21-10-9104,Centennial Plaza Renewal,Community Revitalization Levy,Debt CRL Downtown,2477000.00
2023,Parks,Building Great Neighbourhoods,21-10-9104,Centennial Plaza Renewal,Pay-As-You-Go (PAYG),Pay-As-You-Go,8164000.00
2023,Parks,Building Great Neighbourhoods,24-32-9430,Clarke Stadium Artificial Turf Renewal,Grants,Munc Sustain. Initiative - MSI,169000.00
2023,Parks,Building Great Neighbourhoods,24-32-9430,Clarke Stadium Artificial Turf Renewal,Pay-As-You-Go (PAYG),Pay-As-You-Go,6000.00
2023,Parks,Building Great Neighbourhoods,21-32-9100,Confederation District Park Renewal,Grants,Canada Community Revitalization Fund (CCRF),325000.00
2023,Parks,Building Great Neighbourhoods,21-32-9100,Confederation District Park Renewal,Grants,Munc Sustain. Initiative - MSI,1542000.00
2023,Parks,Building Great Neighbourhoods,21-32-9100,Confederation District Park Renewal,Grants,Other Grants - Federal,-221000.00
2023,Parks,Building Great Neighbourhoods,21-32-9100,Confederation District Park Renewal,Pay-As-You-Go (PAYG),Pay-As-You-Go,61000.00
2023,Parks,Building Great Neighbourhoods,21-30-9303,Glengarry District Park Renewal,Pay-As-You-Go (PAYG),Pay-As-You-Go,1236000.00
2023,Parks,Building Great Neighbourhoods,18-28-1014,Heritage Valley District Park,Pay-As-You-Go (PAYG),Pay-As-You-Go,906000.00
2023,Parks,Building Great Neighbourhoods,21-30-9304,Keswick East Park Development,Grants,Canada Community-Building Fund (CCBF),44000.00
2023,Parks,Building Great Neighbourhoods,21-30-9304,Keswick East Park Development,Pay-As-You-Go (PAYG),Pay-As-You-Go,9000.00
2023,Parks,Building Great Neighbourhoods,21-30-9305,Keswick West Park Development,Grants,Canada Community-Building Fund (CCBF),83000.00
2023,Parks,Building Great Neighbourhoods,21-30-9305,Keswick West Park Development,Pay-As-You-Go (PAYG),Pay-As-You-Go,10000.00
2023,Parks,Building Great Neighbourhoods,21-30-9301,Kinistinaw Park Phase II,Community Revitalization Levy,Debt CRL Quarters,267000.00
2023,Parks,Building Great Neighbourhoods,21-30-9301,Kinistinaw Park Phase II,Pay-As-You-Go (PAYG),Pay-As-You-Go,-111000.00
2023,Parks,Building Great Neighbourhoods,12-17-1064,McConachie District Park Site,Pay-As-You-Go (PAYG),Pay-As-You-Go,1000.00
2023,Parks,Building Great Neighbourhoods,20-30-9200,McConachie School GLS,Pay-As-You-Go (PAYG),Pay-As-You-Go,-26000.00
2023,Parks,Building Great Neighbourhoods,CM-36-3636,Neighbourhood Park Development Program - New,Developer / Partner Financing,Developer Financing,258000.00
2023,Parks,Building Great Neighbourhoods,CM-36-3636,Neighbourhood Park Development Program - New,Developer / Partner Financing,Partnership Funding,18000.00
2023,Parks,Building Great Neighbourhoods,CM-36-3636,Neighbourhood Park Development Program - New,Grants,Canada Community Revitalization Fund (CCRF),267000.00
2023,Parks,Building Great Neighbourhoods,CM-36-3636,Neighbourhood Park Development Program - New,Grants,Other Grants - Federal,-37000.00
2023,Parks,Building Great Neighbourhoods,CM-36-3636,Neighbourhood Park Development Program - New,Pay-As-You-Go (PAYG),Pay-As-You-Go,1217000.00
2023,Parks,Building Great Neighbourhoods,CM-33-0000,Open Space: Open Spaces - Renewal,Pay-As-You-Go (PAYG),Pay-As-You-Go,2505000.00
2023,Parks,Building Great Neighbourhoods,CM-38-0000,Open Space: Overland Drainage - Renewal,Pay-As-You-Go (PAYG),Pay-As-You-Go,246000.00
2023,Parks,Building Great Neighbourhoods,CM-32-0000,Open Space: Parks - Renewal,Grants,Munc Sustain. Initiative - MSI,7894000.00
2023,Parks,Building Great Neighbourhoods,CM-32-0000,Open Space: Parks - Renewal,Pay-As-You-Go (PAYG),Pay-As-You-Go,369000.00
2023,Parks,Building Great Neighbourhoods,CM-36-0000,Open Space: Partner Renewal (NPDP Renewal),Developer / Partner Financing,Developer Financing,275000.00
2023,Parks,Building Great Neighbourhoods,CM-36-0000,Open Space: Partner Renewal (NPDP Renewal),Developer / Partner Financing,Partnership Funding,8000.00
2023,Parks,Building Great Neighbourhoods,CM-36-0000,Open Space: Partner Renewal (NPDP Renewal),Pay-As-You-Go (PAYG),Pay-As-You-Go,635000.00
2023,Parks,Building Great Neighbourhoods,CM-30-3030,Open Space: Planning and Design - Growth,Grants,Federal - Active Transportation Fund,36000.00
2023,Parks,Building Great Neighbourhoods,CM-30-3030,Open Space: Planning and Design - Growth,Pay-As-You-Go (PAYG),Pay-As-You-Go,214000.00
2023,Parks,Building Great Neighbourhoods,CM-31-0000,Open Space: River Valley System - Renewal,Pay-As-You-Go (PAYG),Pay-As-You-Go,3198000.00
2023,Parks,Building Great Neighbourhoods,15-17-1082,Secord School/Park Site Development,Pay-As-You-Go (PAYG),Pay-As-You-Go,1000.00
2023,Parks,Building Great Neighbourhoods,23-30-9320,Secord South Park Development,Grants,Munc Sustain. Initiative - MSI,1682000.00
2023,Parks,Building Great Neighbourhoods,23-30-9320,Secord South Park Development,Pay-As-You-Go (PAYG),Pay-As-You-Go,256000.00
2023,Parks,Building Great Neighbourhoods,20-30-9202,South Haven and Northern Lights Cemetery Expansion,Pay-As-You-Go (PAYG),Pay-As-You-Go,9000.00
2023,Parks,Building Great Neighbourhoods,15-17-1080,Walker School/Park Site Development,Pay-As-You-Go (PAYG),Pay-As-You-Go,1000.00
2023,Parks,Building Great Neighbourhoods,23-30-9321,Warehouse Park,Community Revitalization Levy,Debt CRL Downtown,3367000.00
2023,Parks,Building Great Neighbourhoods,14-17-1070,Windermere School/Park Site Development,Pay-As-You-Go (PAYG),Pay-As-You-Go,3000.00
2023,Parks,Infrastructure Delivery,15-28-4200,"Ambleside SW District Office, Maintenance Yard & Fuel Site",Pay-As-You-Go (PAYG),Pay-As-You-Go,1123000.00
2023,Parks,Infrastructure Delivery,15-28-5823,Jasper Place Bowl Grandstand Replacement,Pay-As-You-Go (PAYG),Pay-As-You-Go,4000.00
2023,Parks,Infrastructure Delivery,23-10-9317,Kennedale Snow Storage Site Upgrades,Pay-As-You-Go (PAYG),Pay-As-You-Go,917000.00
2023,Parks,Infrastructure Delivery,15-75-5071,Queen Elizabeth Planetarium Renewal,Pay-As-You-Go (PAYG),Pay-As-You-Go,7000.00
2023,Parks,Infrastructure Delivery,21-31-9100,Rundle Park Road and Parking Lot Renewal,Grants,Munc Sustain. Initiative - MSI,1631000.00
2023,Parks,Infrastructure Delivery,21-31-9100,Rundle Park Road and Parking Lot Renewal,Pay-As-You-Go (PAYG),Pay-As-You-Go,67000.00
2023,Parks,Infrastructure Delivery,16-17-6110,Terwillegar Park Footbridge,Pay-As-You-Go (PAYG),Pay-As-You-Go,25000.00
2023,Parks,Infrastructure Delivery,21-32-9101,William Hawrelak Park Rehabilitation,Grants,Munc Sustain. Initiative - MSI,1505000.00
2023,Parks,Infrastructure Delivery,21-32-9101,William Hawrelak Park Rehabilitation,Tax-Supported Debt,Tax-Supported Debt,40935000.00
2023,Parks,Infrastructure Planning and Design,CM-39-0000,Open Space - Minor Renewal Program,Pay-As-You-Go (PAYG),Pay-As-You-Go,1811000.00
2023,Parks,Infrastructure Planning and Design,CM-39-0000,Open Space - Minor Renewal Program,Reserves,Cemetery Reserve,50000.00
2023,Parks,Infrastructure Planning and Design,CM-34-0000,Open Space: Landslide and Erosion Management Program,Developer / Partner Financing,Developer Financing,886000.00
2023,Parks,Infrastructure Planning and Design,CM-34-0000,Open Space: Landslide and Erosion Management Program,Pay-As-You-Go (PAYG),Pay-As-You-Go,4345000.00
2023,Parks,Planning and Environment Services,CM-17-1024,District Park Land Acquisition (FMP Repayment),Reserves,Funds-in-Lieu Reserve,1000000.00
2023,Parks,Planning and Environment Services,CM-17-1022,District Park Land Acquisition (New ASPs),Reserves,Funds-in-Lieu Reserve,4363000.00
2023,Parks,Planning and Environment Services,CM-16-1232,Dry Pond Land Acquisitions,Developer / Partner Financing,EPCOR Contribution,24000.00
2023,Parks,Planning and Environment Services,CM-17-1020,Mature Area Land Acquisition,Pay-As-You-Go (PAYG),Pay-As-You-Go,47000.00
2023,Parks,Planning and Environment Services,CM-17-1020,Mature Area Land Acquisition,Reserves,Funds-in-Lieu Reserve,312000.00
2023,Parks,Planning and Environment Services,CM-21-6000,Pedestrian Wayfinding,Grants,Munc Sustain. Initiative - MSI,50000.00
2023,Parks,Planning and Environment Services,CM-21-6000,Pedestrian Wayfinding,Pay-As-You-Go (PAYG),Pay-As-You-Go,105000.00
2023,Parks,Planning and Environment Services,CM-17-1001,River Valley Land Acquisition,Pay-As-You-Go (PAYG),Pay-As-You-Go,6568000.00
2023,Parks,Planning and Environment Services,CM-17-1001,River Valley Land Acquisition,Reserves,Parkland Purchase Reserve,6526000.00
2023,Parks,Planning and Environment Services,CM-17-1010,Shared Park Development Program,Pay-As-You-Go (PAYG),Pay-As-You-Go,78000.00
2023,Parks,Planning and Environment Services,CM-17-1004,Suburban School and Park Land Acquisition,Reserves,Funds-in-Lieu Reserve,4274000.00
2023,Public Safety,Fire Rescue Services,CM-70-0001,Fire Rescue Equipment Replacement,Pay-As-You-Go (PAYG),Pay-As-You-Go,730000.00
2023,Public Safety,Infrastructure Delivery,21-11-9600,EPS-Police Headquarters Rehabilitation,Grants,Munc Sustain. Initiative - MSI,8925000.00
2023,Public Safety,Infrastructure Delivery,21-11-9600,EPS-Police Headquarters Rehabilitation,Pay-As-You-Go (PAYG),PAYG Capital Reserve - Police,273000.00
2023,Public Safety,Infrastructure Delivery,24-11-9611,Fire Station 7 (Highlands) Building Rehabilitation,Grants,Munc Sustain. Initiative - MSI,349000.00
2023,Public Safety,Infrastructure Delivery,24-11-9611,Fire Station 7 (Highlands) Building Rehabilitation,Pay-As-You-Go (PAYG),Pay-As-You-Go,12000.00
2023,Public Safety,Infrastructure Delivery,20-10-9003,Fire Station No.19 Rehabilitation,Grants,Munc Sustain. Initiative - MSI,4901000.00
2023,Public Safety,Infrastructure Delivery,20-10-9003,Fire Station No.19 Rehabilitation,Pay-As-You-Go (PAYG),Pay-As-You-Go,172000.00
2023,Public Safety,Infrastructure Delivery,20-10-9002,Fire Station No.3 Rehabilitation,Grants,Munc Sustain. Initiative - MSI,4838000.00
2023,Public Safety,Infrastructure Delivery,20-10-9002,Fire Station No.3 Rehabilitation,Pay-As-You-Go (PAYG),Pay-As-You-Go,170000.00
2023,Public Safety,Infrastructure Delivery,15-70-0004,Windermere Fire Station,Pay-As-You-Go (PAYG),Pay-As-You-Go,3903000.00
2023,Public Safety,Infrastructure Planning and Design,CM-11-0000,Facility: Safety and Security - Renewal,Grants,Munc Sustain. Initiative - MSI,417000.00
2023,Public Safety,Infrastructure Planning and Design,CM-11-0000,Facility: Safety and Security - Renewal,Pay-As-You-Go (PAYG),Pay-As-You-Go,27000.00
2023,Public Safety,Infrastructure Planning and Design,CM-11-0000,Facility: Safety and Security - Renewal,Pay-As-You-Go (PAYG),PAYG Capital Reserve - Police,230000.00
2023,Public Safety,Infrastructure Planning and Design,21-10-9105,Fire Station #8 Relocation - Blatchford,Tax-Supported Debt,Tax-Supported Debt,1721000.00
2023,Public Safety,LRT Expansion and Renewal,16-66-3302,LRT NE Crossings - Safety Improvements,Pay-As-You-Go (PAYG),Pay-As-You-Go,-21000.00
2023,Public Safety,Parks and Roads Services,CM-66-2596,Safe and Livable Community Streets,Reserves,Traffic Safety Automated Enfmt Resrv,1542000.00
2023,Public Safety,Parks and Roads Services,CM-66-2585,Safe Crossings,Reserves,Traffic Safety Automated Enfmt Resrv,5304000.00
2023,Public Safety,Police Service,21-60-1747,Automated Fingerprint Identification Sys,Pay-As-You-Go (PAYG),PAYG Capital Reserve - Police,398000.00
2023,Public Safety,Police Service,21-60-1472,"CRIMM - CAD-RMS Integration, Modernization and Maximization",Pay-As-You-Go (PAYG),Pay-As-You-Go,1685000.00
2023,Public Safety,Police Service,21-60-1472,"CRIMM - CAD-RMS Integration, Modernization and Maximization",Pay-As-You-Go (PAYG),PAYG Capital Reserve - Police,2528000.00
2023,Public Safety,Police Service,21-60-1471,EPS Enterprise Commons,Pay-As-You-Go (PAYG),PAYG Capital Reserve - Police,730000.00
2023,Public Safety,Police Service,20-60-1620,In-Car Video,Pay-As-You-Go (PAYG),Pay-As-You-Go,182000.00
2023,Public Safety,Police Service,20-60-1620,In-Car Video,Pay-As-You-Go (PAYG),PAYG Capital Reserve - Police,44000.00
2023,Public Safety,Police Service,12-60-1376,Northwest Campus,Pay-As-You-Go (PAYG),Pay-As-You-Go,34000.00
2023,Public Safety,Police Service,12-60-1376,Northwest Campus,Tax-Supported Debt,Tax-Supported Debt,1341000.00
2023,Public Safety,Police Service,CM-60-1771,Police Equipment,Developer / Partner Financing,Partnership Funding,100000.00
2023,Public Safety,Police Service,CM-60-1771,Police Equipment,Grants,Other Grants - Provincial,53000.00
2023,Public Safety,Police Service,CM-60-1771,Police Equipment,Pay-As-You-Go (PAYG),Pay-As-You-Go,1059000.00
2023,Public Safety,Police Service,CM-60-1771,Police Equipment,Pay-As-You-Go (PAYG),PAYG Capital Reserve - Police,479000.00
2023,Public Safety,Police Service,CM-60-1461,Police IT - Applications Enhancement,Grants,Other Grants - Provincial,312000.00
2023,Public Safety,Police Service,CM-60-1461,Police IT - Applications Enhancement,Pay-As-You-Go (PAYG),Pay-As-You-Go,1491000.00
2023,Public Safety,Police Service,CM-60-1460,Police IT - Applications Sustainment,Pay-As-You-Go (PAYG),Pay-As-You-Go,888000.00
2023,Public Safety,Police Service,CM-60-1433,Police IT - Infrastructure Sustainment,Pay-As-You-Go (PAYG),Pay-As-You-Go,1898000.00
2023,Public Safety,Police Service,CM-60-1425,Radio Life Cycle,Grants,Other Grants - Provincial,131000.00
2023,Public Safety,Police Service,CM-60-1765,Vehicle Replacements,Grants,Other Grants - Provincial,542000.00
2023,Public Safety,Police Service,CM-60-1765,Vehicle Replacements,Pay-As-You-Go (PAYG),PAYG Capital Reserve - Police,7889000.00
2023,Public Safety,Police Service,CM-60-1765,Vehicle Replacements,Reserves,Financial Stabilization Resrv.,1100000.00
2023,Public Transit,Edmonton Transit Service,21-61-3411,Active Air & Surface Purification Technology for ETS & DATS Fleet,Reserves,Financial Stabilization Resrv.,1239000.00
2023,Public Transit,Edmonton Transit Service,CM-61-3609,Bus Equipment Renewal,Grants,Munc Sustain. Initiative - MSI,1135000.00
2023,Public Transit,Edmonton Transit Service,CM-61-3609,Bus Equipment Renewal,Pay-As-You-Go (PAYG),Pay-As-You-Go,518000.00
2023,Public Transit,Edmonton Transit Service,CM-66-3600,Bus Fleet & Equipment Rehab & Replacement,Developer / Partner Financing,Partnership Funding,161000.00
2023,Public Transit,Edmonton Transit Service,CM-66-3600,Bus Fleet & Equipment Rehab & Replacement,Grants,Canada Community-Building Fund (CCBF),13741000.00
2023,Public Transit,Edmonton Transit Service,CM-66-3600,Bus Fleet & Equipment Rehab & Replacement,Grants,Munc Sustain. Initiative - MSI,5350000.00
2023,Public Transit,Edmonton Transit Service,CM-66-3600,Bus Fleet & Equipment Rehab & Replacement,Pay-As-You-Go (PAYG),Pay-As-You-Go,2727000.00
2023,Public Transit,Edmonton Transit Service,CM-66-3608,Electric Buses,Pay-As-You-Go (PAYG),Pay-As-You-Go,409000.00
2023,Public Transit,Edmonton Transit Service,21-61-3621,Electric Buses - ZEB Program,Pay-As-You-Go (PAYG),Pay-As-You-Go,2000.00
2023,Public Transit,Edmonton Transit Service,CM-66-3000,Transit Communications Renewal,Grants,Munc Sustain. Initiative - MSI,202000.00
2023,Public Transit,Edmonton Transit Service,CM-66-3000,Transit Communications Renewal,Pay-As-You-Go (PAYG),Pay-As-You-Go,2433000.00
2023,Public Transit,Edmonton Transit Service,13-66-1294,Transit Smart Fare System (Smart Card),Developer / Partner Financing,Partnership Funding,486000.00
2023,Public Transit,Edmonton Transit Service,13-66-1294,Transit Smart Fare System (Smart Card),Grants,Green-trip,4365000.00
2023,Public Transit,Edmonton Transit Service,13-66-1294,Transit Smart Fare System (Smart Card),Grants,Munc Sustain. Initiative - MSI,2016000.00
2023,Public Transit,Edmonton Transit Service,13-66-1294,Transit Smart Fare System (Smart Card),Pay-As-You-Go (PAYG),Pay-As-You-Go,180000.00
2023,Public Transit,Infrastructure Delivery,16-66-3524,Castledowns Transit Centre Busway Renewal,Pay-As-You-Go (PAYG),Pay-As-You-Go,1000.00
2023,Public Transit,Infrastructure Delivery,12-66-1413,Kathleen Andrews Transit Garage,Tax-Supported Debt,Tax-Supported Debt,136000.00
2023,Public Transit,Infrastructure Planning and Design,CM-66-3501,Bus Facilities Renewal,Pay-As-You-Go (PAYG),Pay-As-You-Go,2000.00
2023,Public Transit,Infrastructure Planning and Design,20-20-2022,New Transit Bus Garage,Grants,Federal - Zero Emission Transit Fund,159000.00
2023,Public Transit,Infrastructure Planning and Design,20-20-2022,New Transit Bus Garage,Tax-Supported Debt,Tax-Supported Debt,514000.00
2023,Public Transit,LRT Expansion and Renewal,18-66-3514,Capital Line LRT Heritage Valley Park and Ride Construction,Pay-As-You-Go (PAYG),Pay-As-You-Go,36000.00
2023,Public Transit,LRT Expansion and Renewal,21-25-9501,Central LRT Station Escalator Renewal,Grants,Munc Sustain. Initiative - MSI,2919000.00
2023,Public Transit,LRT Expansion and Renewal,21-25-9501,Central LRT Station Escalator Renewal,Pay-As-You-Go (PAYG),Pay-As-You-Go,52000.00
2023,Public Transit,LRT Expansion and Renewal,CM-21-0000,Transportation: Public Transit - Renewal,Grants,Canada's Rail Safety Improvement Program (RSIP),88000.00
2023,Public Transit,LRT Expansion and Renewal,CM-21-0000,Transportation: Public Transit - Renewal,Grants,Munc Sustain. Initiative - MSI,1889000.00
2023,Public Transit,LRT Expansion and Renewal,CM-21-0000,Transportation: Public Transit - Renewal,Pay-As-You-Go (PAYG),Pay-As-You-Go,2444000.00
2023,Recreation & Culture,Building Great Neighbourhoods,24-31-9200,Rundle Park Trail Renewal,Pay-As-You-Go (PAYG),Pay-As-You-Go,20000.00
2023,Recreation & Culture,Community Recreation and Culture,CM-21-2010,Commonwealth Stadium Equipment,Reserves,Stadium Reserve,381000.00
2023,Recreation & Culture,Community Recreation and Culture,CM-21-5601,Community Recreation and Culture - Equipment Conservation,Grants,Other Grants - Federal,819000.00
2023,Recreation & Culture,Community Recreation and Culture,CM-21-5601,Community Recreation and Culture - Equipment Conservation,Pay-As-You-Go (PAYG),Pay-As-You-Go,1191000.00
2023,Recreation & Culture,Infrastructure Delivery,20-12-0200,ACT Aquatic and Recreation Centre Renewal,Pay-As-You-Go (PAYG),Pay-As-You-Go,157000.00
2023,Recreation & Culture,Infrastructure Delivery,17-99-2010,Bonnie Doon Pool Rehabilitation,Pay-As-You-Go (PAYG),Pay-As-You-Go,26000.00
2023,Recreation & Culture,Infrastructure Delivery,20-10-9005,Callingwood Arena Rehabilitation,Grants,Canada Community-Building Fund (CCBF),11000.00
2023,Recreation & Culture,Infrastructure Delivery,20-10-9005,Callingwood Arena Rehabilitation,Pay-As-You-Go (PAYG),Pay-As-You-Go,6000.00
2023,Recreation & Culture,Infrastructure Delivery,20-12-9200,Civic Precinct Surface Renewal Phase 2,Pay-As-You-Go (PAYG),Pay-As-You-Go,446000.00
2023,Recreation & Culture,Infrastructure Delivery,22-10-9312,Commonwealth Recreation Centre Solar Photovoltaic Project,Tax-Supported Debt,Tax-Supported Debt,1781000.00
2023,Recreation & Culture,Infrastructure Delivery,20-12-0220,Confederation Leisure Centre and Arena Renewal,Grants,Canada Community-Building Fund (CCBF),85000.00
2023,Recreation & Culture,Infrastructure Delivery,20-12-0220,Confederation Leisure Centre and Arena Renewal,Pay-As-You-Go (PAYG),Pay-As-You-Go,32000.00
2023,Recreation & Culture,Infrastructure Delivery,15-21-5801,Coronation Park Sports and Recreation Centre,Tax-Supported Debt,Tax-Supported Debt,51205000.00
2023,Recreation & Culture,Infrastructure Delivery,21-12-0350,Edmonton EXPO Centre Rehabilitation,Grants,Munc Sustain. Initiative - MSI,30198000.00
2023,Recreation & Culture,Infrastructure Delivery,21-12-0350,Edmonton EXPO Centre Rehabilitation,Tax-Supported Debt,Tax-Supported Debt,8259000.00
2023,Recreation & Culture,Infrastructure Delivery,17-21-1000,Edmonton Soccer Association South Soccer Centre Expansion,Developer / Partner Financing,Partnership Funding,371000.00
2023,Recreation & Culture,Infrastructure Delivery,17-21-1000,Edmonton Soccer Association South Soccer Centre Expansion,Tax-Supported Debt,Self Supporting-Tax Guaranteed,2792000.00
2023,Recreation & Culture,Infrastructure Delivery,17-21-1000,Edmonton Soccer Association South Soccer Centre Expansion,Tax-Supported Debt,Tax-Supported Debt,-3250000.00
2023,Recreation & Culture,Infrastructure Delivery,15-21-6973,Fort Edmonton Park - Utilities & Enhancements,Grants,Federal Bldg Canada Fund,117000.00
2023,Recreation & Culture,Infrastructure Delivery,15-21-6973,Fort Edmonton Park - Utilities & Enhancements,Pay-As-You-Go (PAYG),Pay-As-You-Go,113000.00
2023,Recreation & Culture,Infrastructure Delivery,20-10-9004,Fort Edmonton Park Rehabilitation,Pay-As-You-Go (PAYG),Pay-As-You-Go,18000.00
2023,Recreation & Culture,Infrastructure Delivery,21-10-9103,Iron Works Building Rehabilitation,Community Revitalization Levy,Debt CRL Quarters,4627000.00
2023,Recreation & Culture,Infrastructure Delivery,21-10-9103,Iron Works Building Rehabilitation,Grants,Canada Cultural Spaces Fund Grant,308000.00
2023,Recreation & Culture,Infrastructure Delivery,15-21-3400,Kihciy Askiy Sacred Earth,Pay-As-You-Go (PAYG),Pay-As-You-Go,577000.00
2023,Recreation & Culture,Infrastructure Delivery,21-12-0330,Kinsmen Sports Centre Facility Rehabilitation,Grants,Munc Sustain. Initiative - MSI,958000.00
2023,Recreation & Culture,Infrastructure Delivery,21-12-0330,Kinsmen Sports Centre Facility Rehabilitation,Pay-As-You-Go (PAYG),Pay-As-You-Go,34000.00
2023,Recreation & Culture,Infrastructure Delivery,15-21-5785,Lewis Farms Community Recreation Centre and Library,Pay-As-You-Go (PAYG),Pay-As-You-Go,-2080000.00
2023,Recreation & Culture,Infrastructure Delivery,15-21-5785,Lewis Farms Community Recreation Centre and Library,Tax-Supported Debt,Tax-Supported Debt,31597000.00
2023,Recreation & Culture,Infrastructure Delivery,22-12-9008,Mill Creek Pool Rehabilitation,Grants,Munc Sustain. Initiative - MSI,3251000.00
2023,Recreation & Culture,Infrastructure Delivery,22-12-9008,Mill Creek Pool Rehabilitation,Pay-As-You-Go (PAYG),Pay-As-You-Go,114000.00
2023,Recreation & Culture,Infrastructure Delivery,11-21-1004,Mill Woods Sr Centre & Multiculture Fac.,Pay-As-You-Go (PAYG),Pay-As-You-Go,97000.00
2023,Recreation & Culture,Infrastructure Delivery,11-21-1004,Mill Woods Sr Centre & Multiculture Fac.,Reserves,Operating Surplus (FSR),41000.00
2023,Recreation & Culture,Infrastructure Delivery,18-21-0147,Mount Pleasant Indoor Niche,Pay-As-You-Go (PAYG),Pay-As-You-Go,1000.00
2023,Recreation & Culture,Infrastructure Delivery,19-12-0100,Muttart Conservatory Rehabilitation,Pay-As-You-Go (PAYG),Pay-As-You-Go,6000.00
2023,Recreation & Culture,Infrastructure Delivery,23-12-9201,Northgate Lions Senior Centre Rehabilitation,Grants,Munc Sustain. Initiative - MSI,1277000.00
2023,Recreation & Culture,Infrastructure Delivery,23-12-9201,Northgate Lions Senior Centre Rehabilitation,Pay-As-You-Go (PAYG),Pay-As-You-Go,44000.00
2023,Recreation & Culture,Infrastructure Delivery,20-12-0230,Ortona Armoury Arts Building Renewal,Grants,Canada Cultural Spaces Fund Grant,1530000.00
2023,Recreation & Culture,Infrastructure Delivery,20-12-0230,Ortona Armoury Arts Building Renewal,Grants,Munc Sustain. Initiative - MSI,4659000.00
2023,Recreation & Culture,Infrastructure Delivery,20-12-0230,Ortona Armoury Arts Building Renewal,Pay-As-You-Go (PAYG),Pay-As-You-Go,1040000.00
2023,Recreation & Culture,Infrastructure Delivery,21-12-0310,Peter Hemingway Fitness & Leisure Centre Rehabilitation,Grants,Munc Sustain. Initiative - MSI,8934000.00
2023,Recreation & Culture,Infrastructure Delivery,21-12-0310,Peter Hemingway Fitness & Leisure Centre Rehabilitation,Tax-Supported Debt,Tax-Supported Debt,55000.00
2023,Recreation & Culture,Infrastructure Delivery,13-21-5350,South Haven Cemetery Serv Bldg & Road,Reserves,Cemetery Reserve,16000.00
2023,Recreation & Culture,Infrastructure Delivery,21-12-0340,The Orange Hub Phase II Rehabilitation,Grants,Munc Sustain. Initiative - MSI,11551000.00
2023,Recreation & Culture,Infrastructure Delivery,21-12-0340,The Orange Hub Phase II Rehabilitation,Pay-As-You-Go (PAYG),Pay-As-You-Go,795000.00
2023,Recreation & Culture,Infrastructure Delivery,22-12-9007,Valley Zoo - Nature's Wild Backyard Phase II,Pay-As-You-Go (PAYG),Pay-As-You-Go,14000.00
2023,Recreation & Culture,Infrastructure Planning and Design,CM-12-0097,Facilities: Downtown Arena (Rogers Place) Renewal,Pay-As-You-Go (PAYG),Pay-As-You-Go,56000.00
2023,Recreation & Culture,Infrastructure Planning and Design,CM-12-0097,Facilities: Downtown Arena (Rogers Place) Renewal,Reserves,Rogers Place Arena Reserve,177000.00
2023,Recreation & Culture,Infrastructure Planning and Design,15-21-7777,The Orange Hub,Pay-As-You-Go (PAYG),Pay-As-You-Go,24000.00
2023,Recreation & Culture,Infrastructure Planning and Design,CM-12-0300,Valley Zoo Animal Enclosure Renewal and Enhancement,Tax-Supported Debt,Tax-Supported Debt,200000.00
2023,Recreation & Culture,LRT Expansion and Renewal,24-20-9340,Harbin Gate,Community Revitalization Levy,Debt CRL Downtown,36000.00
2023,Recreation & Culture,Public Library,CM-20-0050,IT Infrastructure Renewal,Pay-As-You-Go (PAYG),Pay-As-You-Go,646000.00
2023,Recreation & Culture,Public Library,CM-20-0050,IT Infrastructure Renewal,Reserves,Other Reserve,92000.00
2023,Recreation & Culture,Public Library,CM-20-0052,Library Furniture and Equipment,Pay-As-You-Go (PAYG),Pay-As-You-Go,8000.00
2023,Recreation & Culture,Public Library,CM-20-0052,Library Furniture and Equipment,Pay-As-You-Go (PAYG),Pay-As-You-Go - Library,707000.00
2023,Recreation & Culture,Public Library,CM-20-0052,Library Furniture and Equipment,Reserves,Other Reserve,116000.00
2023,Recreation & Culture,Public Library,CM-20-0051,Library Materials,Pay-As-You-Go (PAYG),Pay-As-You-Go - Library,4910000.00
2023,Recreation & Culture,Public Library,03-20-0019,Mill Woods Branch Relocation & Expansion,Grants,Munc Sustain. Initiative - MSI,592000.00
2023,Recreation & Culture,Public Library,03-20-0019,Mill Woods Branch Relocation & Expansion,Pay-As-You-Go (PAYG),Pay-As-You-Go,31000.00
2023,Recreation & Culture,Public Library,12-20-0055,Milner Library Renewal & Upgrades,Tax-Supported Debt,Tax-Supported Debt,31000.00
2023,Roads,Building Great Neighbourhoods,22-22-9700,124 Street - 109 Avenue to 118 Avenue,Grants,Munc Sustain. Initiative - MSI,5043000.00
2023,Roads,Building Great Neighbourhoods,22-22-9700,124 Street - 109 Avenue to 118 Avenue,Pay-As-You-Go (PAYG),Pay-As-You-Go,1307000.00
2023,Roads,Building Great Neighbourhoods,23-40-9034,132 Avenue: 97 to 127 Street Reconstruction,Reserves,Neighborhood Renewal Reserve,9188000.00
2023,Roads,Building Great Neighbourhoods,CM-66-2600,Active Transportation,Pay-As-You-Go (PAYG),Pay-As-You-Go,13000.00
2023,Roads,Building Great Neighbourhoods,23-40-9030,Balwin and Belvedere Revitalization,Pay-As-You-Go (PAYG),Pay-As-You-Go,969000.00
2023,Roads,Building Great Neighbourhoods,23-40-9030,Balwin and Belvedere Revitalization,Tax-Supported Debt,Tax-Supported Debt,428000.00
2023,Roads,Building Great Neighbourhoods,CM-40-9000,Building Great Neighbourhoods Delivery - Growth,Pay-As-You-Go (PAYG),Pay-As-You-Go,296000.00
2023,Roads,Building Great Neighbourhoods,CM-40-4040,Building Great Neighbourhoods: Planning and Design - Growth,Pay-As-You-Go (PAYG),Pay-As-You-Go,-609000.00
2023,Roads,Building Great Neighbourhoods,22-34-9400,Capilano Bridge Trail (Southwest) Repair,Pay-As-You-Go (PAYG),Pay-As-You-Go,721000.00
2023,Roads,Building Great Neighbourhoods,CM-20-3102,Chinatown Infrastructure Improvements,Pay-As-You-Go (PAYG),Pay-As-You-Go,39000.00
2023,Roads,Building Great Neighbourhoods,22-40-9028,Killarney Neighbourhood Reconstruction,Local Improvements,Local Improvements Property Share,1591000.00
2023,Roads,Building Great Neighbourhoods,22-40-9028,Killarney Neighbourhood Reconstruction,Reserves,Neighborhood Renewal Reserve,17787000.00
2023,Roads,Building Great Neighbourhoods,21-40-9032,Mistatim Industrial & Southeast Industrial Road Upgrading,Pay-As-You-Go (PAYG),Pay-As-You-Go,1000.00
2023,Roads,Building Great Neighbourhoods,21-40-9027,NARP Recon - North Glenora Alleys,Reserves,Neighborhood Renewal Reserve,452000.00
2023,Roads,Building Great Neighbourhoods,23-40-9038,"North East Roads Program - Mayliewan, Ozerna",Reserves,Neighborhood Renewal Reserve,4337000.00
2023,Roads,Building Great Neighbourhoods,20-40-9017,NRP Recon - Eastwood/Elmwood Park/Yellowhead Corridor East Ind,Reserves,Neighborhood Renewal Reserve,295000.00
2023,Roads,Building Great Neighbourhoods,20-40-9019,NRP/NARP Recon - Lorelei Neighbourhood and Alleys,Reserves,Neighborhood Renewal Reserve,1509000.00
2023,Roads,Building Great Neighbourhoods,22-40-9029,Pleasantview Neighbourhood Reconstruction,Local Improvements,Local Improvements Property Share,2220000.00
2023,Roads,Building Great Neighbourhoods,22-40-9029,Pleasantview Neighbourhood Reconstruction,Reserves,Neighborhood Renewal Reserve,27772000.00
2023,Roads,Building Great Neighbourhoods,CM-40-9001,Rural and Industrial Road Upgrading,Pay-As-You-Go (PAYG),Pay-As-You-Go,56000.00
2023,Roads,Building Great Neighbourhoods,CM-27-0000,Transportation: Neighbourhood Alley Renewal Program,Reserves,Neighborhood Renewal Reserve,3623000.00
2023,Roads,Building Great Neighbourhoods,CM-25-0000,Transportation: Neighbourhoods - Renewal,Local Improvements,Local Improvements Property Share,226000.00
2023,Roads,Building Great Neighbourhoods,CM-25-0000,Transportation: Neighbourhoods - Renewal,Reserves,Neighborhood Renewal Reserve,6415000.00
2023,Roads,Building Great Neighbourhoods,21-40-9031,Winterburn Industrial Road Upgrading,Pay-As-You-Go (PAYG),Pay-As-You-Go,6000.00
2023,Roads,Infrastructure Delivery,21-50-9101,103 Avenue Streetscape,Community Revitalization Levy,Debt CRL Downtown,746000.00
2023,Roads,Infrastructure Delivery,19-22-9003,105 Avenue,Grants,Munc Sustain. Initiative - MSI,3814000.00
2023,Roads,Infrastructure Delivery,19-22-9003,105 Avenue,Reserves,Neighborhood Renewal Reserve,171000.00
2023,Roads,Infrastructure Delivery,16-66-2421,106 Avenue over Wayne Gretzky Drive Bridge Rehabilitation,Pay-As-You-Go (PAYG),Pay-As-You-Go,1000.00
2023,Roads,Infrastructure Delivery,23-22-9703,107 Avenue Revitalization,Grants,Federal - Active Transportation Fund,38000.00
2023,Roads,Infrastructure Delivery,23-22-9703,107 Avenue Revitalization,Tax-Supported Debt,Tax-Supported Debt,1113000.00
2023,Roads,Infrastructure Delivery,23-24-9410,167 Street SW over Whitemud Creek Bridge (B453) Replacement,Grants,Munc Sustain. Initiative - MSI,9000.00
2023,Roads,Infrastructure Delivery,23-24-9410,167 Street SW over Whitemud Creek Bridge (B453) Replacement,Pay-As-You-Go (PAYG),Pay-As-You-Go,415000.00
2023,Roads,Infrastructure Delivery,19-24-0100,170 St Over CN Rail Bridge (B170) Rehab,Pay-As-You-Go (PAYG),Pay-As-You-Go,11000.00
2023,Roads,Infrastructure Delivery,21-20-2100,170 Street Pedestrian Bridge,Developer / Partner Financing,Developer Financing,695000.00
2023,Roads,Infrastructure Delivery,21-20-2100,170 Street Pedestrian Bridge,Grants,Canada Community-Building Fund (CCBF),478000.00
2023,Roads,Infrastructure Delivery,21-20-2100,170 Street Pedestrian Bridge,Local Improvements,Local Improvements Property Share,2000000.00
2023,Roads,Infrastructure Delivery,23-24-9401,23 Avenue over Whitemud Creek Pedestrian Bridge Replacement,Grants,Canada Community-Building Fund (CCBF),3419000.00
2023,Roads,Infrastructure Delivery,23-24-9401,23 Avenue over Whitemud Creek Pedestrian Bridge Replacement,Grants,Munc Sustain. Initiative - MSI,443000.00
2023,Roads,Infrastructure Delivery,23-24-9401,23 Avenue over Whitemud Creek Pedestrian Bridge Replacement,Pay-As-You-Go (PAYG),Pay-As-You-Go,1290000.00
2023,Roads,Infrastructure Delivery,06-66-1482,23 Avenue/Gateway Interchange,Pay-As-You-Go (PAYG),Pay-As-You-Go,-20000.00
2023,Roads,Infrastructure Delivery,24-24-9421,50 Street Bridge (B202) Rehabilitation over Whitemud Drive,Grants,Munc Sustain. Initiative - MSI,141000.00
2023,Roads,Infrastructure Delivery,24-24-9421,50 Street Bridge (B202) Rehabilitation over Whitemud Drive,Pay-As-You-Go (PAYG),Pay-As-You-Go,4000.00
2023,Roads,Infrastructure Delivery,18-66-6503,50 Street CPR Grade Separation,Developer / Partner Financing,Partnership Funding,1375000.00
2023,Roads,Infrastructure Delivery,18-66-6503,50 Street CPR Grade Separation,Grants,Canada Community-Building Fund (CCBF),6882000.00
2023,Roads,Infrastructure Delivery,18-66-6503,50 Street CPR Grade Separation,Grants,Federal Grant,18645000.00
2023,Roads,Infrastructure Delivery,18-66-6503,50 Street CPR Grade Separation,Grants,Provincial Grant,11614000.00
2023,Roads,Infrastructure Delivery,18-66-6503,50 Street CPR Grade Separation,Pay-As-You-Go (PAYG),Pay-As-You-Go,860000.00
2023,Roads,Infrastructure Delivery,18-66-6503,50 Street CPR Grade Separation,Tax-Supported Debt,Tax-Supported Debt,414000.00
2023,Roads,Infrastructure Delivery,21-22-9400,"51 Avenue - 86 Street to 99 Street, 99 Street to 111 Street",Pay-As-You-Go (PAYG),Pay-As-You-Go,134000.00
2023,Roads,Infrastructure Delivery,23-25-9502,86 Street: 51 Avenue to 63 Avenue Rehabilitation,Reserves,Neighborhood Renewal Reserve,333000.00
2023,Roads,Infrastructure Delivery,12-66-1454,91 St: 25 - 41 Ave SW,Developer / Partner Financing,Developer ARA,95000.00
2023,Roads,Infrastructure Delivery,12-66-1454,91 St: 25 - 41 Ave SW,Developer / Partner Financing,Developer Financing,-95000.00
2023,Roads,Infrastructure Delivery,23-25-9503,95 Avenue: 163 Street to 170 Street Reconstruction,Pay-As-You-Go (PAYG),Pay-As-You-Go,16000.00
2023,Roads,Infrastructure Delivery,23-25-9503,95 Avenue: 163 Street to 170 Street Reconstruction,Reserves,Neighborhood Renewal Reserve,365000.00
2023,Roads,Infrastructure Delivery,23-25-9504,97 Street Renewal (51 Avenue to 63 Avenue),Reserves,Neighborhood Renewal Reserve,151000.00
2023,Roads,Infrastructure Delivery,21-40-9030,99 Street - 34 Avenue to Whitemud Drive,Pay-As-You-Go (PAYG),Pay-As-You-Go,192000.00
2023,Roads,Infrastructure Delivery,23-12-9202,99 Street and Judy Padua Way Streetscape & Waterproofing,Community Revitalization Levy,Debt CRL Downtown,447000.00
2023,Roads,Infrastructure Delivery,23-12-9202,99 Street and Judy Padua Way Streetscape & Waterproofing,Grants,Munc Sustain. Initiative - MSI,309000.00
2023,Roads,Infrastructure Delivery,23-12-9202,99 Street and Judy Padua Way Streetscape & Waterproofing,Pay-As-You-Go (PAYG),Pay-As-You-Go,13000.00
2023,Roads,Infrastructure Delivery,16-66-2306,AHD / 135 Street (Heritage Valley Trail) Ramps,Pay-As-You-Go (PAYG),Pay-As-You-Go,12000.00
2023,Roads,Infrastructure Delivery,17-66-2014,ARP Recon - 122 Street (51 Ave - 63 Ave),Pay-As-You-Go (PAYG),Pay-As-You-Go,350000.00
2023,Roads,Infrastructure Delivery,13-66-1024,ARP Recon - 127 Street (118 Ave - Yellowhead Trail),Pay-As-You-Go (PAYG),Pay-As-You-Go,1000.00
2023,Roads,Infrastructure Delivery,15-66-2011,ARP Recon - Jasper Avenue (109 St - 124 St),Pay-As-You-Go (PAYG),Pay-As-You-Go,9000.00
2023,Roads,Infrastructure Delivery,24-24-9425,Beverly Bridge (B143) Rehabilitation,Grants,Munc Sustain. Initiative - MSI,241000.00
2023,Roads,Infrastructure Delivery,24-24-9425,Beverly Bridge (B143) Rehabilitation,Pay-As-You-Go (PAYG),Pay-As-You-Go,6000.00
2023,Roads,Infrastructure Delivery,12-66-1040,Bridge Rehabilitation,Pay-As-You-Go (PAYG),Pay-As-You-Go,157000.00
2023,Roads,Infrastructure Delivery,24-24-9422,Dawson Bridge Rehabilitation,Grants,Munc Sustain. Initiative - MSI,1258000.00
2023,Roads,Infrastructure Delivery,24-24-9422,Dawson Bridge Rehabilitation,Pay-As-You-Go (PAYG),Pay-As-You-Go,41000.00
2023,Roads,Infrastructure Delivery,20-24-0200,Duggan Bridge Replacement,Pay-As-You-Go (PAYG),Pay-As-You-Go,70000.00
2023,Roads,Infrastructure Delivery,20-20-2024,Edmonton-Strathcona County Pedestrian Bridge,Developer / Partner Financing,Partnership Funding,12206000.00
2023,Roads,Infrastructure Delivery,20-20-2024,Edmonton-Strathcona County Pedestrian Bridge,Pay-As-You-Go (PAYG),Pay-As-You-Go,1890000.00
2023,Roads,Infrastructure Delivery,19-22-9001,Ellerslie Road (115 Street to 127 Street) 4 Lane Widening,Pay-As-You-Go (PAYG),Pay-As-You-Go,45000.00
2023,Roads,Infrastructure Delivery,18-66-2309,Ellerslie Road (127 St - 135 St) 4 Lane Widening,Pay-As-You-Go (PAYG),Pay-As-You-Go,32000.00
2023,Roads,Infrastructure Delivery,22-22-9701,Gateway Blvd Renewal (University Avenue to 82 Avenue),Grants,Canada Community Revitalization Fund (CCRF),750000.00
2023,Roads,Infrastructure Delivery,22-22-9701,Gateway Blvd Renewal (University Avenue to 82 Avenue),Grants,Munc Sustain. Initiative - MSI,2334000.00
2023,Roads,Infrastructure Delivery,22-22-9701,Gateway Blvd Renewal (University Avenue to 82 Avenue),Pay-As-You-Go (PAYG),Pay-As-You-Go,847000.00
2023,Roads,Infrastructure Delivery,21-24-9302,Glenora Bridge (B097) Renewal,Pay-As-You-Go (PAYG),Pay-As-You-Go,160000.00
2023,Roads,Infrastructure Delivery,12-66-1044,Groat Road over N. Sask. River,Pay-As-You-Go (PAYG),Pay-As-You-Go,56000.00
2023,Roads,Infrastructure Delivery,19-22-9002,Imagine Jasper 109-114 St - Phase 1,Pay-As-You-Go (PAYG),Pay-As-You-Go,75000.00
2023,Roads,Infrastructure Delivery,23-22-9704,Imagine Jasper Avenue (114 Street - 124 Street),Grants,Federal - Active Transportation Fund,272000.00
2023,Roads,Infrastructure Delivery,23-22-9704,Imagine Jasper Avenue (114 Street - 124 Street),Pay-As-You-Go (PAYG),Pay-As-You-Go,324000.00
2023,Roads,Infrastructure Delivery,17-74-4103,Jasper Avenue New Vision Phase 2,Community Revitalization Levy,Debt CRL Downtown,414000.00
2023,Roads,Infrastructure Delivery,21-24-9301,Latta Bridge (B027) Replacement,Grants,Canada Community-Building Fund (CCBF),5048000.00
2023,Roads,Infrastructure Delivery,21-24-9301,Latta Bridge (B027) Replacement,Grants,Munc Sustain. Initiative - MSI,5819000.00
2023,Roads,Infrastructure Delivery,21-24-9301,Latta Bridge (B027) Replacement,Pay-As-You-Go (PAYG),Pay-As-You-Go,1023000.00
2023,Roads,Infrastructure Delivery,21-25-9500,Parsons Industrial Neighbourhood Renewal,Reserves,Neighborhood Renewal Reserve,9000.00
2023,Roads,Infrastructure Delivery,06-66-1612,Ring Road Connectors,Developer / Partner Financing,Developer ARA,29000.00
2023,Roads,Infrastructure Delivery,23-22-9702,Rossdale Road Reconstruction (103 Street to Low Level Bridge),Grants,Munc Sustain. Initiative - MSI,3733000.00
2023,Roads,Infrastructure Delivery,23-22-9702,Rossdale Road Reconstruction (103 Street to Low Level Bridge),Pay-As-You-Go (PAYG),Pay-As-You-Go,179000.00
2023,Roads,Infrastructure Delivery,21-22-9401,Stony Plain Road Rehab - 184 St to 231 St & 231 St to AH Drive,Pay-As-You-Go (PAYG),Pay-As-You-Go,84000.00
2023,Roads,Infrastructure Delivery,19-20-5001,Streetscape Improvements (97 St: Jasper Ave to 102 Ave),Community Revitalization Levy,Debt CRL Downtown,9000.00
2023,Roads,Infrastructure Delivery,19-20-5001,Streetscape Improvements (97 St: Jasper Ave to 102 Ave),Community Revitalization Levy,Debt CRL Quarters,9000.00
2023,Roads,Infrastructure Delivery,19-22-9006,Terwillegar Drive Expressway Upgrades - Alternate Staging,Grants,Munc Sustain. Initiative - MSI,1437000.00
2023,Roads,Infrastructure Delivery,19-22-9006,Terwillegar Drive Expressway Upgrades - Alternate Staging,Grants,Provincial Grant,17977000.00
2023,Roads,Infrastructure Delivery,19-22-9006,Terwillegar Drive Expressway Upgrades - Alternate Staging,Pay-As-You-Go (PAYG),Pay-As-You-Go,841000.00
2023,Roads,Infrastructure Delivery,19-22-9006,Terwillegar Drive Expressway Upgrades - Alternate Staging,Tax-Supported Debt,Tax-Supported Debt,31732000.00
2023,Roads,Infrastructure Delivery,12-66-1466,Walterdale Bridge,Pay-As-You-Go (PAYG),Pay-As-You-Go,6000.00
2023,Roads,Infrastructure Delivery,24-24-9423,Wellington Bridge Replacement,Grants,Munc Sustain. Initiative - MSI,1027000.00
2023,Roads,Infrastructure Delivery,24-24-9423,Wellington Bridge Replacement,Pay-As-You-Go (PAYG),Pay-As-You-Go,38000.00
2023,Roads,Infrastructure Delivery,23-22-9705,Whitemud Drive: E/Anthony Henday Dr. - W/Anthony Henday Dr.,Grants,Munc Sustain. Initiative - MSI,4734000.00
2023,Roads,Infrastructure Delivery,23-22-9705,Whitemud Drive: E/Anthony Henday Dr. - W/Anthony Henday Dr.,Pay-As-You-Go (PAYG),Pay-As-You-Go,314000.00
2023,Roads,Infrastructure Delivery,20-20-9201,Yellowhead Trail - 123 Avenue: 156 Street to 142 Street,Grants,Federal Bldg Canada Fund,-2300000.00
2023,Roads,Infrastructure Delivery,20-20-9201,Yellowhead Trail - 123 Avenue: 156 Street to 142 Street,Grants,Provincial BCF - matching,1787000.00
2023,Roads,Infrastructure Delivery,20-20-9201,Yellowhead Trail - 123 Avenue: 156 Street to 142 Street,Tax-Supported Debt,Tax-Supported Debt,513000.00
2023,Roads,Infrastructure Delivery,21-24-9300,Yellowhead Trail - Noise Attenuation System (97 Street -Fort Rd),Grants,Munc Sustain. Initiative - MSI,1659000.00
2023,Roads,Infrastructure Delivery,21-24-9300,Yellowhead Trail - Noise Attenuation System (97 Street -Fort Rd),Pay-As-You-Go (PAYG),Pay-As-You-Go,473000.00
2023,Roads,Infrastructure Delivery,21-24-9300,Yellowhead Trail - Noise Attenuation System (97 Street -Fort Rd),Tax-Supported Debt,Tax-Supported Debt,721000.00
2023,Roads,Infrastructure Delivery,20-20-9202,Yellowhead Trail East Widening (61 St to North Saskatchewan River,Grants,Federal Bldg Canada Fund,2965000.00
2023,Roads,Infrastructure Delivery,20-20-9202,Yellowhead Trail East Widening (61 St to North Saskatchewan River,Grants,Provincial BCF - matching,8581000.00
2023,Roads,Infrastructure Delivery,20-20-9202,Yellowhead Trail East Widening (61 St to North Saskatchewan River,Tax-Supported Debt,Tax-Supported Debt,-11140000.00
2023,Roads,Infrastructure Delivery,CM-99-0060,Yellowhead Trail Freeway Conversion: Project Development,Developer / Partner Financing,Developer Financing,-558000.00
2023,Roads,Infrastructure Delivery,CM-99-0060,Yellowhead Trail Freeway Conversion: Project Development,Grants,Federal Bldg Canada Fund,-2187000.00
2023,Roads,Infrastructure Delivery,CM-99-0060,Yellowhead Trail Freeway Conversion: Project Development,Grants,Provincial BCF - matching,6514000.00
2023,Roads,Infrastructure Delivery,CM-99-0060,Yellowhead Trail Freeway Conversion: Project Development,Tax-Supported Debt,Tax-Supported Debt,-79572000.00
2023,Roads,Infrastructure Delivery,24-22-9706,Yellowhead Trail Rehabilitation: 107 Street to Fort Road,Grants,Munc Sustain. Initiative - MSI,1300000.00
2023,Roads,Infrastructure Delivery,24-22-9706,Yellowhead Trail Rehabilitation: 107 Street to Fort Road,Pay-As-You-Go (PAYG),Pay-As-You-Go,58000.00
2023,Roads,Infrastructure Planning and Design,CM-20-0330,Active Transportation Implementation Acceleration - Approach 3,Tax-Supported Debt,Tax-Supported Debt,807000.00
2023,Roads,Infrastructure Planning and Design,CM-66-2000,ARP Arterial Renewal - Composite,Pay-As-You-Go (PAYG),Pay-As-You-Go,14000.00
2023,Roads,Infrastructure Planning and Design,CM-66-2400,Bridge Rehabilitation,Pay-As-You-Go (PAYG),Pay-As-You-Go,-48000.00
2023,Roads,Infrastructure Planning and Design,CM-50-5050,CRL Projects - Planning and Design,Community Revitalization Levy,Debt CRL Downtown,-1470000.00
2023,Roads,Infrastructure Planning and Design,CM-50-5050,CRL Projects - Planning and Design,Pay-As-You-Go (PAYG),Pay-As-You-Go,-107000.00
2023,Roads,Infrastructure Planning and Design,23-24-0300,High Level Bridge Rehabilitation,Tax-Supported Debt,Tax-Supported Debt,2254000.00
2023,Roads,Infrastructure Planning and Design,CM-20-3100,Missing and Enhanced Sidewalk Connections,Tax-Supported Debt,Tax-Supported Debt,1366000.00
2023,Roads,Infrastructure Planning and Design,CM-29-0000,Transportation - Minor Renewal Program,Reserves,Neighborhood Renewal Reserve,4120000.00
2023,Roads,Infrastructure Planning and Design,CM-24-0000,Transportation: Bridges & Auxiliary Structures - Renewal,Grants,Munc Sustain. Initiative - MSI,3541000.00
2023,Roads,Infrastructure Planning and Design,CM-24-0000,Transportation: Bridges & Auxiliary Structures - Renewal,Pay-As-You-Go (PAYG),Pay-As-You-Go,-456000.00
2023,Roads,Infrastructure Planning and Design,CM-22-0000,Transportation: Goods Movement - Arterial Renewal,Grants,Munc Sustain. Initiative - MSI,5304000.00
2023,Roads,Infrastructure Planning and Design,CM-22-0000,Transportation: Goods Movement - Arterial Renewal,Pay-As-You-Go (PAYG),Pay-As-You-Go,392000.00
2023,Roads,Infrastructure Planning and Design,CM-20-2020,Transportation: Planning and Design - Growth,Grants,Federal - Active Transportation Fund,50000.00
2023,Roads,Infrastructure Planning and Design,CM-20-2020,Transportation: Planning and Design - Growth,Pay-As-You-Go (PAYG),Pay-As-You-Go,116000.00
2023,Roads,Infrastructure Planning and Design,CM-26-0000,Transportation: Traffic Systems - Renewal,Grants,Munc Sustain. Initiative - MSI,1500000.00
2023,Roads,Infrastructure Planning and Design,CM-26-0000,Transportation: Traffic Systems - Renewal,Pay-As-You-Go (PAYG),Pay-As-You-Go,310000.00
2023,Roads,LRT Expansion and Renewal,21-50-9100,103A Avenue Pedway,Community Revitalization Levy,Debt CRL Downtown,1259000.00
2023,Roads,Parks and Roads Services,CM-66-2566,LED Streetlight Conversion,Tax-Supported Debt,Tax-Supported Debt,2535000.00
2023,Roads,Parks and Roads Services,14-66-2570,Parking Control Technology,Other Misc Financing,Other,70000.00
2023,Roads,Parks and Roads Services,CM-66-2194,Regulated Safety Upgrades at Railway Crossings,Reserves,Traffic Safety Automated Enfmt Resrv,215000.00
2023,Roads,Parks and Roads Services,CM-66-2590,School Safety,Reserves,Traffic Safety Automated Enfmt Resrv,98000.00
2023,Roads,Parks and Roads Services,CM-66-2580,Speed Limit Reduction,Reserves,Traffic Safety Automated Enfmt Resrv,9000.00
2023,Roads,Parks and Roads Services,CM-66-2525,Traffic Signals - Developer and ARA Funded,Developer / Partner Financing,Developer ARA,-165000.00
2023,Roads,Parks and Roads Services,CM-66-2525,Traffic Signals - Developer and ARA Funded,Developer / Partner Financing,Developer Financing,2934000.00
2023,Utilities,Blatchford Redevelopment Project,20-83-9001,Downtown District Energy Initiative,Pay-As-You-Go (PAYG),Pay-As-You-Go,1665000.00
2023,Utilities,Blatchford Redevelopment Project,20-83-9001,Downtown District Energy Initiative,Reserves,Financial Stabilization Resrv.,93000.00
2023,Utilities,Capital City Downtown CRL,23-74-4105,104 Street Drainage Servicing,Community Revitalization Levy,Debt CRL Downtown,2968000.00
2023,Utilities,Capital City Downtown CRL,23-74-4105,104 Street Drainage Servicing,Local Improvements,Local Improvements Property Share,1367000.00
2023,Utilities,Infrastructure Delivery,22-83-8384,Blatchford District Energy Sharing System - Energy Transfer St,Developer / Partner Financing,Partnership Funding,70000.00
2023,Utilities,Infrastructure Delivery,18-33-2033,Groundwater Diversion System Replacement,Self-Liquidating Debentures,Self-Liquidating Debentures,95000.00
2023,Utilities,Infrastructure Delivery,13-33-2023,High Solids Anaerobic Digestion Facility,Developer / Partner Financing,Partnership Funding,1000000.00
2023,Utilities,Infrastructure Delivery,13-33-2023,High Solids Anaerobic Digestion Facility,Retained Earnings,Waste Mgt Retained Earnings,-1867000.00
2023,Utilities,Infrastructure Delivery,20-81-2052,Refuse Derived Fuel Facility Enhancements,Retained Earnings,Waste Mgt Retained Earnings,1000.00
2023,Utilities,Infrastructure Delivery,CM-81-2045,Waste Services IIS Infrastructure Delivery,Retained Earnings,Waste Mgt Retained Earnings,4893000.00
2023,Utilities,Infrastructure Planning and Design,23-81-3060,Organics Screening and Mixing System,Retained Earnings,Waste Mgt Retained Earnings,22000.00
2023,Utilities,Infrastructure Planning and Design,CM-81-0005,Waste Services IIS Infrastructure Planning and Design,Retained Earnings,Waste Mgt Retained Earnings,771000.00
2023,Utilities,Renewable Energy Systems,CM-83-8383,Blatchford Renewable Energy Utility P&D - Growth,Grants,NRCan SREPs Grant - Fed,5000.00
2023,Utilities,Renewable Energy Systems,CM-83-8383,Blatchford Renewable Energy Utility P&D - Growth,Tax-Supported Debt,Self Supporting-Tax Guaranteed,76000.00
2023,Utilities,Renewable Energy Systems,21-83-8384,Distribution Piping System,Grants,NRCan SREPs Grant - Fed,1213000.00
2023,Utilities,Renewable Energy Systems,21-83-8384,Distribution Piping System,Tax-Supported Debt,Self Supporting-Tax Guaranteed,5029000.00
2023,Utilities,Waste Services,19-81-2050,Alberta Clean Energy Technology Accelerator (ACETA),Grants,Other Grants - Provincial,19000.00
2023,Utilities,Waste Services,20-81-2020,Materials Recovery Facility (MRF) Renewal,Retained Earnings,Waste Mgt Retained Earnings,3591000.00
2023,Utilities,Waste Services,23-81-2054,Three-stream Communal Collection,Retained Earnings,Waste Mgt Retained Earnings,1787000.00
2023,Utilities,Waste Services,CM-81-2005,Waste Containers,Retained Earnings,Waste Mgt Retained Earnings,1788000.00
2023,Utilities,Waste Services,CM-81-2047,"Waste Services Facilities, Infrastructure and Process Equipment",Retained Earnings,Waste Mgt Retained Earnings,4220000.00
2023,Utilities,Waste Services,CM-81-2048,Waste Services Fleet Assets,Retained Earnings,Waste Mgt Retained Earnings,13097000.00
2023,Yellowhead Trail Freeway Conversion,Infrastructure Delivery,21-20-9301,Yellowhead Trail - 156 Street to St Albert Trail,Grants,Federal Bldg Canada Fund,17822000.00
2023,Yellowhead Trail Freeway Conversion,Infrastructure Delivery,21-20-9301,Yellowhead Trail - 156 Street to St Albert Trail,Grants,Provincial BCF - matching,32482000.00
2023,Yellowhead Trail Freeway Conversion,Infrastructure Delivery,21-20-9301,Yellowhead Trail - 156 Street to St Albert Trail,Tax-Supported Debt,Tax-Supported Debt,8931000.00
2023,Yellowhead Trail Freeway Conversion,Infrastructure Delivery,21-20-9302,Yellowhead Trail - Fort Road Widening,Grants,Federal Bldg Canada Fund,10269000.00
2023,Yellowhead Trail Freeway Conversion,Infrastructure Delivery,21-20-9302,Yellowhead Trail - Fort Road Widening,Grants,Provincial BCF - matching,29693000.00
2023,Yellowhead Trail Freeway Conversion,Infrastructure Delivery,21-20-9302,Yellowhead Trail - Fort Road Widening,Tax-Supported Debt,Tax-Supported Debt,-5017000.00
2023,Yellowhead Trail Freeway Conversion,Infrastructure Delivery,24-20-9350,Yellowhead Trail - St Albert Trail to 97 Street,Developer / Partner Financing,Developer Financing,558000.00
2023,Yellowhead Trail Freeway Conversion,Infrastructure Delivery,24-20-9350,Yellowhead Trail - St Albert Trail to 97 Street,Grants,Federal Bldg Canada Fund,8043000.00
2023,Yellowhead Trail Freeway Conversion,Infrastructure Delivery,24-20-9350,Yellowhead Trail - St Albert Trail to 97 Street,Grants,Provincial BCF - matching,9635000.00
2023,Yellowhead Trail Freeway Conversion,Infrastructure Delivery,24-20-9350,Yellowhead Trail - St Albert Trail to 97 Street,Tax-Supported Debt,Tax-Supported Debt,88026000.00
2023,Yellowhead Trail Freeway Conversion,Infrastructure Delivery,CM-99-9600,Yellowhead Trail Freeway Conversion: Project Delivery,Grants,Federal Bldg Canada Fund,440000.00
2023,Yellowhead Trail Freeway Conversion,Infrastructure Delivery,CM-99-9600,Yellowhead Trail Freeway Conversion: Project Delivery,Grants,Provincial BCF - matching,4476000.00
2023,Yellowhead Trail Freeway Conversion,Infrastructure Delivery,CM-99-9600,Yellowhead Trail Freeway Conversion: Project Delivery,Tax-Supported Debt,Tax-Supported Debt,-4886000.00
2024,Blatchford Redevelopment,Blatchford Redevelopment Office,CM-83-0001,District Energy Network Strategy and District Energy Nodes,Tax-Supported Debt,Tax-Supported Debt,820000.00
2024,Blatchford Redevelopment,Blatchford Redevelopment Project,17-02-2107,Blatchford District Energy System [DES],Grants,NRCan SREPs Grant - Fed,152000.00
2024,Blatchford Redevelopment,Blatchford Redevelopment Project,17-02-2107,Blatchford District Energy System [DES],Tax-Supported Debt,Self Supporting-Tax Guaranteed,488000.00
2024,Blatchford Redevelopment,Blatchford Redevelopment Project,14-02-2106,Blatchford Redevelopment Implementation,Retained Earnings,Blatchford Lands Retained Earnings,27650000.00
2024,Building Renewal,Infrastructure Delivery,17-99-2001,Century Place Base Bldg Rehab & Tenant Improvements,Pay-As-You-Go (PAYG),Pay-As-You-Go,45000.00
2024,Building Renewal,Infrastructure Delivery,15-75-0106,Davies Site Richard Paterson Garage Building Rehabilitation,Pay-As-You-Go (PAYG),Pay-As-You-Go,72000.00
2024,Building Renewal,Infrastructure Delivery,15-99-3030,Shaw Conference Centre Renewal,Pay-As-You-Go (PAYG),Pay-As-You-Go,12000.00
2024,Building Renewal,Infrastructure Planning and Design,CM-10-0001,Climate Resilient City Facility Upgrades,Tax-Supported Debt,Tax-Supported Debt,29000.00
2024,Building Renewal,Infrastructure Planning and Design,CM-19-0000,Facilities - Minor Renewal Program,Grants,Local Government Fiscal Framework,2398000.00
2024,Building Renewal,Infrastructure Planning and Design,CM-19-0000,Facilities - Minor Renewal Program,Pay-As-You-Go (PAYG),Pay-As-You-Go,1129000.00
2024,Building Renewal,Infrastructure Planning and Design,CM-19-0000,Facilities - Minor Renewal Program,Reserves,City's St. Francis Xavier Reserve,507000.00
2024,Building Renewal,Infrastructure Planning and Design,CM-12-0000,Facility: Service Delivery - Renewal,Grants,Local Government Fiscal Framework,2294000.00
2024,Building Renewal,Infrastructure Planning and Design,CM-12-0000,Facility: Service Delivery - Renewal,Grants,Munc Sustain. Initiative - MSI,-160000.00
2024,Building Renewal,Infrastructure Planning and Design,CM-12-0000,Facility: Service Delivery - Renewal,Grants,Other Grants - Federal,44000.00
2024,Building Renewal,Infrastructure Planning and Design,CM-12-0000,Facility: Service Delivery - Renewal,Pay-As-You-Go (PAYG),Pay-As-You-Go,3163000.00
2024,Building Renewal,Infrastructure Planning and Design,CM-13-0000,Facility: Service Support - Renewal,Grants,Local Government Fiscal Framework,1364000.00
2024,Building Renewal,Infrastructure Planning and Design,CM-13-0000,Facility: Service Support - Renewal,Pay-As-You-Go (PAYG),Pay-As-You-Go,253000.00
2024,Building Renewal,Infrastructure Planning and Design,CM-10-1012,On-Site Microgeneration Solar Photovoltaics,Tax-Supported Debt,Tax-Supported Debt,1140000.00
2024,Corporate Support,Development Services,CM-17-2040,Urban Planning & Economy Service Transformation,Reserves,Planning and Development Reserve,1368000.00
2024,Corporate Support,Fleet and Facility Services,CM-17-2000,Emissions Neutral City Fleet and Equipment,Pay-As-You-Go (PAYG),Pay-As-You-Go,809000.00
2024,Corporate Support,Fleet and Facility Services,CM-25-3002,"Fleet Fluid Storage, Dispensing and Disposal Systems",Pay-As-You-Go (PAYG),Pay-As-You-Go,133000.00
2024,Corporate Support,Fleet and Facility Services,3004-12-25T00:00:00.000,Fleet Underground Oil Tanks Replacement,Pay-As-You-Go (PAYG),Pay-As-You-Go,4000.00
2024,Corporate Support,Fleet and Facility Services,CM-25-3005,Tools & Shop Equipment Program,Pay-As-You-Go (PAYG),Pay-As-You-Go,201000.00
2024,Corporate Support,Fleet and Facility Services,CM-25-1001,Vehicle and Equipment Replacement,Pay-As-You-Go (PAYG),Pay-As-You-Go,395000.00
2024,Corporate Support,Fleet and Facility Services,CM-25-1001,Vehicle and Equipment Replacement,Reserves,Fleet Services Replacement Rsv,20733000.00
2024,Corporate Support,Fleet and Facility Services,CM-25-1001,Vehicle and Equipment Replacement,Reserves,Vehicle for Hire,439000.00
2024,Corporate Support,Fleet and Facility Services,CM-25-3003,Vehicle and Equipment Service Lift Program,Pay-As-You-Go (PAYG),Pay-As-You-Go,212000.00
2024,Corporate Support,Infrastructure Delivery,24-10-9411,Kathleen Andrews Transit Garage Solar PV & Battery Projects,Tax-Supported Debt,Tax-Supported Debt,921000.00
2024,Corporate Support,Infrastructure Planning and Design,19-10-1013,Ambleside Integrated Site - Phase 1,Pay-As-You-Go (PAYG),Pay-As-You-Go,955000.00
2024,Corporate Support,Infrastructure Planning and Design,19-10-1013,Ambleside Integrated Site - Phase 1,Tax-Supported Debt,Tax-Supported Debt,13042000.00
2024,Corporate Support,Infrastructure Planning and Design,CM-10-1010,Facility: Planning and Design - Growth,Pay-As-You-Go (PAYG),Pay-As-You-Go,1265000.00
2024,Corporate Support,Infrastructure Planning and Design,CM-99-9000,Infrastructure Delivery - Growth,Developer / Partner Financing,Partnership Funding,79000.00
2024,Corporate Support,Infrastructure Planning and Design,CM-99-9000,Infrastructure Delivery - Growth,Pay-As-You-Go (PAYG),Pay-As-You-Go,1099000.00
2024,Corporate Support,Infrastructure Planning and Design,CM-99-0001,"Infrastructure, Planning and Design - Composite Growth",Pay-As-You-Go (PAYG),Pay-As-You-Go,-732000.00
2024,Corporate Support,Open City and Technology,19-18-1901,Information Security and Disaster Recovery Enhancements,Pay-As-You-Go (PAYG),Pay-As-You-Go,601000.00
2024,Corporate Support,Open City and Technology,19-51-1904,Next Generation 9-1-1 (NG911) IP Call Handling,Pay-As-You-Go (PAYG),Pay-As-You-Go,888000.00
2024,Corporate Support,Open City and Technology,24-18-1000,OCT Cybersecurity Project,Pay-As-You-Go (PAYG),Pay-As-You-Go,2305000.00
2024,Corporate Support,Open City and Technology,19-18-1903,Recreation and Attractions Management (RAMS) Program,Pay-As-You-Go (PAYG),Pay-As-You-Go,1000.00
2024,Corporate Support,Open City and Technology,23-51-1905,Taxation Assessment Collections System (TACS) Transformation,Pay-As-You-Go (PAYG),Pay-As-You-Go,492000.00
2024,Corporate Support,Open City and Technology,CM-18-1510,Technology Applications - Renewal,Pay-As-You-Go (PAYG),Pay-As-You-Go,1447000.00
2024,Corporate Support,Open City and Technology,CM-18-1514,Technology Implementation - Growth,Pay-As-You-Go (PAYG),Pay-As-You-Go,1249000.00
2024,Corporate Support,Open City and Technology,CM-18-1515,Technology Infrastructure - Renewal,Pay-As-You-Go (PAYG),Pay-As-You-Go,5739000.00
2024,Corporate Support,Open City and Technology,CM-18-1515,Technology Infrastructure - Renewal,Reserves,LRT Reserve,74000.00
2024,Corporate Support,Parks and Roads Services,CM-33-3001,Commemorative Programs,Developer / Partner Financing,Partnership Funding,118000.00
2024,Corporate Support,Parks and Roads Services,CM-33-3001,Commemorative Programs,Pay-As-You-Go (PAYG),Pay-As-You-Go,50000.00
2024,Corporate Support,Parks and Roads Services,CM-66-0013,Parks and Roads Services - Equipment Renewal,Pay-As-You-Go (PAYG),Pay-As-You-Go,710000.00
2024,Corporate Support,Service Innovation and Performance,CM-50-0010,Business Intelligence and Analytics - Capital Renewal,Pay-As-You-Go (PAYG),Pay-As-You-Go,946000.00
2024,Economic Development,Capital City Downtown CRL,CM-74-4100,Downtown Community Revitalization Levies Delivery,Community Revitalization Levy,Debt CRL Downtown,542000.00
2024,Economic Development,Capital City Downtown CRL,15-74-4109,Future Phase Green and Walkable - Other Streets,Community Revitalization Levy,Debt CRL Downtown,-37000.00
2024,Economic Development,Capital City Downtown CRL,15-74-4104,Warehouse Campus Neighbourhood Central Park Land Acquisition,Community Revitalization Levy,Debt CRL Downtown,65000.00
2024,Economic Development,Financial Services,11-17-0099,Edmonton Arena,Developer / Partner Financing,Partnership Funding,117000.00
2024,Economic Development,Financial Services,11-17-0099,Edmonton Arena,Reserves,Financial Stabilization Resrv.,117000.00
2024,Economic Development,Infrastructure Delivery,21-12-0320,Edmonton Convention Centre Rehabilitation,Grants,Local Government Fiscal Framework,6675000.00
2024,Economic Development,Infrastructure Delivery,21-12-0320,Edmonton Convention Centre Rehabilitation,Pay-As-You-Go (PAYG),Pay-As-You-Go,268000.00
2024,Economic Development,Infrastructure Delivery,23-10-9316,Edmonton Exhibition Lands Racetrack Infield Improvements,Pay-As-You-Go (PAYG),Pay-As-You-Go,17000.00
2024,Economic Development,Infrastructure Planning and Design,19-17-0601,River Crossing/West Rossdale Redevelopment,Retained Earnings,Land Fund Retained Earnings,551000.00
2024,Economic Development,Planning and Environment Services,15-17-3117,TOD Stadium Station Plan Street Network,Pay-As-You-Go (PAYG),Pay-As-You-Go,147000.00
2024,Economic Development,The Quarters Downtown CRL,15-74-4031,The Quarters Downtown - Phase II,Community Revitalization Levy,Debt CRL Quarters,25000.00
2024,Economic Development,The Quarters Downtown CRL,15-74-4031,The Quarters Downtown - Phase II,Other Misc Financing,Other,2000.00
2024,Housing,Infrastructure Delivery,24-10-9412,Canora Supportive Housing,Reserves,Financial Stabilization Resrv.,4946000.00
2024,Housing,Infrastructure Delivery,24-10-9413,Garneau Supportive Housing,Pay-As-You-Go (PAYG),Pay-As-You-Go,2805000.00
2024,Housing,Infrastructure Delivery,24-10-9413,Garneau Supportive Housing,Reserves,Financial Stabilization Resrv.,241000.00
2024,Housing,Infrastructure Delivery,23-10-9318,Holyrood Supportive Housing,Grants,Other Grants - Provincial,3994000.00
2024,Housing,Infrastructure Delivery,23-10-9318,Holyrood Supportive Housing,Grants,Rapid Housing Initiative (Federal),9178000.00
2024,Housing,Infrastructure Delivery,23-10-9318,Holyrood Supportive Housing,Reserves,Financial Stabilization Resrv.,4687000.00
2024,Housing,Infrastructure Delivery,21-10-9001,Inglewood Supportive Housing,Pay-As-You-Go (PAYG),Pay-As-You-Go,7000.00
2024,Housing,Infrastructure Delivery,21-10-9007,King Edward Park Supportive Housing,Pay-As-You-Go (PAYG),Pay-As-You-Go,2000.00
2024,Housing,Social Development,19-90-4100,Affordable Housing Land Acquisition & Site Development,Pay-As-You-Go (PAYG),Pay-As-You-Go,-3131000.00
2024,Housing,Social Development,CM-90-1000,Housing Accelerator Fund Initiatives and Related Projects,Grants,Housing Accelerator Fund,254000.00
2024,Land,Real Estate,CM-17-5046,Edmonton Exhibition Lands,Pay-As-You-Go (PAYG),Pay-As-You-Go (non-TCA),242000.00
2024,Land,Real Estate,CM-17-5046,Edmonton Exhibition Lands,Retained Earnings,Land Fund Retained Earnings,584000.00
2024,Land,Real Estate,19-16-5055,Heritage Valley Land Development,Retained Earnings,Land Fund Retained Earnings,7620000.00
2024,Land,Real Estate,CM-16-2010,Industrial-Commercial-Investment Land Development,Retained Earnings,Land Fund Retained Earnings,-200000.00
2024,Land,Real Estate,CM-16-5110,Real Estate Investment Purchase,Retained Earnings,Land Fund Retained Earnings,-8000.00
2024,Land,Real Estate,CM-17-5120,Real Estate Transportation Legacy Land Acquisition,Retained Earnings,Land Fund Retained Earnings,68000.00
2024,Land,Real Estate,CM-16-2020,Residential/Mixed-Use Land Development,Retained Earnings,Land Fund Retained Earnings,9666000.00
2024,Land,Real Estate,CM-16-2025,Residential/Mixed-Use Land Development Acquisition,Retained Earnings,Land Fund Retained Earnings,403000.00
2024,Land,Real Estate,CM-17-5047,River Crossing Redevelopment,Retained Earnings,Land Fund Retained Earnings,58000.00
2024,Land,Real Estate,CM-17-5045,Transforming Surplus City Lands,Retained Earnings,Land Fund Retained Earnings,1972000.00
2024,LRT Expansion,Edmonton Transit Service,CM-66-3300,LRT Signals and Electrification Renewal,Grants,Canada's Rail Safety Improvement Program (RSIP),23000.00
2024,LRT Expansion,Edmonton Transit Service,CM-66-3300,LRT Signals and Electrification Renewal,Pay-As-You-Go (PAYG),Pay-As-You-Go,818000.00
2024,LRT Expansion,Edmonton Transit Service,CM-66-3400,LRV Fleet & Equipment Renewal,Pay-As-You-Go (PAYG),Pay-As-You-Go,2002000.00
2024,LRT Expansion,Edmonton Transit Service,CM-61-3235,Transit Facility and ROW Renewal,Pay-As-You-Go (PAYG),Pay-As-You-Go,154000.00
2024,LRT Expansion,LRT Expansion and Renewal,24-21-9130,129 Avenue Crossing Widening,Grants,Canada's Rail Safety Improvement Program (RSIP),67000.00
2024,LRT Expansion,LRT Expansion and Renewal,24-21-9130,129 Avenue Crossing Widening,Grants,Local Government Fiscal Framework,25000.00
2024,LRT Expansion,LRT Expansion and Renewal,24-21-9130,129 Avenue Crossing Widening,Pay-As-You-Go (PAYG),Pay-As-You-Go,29000.00
2024,LRT Expansion,LRT Expansion and Renewal,21-21-9110,129 Avenue Special Trackworks (Crossover),Pay-As-You-Go (PAYG),Pay-As-You-Go,2200000.00
2024,LRT Expansion,LRT Expansion and Renewal,16-66-7018,Capital Line South LRT: Century Park to Ellersie Road,Grants,Federal - Investing in Canada Infrastructure Prgm (ICIP),47207000.00
2024,LRT Expansion,LRT Expansion and Renewal,16-66-7018,Capital Line South LRT: Century Park to Ellersie Road,Grants,Provincial ICIP - matching,48139000.00
2024,LRT Expansion,LRT Expansion and Renewal,16-66-7018,Capital Line South LRT: Century Park to Ellersie Road,Tax-Supported Debt,Tax-Supported Debt,27662000.00
2024,LRT Expansion,LRT Expansion and Renewal,24-24-9420,Coliseum LRT Bridge (B151) Minor Rehabilitation,Grants,Canada Community-Building Fund (CCBF),665000.00
2024,LRT Expansion,LRT Expansion and Renewal,24-24-9420,Coliseum LRT Bridge (B151) Minor Rehabilitation,Pay-As-You-Go (PAYG),Pay-As-You-Go,70000.00
2024,LRT Expansion,LRT Expansion and Renewal,21-21-9120,Government Centre LRT Station Electrical System Replacement,Pay-As-You-Go (PAYG),Pay-As-You-Go,109000.00
2024,LRT Expansion,LRT Expansion and Renewal,16-66-7020,LRT Prelim Design: Metro Line: Blatchford to Campbell Rd,Tax-Supported Debt,Tax-Supported Debt,1484000.00
2024,LRT Expansion,LRT Expansion and Renewal,16-66-7013,Metro Line LRT (NAIT - Blatchford) Extension,Grants,Federal - Investing in Canada Infrastructure Prgm (ICIP),5040000.00
2024,LRT Expansion,LRT Expansion and Renewal,16-66-7013,Metro Line LRT (NAIT - Blatchford) Extension,Grants,Provincial ICIP - matching,5081000.00
2024,LRT Expansion,LRT Expansion and Renewal,16-66-7013,Metro Line LRT (NAIT - Blatchford) Extension,Pay-As-You-Go (PAYG),Pay-As-You-Go,402000.00
2024,LRT Expansion,LRT Expansion and Renewal,16-66-7013,Metro Line LRT (NAIT - Blatchford) Extension,Tax-Supported Debt,Tax-Supported Debt,2861000.00
2024,LRT Expansion,LRT Expansion and Renewal,19-10-1011,Stadium LRT Station Upgrade,Pay-As-You-Go (PAYG),Pay-As-You-Go,320000.00
2024,LRT Expansion,LRT Expansion and Renewal,19-10-1011,Stadium LRT Station Upgrade,Tax-Supported Debt,Tax-Supported Debt,14000.00
2024,LRT Expansion,LRT Expansion and Renewal,11-66-1673,Valley Line LRT,Pay-As-You-Go (PAYG),Pay-As-You-Go,44000.00
2024,LRT Expansion,LRT Expansion and Renewal,11-66-1673,Valley Line LRT,Tax-Supported Debt,Tax-Supported Debt,21640000.00
2024,LRT Expansion,LRT Expansion and Renewal,16-66-7017,Valley Line LRT: Downtown to Lewis Farms,Grants,Federal - Investing in Canada Infrastructure Prgm (ICIP),156786000.00
2024,LRT Expansion,LRT Expansion and Renewal,16-66-7017,Valley Line LRT: Downtown to Lewis Farms,Grants,Provincial ICIP - matching,158171000.00
2024,LRT Expansion,LRT Expansion and Renewal,16-66-7017,Valley Line LRT: Downtown to Lewis Farms,Pay-As-You-Go (PAYG),Pay-As-You-Go,10000.00
2024,LRT Expansion,LRT Expansion and Renewal,16-66-7017,Valley Line LRT: Downtown to Lewis Farms,Tax-Supported Debt,Tax-Supported Debt,87045000.00
2024,Neighbourhoods,Building Great Neighbourhoods,23-40-9043,132 Avenue: Fort Road to 97 Street Reconstruction,Pay-As-You-Go (PAYG),Pay-As-You-Go,600000.00
2024,Neighbourhoods,Building Great Neighbourhoods,23-40-9043,132 Avenue: Fort Road to 97 Street Reconstruction,Reserves,Neighborhood Renewal Reserve,7392000.00
2024,Neighbourhoods,Building Great Neighbourhoods,23-40-9044,Allendale Alley Reconstruction,Reserves,Neighborhood Renewal Reserve,3455000.00
2024,Neighbourhoods,Building Great Neighbourhoods,23-40-9031,Baturyn Neighbourhood and Alley Reconstruction,Local Improvements,Local Improvements Property Share,1780000.00
2024,Neighbourhoods,Building Great Neighbourhoods,23-40-9031,Baturyn Neighbourhood and Alley Reconstruction,Pay-As-You-Go (PAYG),Pay-As-You-Go,183000.00
2024,Neighbourhoods,Building Great Neighbourhoods,23-40-9031,Baturyn Neighbourhood and Alley Reconstruction,Reserves,Neighborhood Renewal Reserve,16960000.00
2024,Neighbourhoods,Building Great Neighbourhoods,23-40-9045,Beverly Heights Alley Reconstruction,Reserves,Neighborhood Renewal Reserve,2816000.00
2024,Neighbourhoods,Building Great Neighbourhoods,23-40-9039,Boyle Street Neighborhood Reconstruction,Local Improvements,Local Improvements Property Share,373000.00
2024,Neighbourhoods,Building Great Neighbourhoods,23-40-9039,Boyle Street Neighborhood Reconstruction,Reserves,Neighborhood Renewal Reserve,8633000.00
2024,Neighbourhoods,Building Great Neighbourhoods,25-25-9506,Dunluce Neighbourhood and Alley Renewal,Reserves,Neighborhood Renewal Reserve,3062000.00
2024,Neighbourhoods,Building Great Neighbourhoods,23-40-9040,Gariepy Neighborhood and Alley Reconstruction,Local Improvements,Local Improvements Property Share,781000.00
2024,Neighbourhoods,Building Great Neighbourhoods,23-40-9040,Gariepy Neighborhood and Alley Reconstruction,Pay-As-You-Go (PAYG),Pay-As-You-Go,691000.00
2024,Neighbourhoods,Building Great Neighbourhoods,23-40-9040,Gariepy Neighborhood and Alley Reconstruction,Reserves,Neighborhood Renewal Reserve,9976000.00
2024,Neighbourhoods,Building Great Neighbourhoods,24-40-9048,Glenwood (163 Street West) Neighbourhood and Alley Reconstruction,Reserves,Neighborhood Renewal Reserve,888000.00
2024,Neighbourhoods,Building Great Neighbourhoods,CM-21-5800,Great Neighbourhoods Initiative,Tax-Supported Debt,Tax-Supported Debt,4000.00
2024,Neighbourhoods,Building Great Neighbourhoods,23-40-9041,Hairsine Neighborhood and Alley Reconstruction,Local Improvements,Local Improvements Property Share,260000.00
2024,Neighbourhoods,Building Great Neighbourhoods,23-40-9041,Hairsine Neighborhood and Alley Reconstruction,Reserves,Neighborhood Renewal Reserve,9272000.00
2024,Neighbourhoods,Building Great Neighbourhoods,24-40-9047,Hillview Neighbourhood and Alley Reconstruction,Pay-As-You-Go (PAYG),Pay-As-You-Go,300000.00
2024,Neighbourhoods,Building Great Neighbourhoods,24-40-9047,Hillview Neighbourhood and Alley Reconstruction,Reserves,Neighborhood Renewal Reserve,565000.00
2024,Neighbourhoods,Building Great Neighbourhoods,23-40-9035,Kilkenny Alley Reconstruction,Reserves,Neighborhood Renewal Reserve,4381000.00
2024,Neighbourhoods,Building Great Neighbourhoods,23-40-9032,McCauley Neighbourhood and Alley Reconstruction,Local Improvements,Local Improvements Property Share,987000.00
2024,Neighbourhoods,Building Great Neighbourhoods,23-40-9032,McCauley Neighbourhood and Alley Reconstruction,Pay-As-You-Go (PAYG),Pay-As-You-Go,267000.00
2024,Neighbourhoods,Building Great Neighbourhoods,23-40-9032,McCauley Neighbourhood and Alley Reconstruction,Reserves,Neighborhood Renewal Reserve,24904000.00
2024,Neighbourhoods,Building Great Neighbourhoods,23-40-9042,Meyokumin Neighborhood and Alley Reconstruction,Pay-As-You-Go (PAYG),Pay-As-You-Go,430000.00
2024,Neighbourhoods,Building Great Neighbourhoods,23-40-9042,Meyokumin Neighborhood and Alley Reconstruction,Reserves,Neighborhood Renewal Reserve,4155000.00
2024,Neighbourhoods,Building Great Neighbourhoods,20-40-9021,NARP Recon - King Edward Park Alleys,Reserves,Neighborhood Renewal Reserve,1000.00
2024,Neighbourhoods,Building Great Neighbourhoods,23-30-9323,Northern Lights & South Haven Cemetery Phase 1B,Reserves,Cemetery Reserve,121000.00
2024,Neighbourhoods,Building Great Neighbourhoods,CM-66-4000,NRP NBHD Renewal - Composite,Reserves,Neighborhood Renewal Reserve,48000.00
2024,Neighbourhoods,Building Great Neighbourhoods,19-40-9010,NRP Recon - Alberta Avenue,Reserves,Neighborhood Renewal Reserve,239000.00
2024,Neighbourhoods,Building Great Neighbourhoods,21-66-4036,NRP Recon - Allendale,Reserves,Neighborhood Renewal Reserve,3000.00
2024,Neighbourhoods,Building Great Neighbourhoods,14-66-1083,NRP Recon - Belgravia,Reserves,Neighborhood Renewal Reserve,14000.00
2024,Neighbourhoods,Building Great Neighbourhoods,16-66-4015,NRP Recon - Bellevue,Reserves,Neighborhood Renewal Reserve,1000.00
2024,Neighbourhoods,Building Great Neighbourhoods,21-40-9024,NRP Recon - Calder,Reserves,Neighborhood Renewal Reserve,773000.00
2024,Neighbourhoods,Building Great Neighbourhoods,19-40-9011,NRP Recon - Central McDougall,Reserves,Neighborhood Renewal Reserve,97000.00
2024,Neighbourhoods,Building Great Neighbourhoods,21-40-9025,NRP Recon - Garneau,Reserves,Neighborhood Renewal Reserve,1422000.00
2024,Neighbourhoods,Building Great Neighbourhoods,14-66-1068,NRP Recon - Glenora,Reserves,Neighborhood Renewal Reserve,99000.00
2024,Neighbourhoods,Building Great Neighbourhoods,20-40-9018,NRP Recon - Grandview Heights,Reserves,Neighborhood Renewal Reserve,11000.00
2024,Neighbourhoods,Building Great Neighbourhoods,19-40-9012,NRP Recon - Highlands,Reserves,Neighborhood Renewal Reserve,592000.00
2024,Neighbourhoods,Building Great Neighbourhoods,19-40-9013,NRP Recon - Inglewood,Reserves,Neighborhood Renewal Reserve,215000.00
2024,Neighbourhoods,Building Great Neighbourhoods,21-40-9026,NRP Recon - Malmo Plains,Reserves,Neighborhood Renewal Reserve,117000.00
2024,Neighbourhoods,Building Great Neighbourhoods,15-66-4010,NRP Recon - Montrose,Reserves,Neighborhood Renewal Reserve,-7000.00
2024,Neighbourhoods,Building Great Neighbourhoods,13-66-1052,NRP Recon - Queen Alexandra,Reserves,Neighborhood Renewal Reserve,2000.00
2024,Neighbourhoods,Building Great Neighbourhoods,19-40-9015,NRP Recon - Royal Gardens,Reserves,Neighborhood Renewal Reserve,11000.00
2024,Neighbourhoods,Building Great Neighbourhoods,18-66-4024,NRP Recon - Spruce Avenue,Reserves,Neighborhood Renewal Reserve,9000.00
2024,Neighbourhoods,Building Great Neighbourhoods,19-40-9014,NRP Recon - Strathcona,Reserves,Neighborhood Renewal Reserve,640000.00
2024,Neighbourhoods,Building Great Neighbourhoods,15-66-4013,NRP Recon - Strathearn,Reserves,Neighborhood Renewal Reserve,4000.00
2024,Neighbourhoods,Building Great Neighbourhoods,21-40-9023,NRP/NARP Recon - Beaumaris Neighbourhood and Alleys,Reserves,Neighborhood Renewal Reserve,57000.00
2024,Neighbourhoods,Building Great Neighbourhoods,23-40-9033,Ottewell Neighbourhood Reconstruction,Local Improvements,Local Improvements Property Share,1332000.00
2024,Neighbourhoods,Building Great Neighbourhoods,23-40-9033,Ottewell Neighbourhood Reconstruction,Pay-As-You-Go (PAYG),Pay-As-You-Go,350000.00
2024,Neighbourhoods,Building Great Neighbourhoods,23-40-9033,Ottewell Neighbourhood Reconstruction,Reserves,Neighborhood Renewal Reserve,26450000.00
2024,Neighbourhoods,Building Great Neighbourhoods,24-40-9049,Overlanders and Homesteader Neighbourhoods Reconstruction,Pay-As-You-Go (PAYG),Pay-As-You-Go,310000.00
2024,Neighbourhoods,Building Great Neighbourhoods,24-40-9049,Overlanders and Homesteader Neighbourhoods Reconstruction,Reserves,Neighborhood Renewal Reserve,1035000.00
2024,Neighbourhoods,Building Great Neighbourhoods,23-40-9036,"Pollard Meadows, Daly Grove, Crawford Plains Alley Reconstruction",Reserves,Neighborhood Renewal Reserve,4997000.00
2024,Neighbourhoods,Building Great Neighbourhoods,23-40-9037,Royal Gardens and Rideau Park Alley Reconstruction,Reserves,Neighborhood Renewal Reserve,4870000.00
2024,Neighbourhoods,Building Great Neighbourhoods,23-40-9046,Strathearn Alley Reconstruction,Reserves,Neighborhood Renewal Reserve,2653000.00
2024,Parks,Building Great Neighbourhoods,19-30-1100,Beaumaris Lake Open Space Rehabilitation,Pay-As-You-Go (PAYG),Pay-As-You-Go,2000.00
2024,Parks,Building Great Neighbourhoods,23-30-9322,Beaver Hills House/Michael Phair Parks Upgrades,Community Revitalization Levy,Debt CRL Downtown,2478000.00
2024,Parks,Building Great Neighbourhoods,23-30-9322,Beaver Hills House/Michael Phair Parks Upgrades,Reserves,Neighborhood Renewal Reserve,20000.00
2024,Parks,Building Great Neighbourhoods,21-10-9104,Centennial Plaza Renewal,Community Revitalization Levy,Debt CRL Downtown,1569000.00
2024,Parks,Building Great Neighbourhoods,21-10-9104,Centennial Plaza Renewal,Grants,Canada Community Revitalization Fund (CCRF),530000.00
2024,Parks,Building Great Neighbourhoods,21-10-9104,Centennial Plaza Renewal,Reserves,Corporate Tree Reserve,60000.00
2024,Parks,Building Great Neighbourhoods,21-10-9104,Centennial Plaza Renewal,Tax-Supported Debt,Tax-Supported Debt,500000.00
2024,Parks,Building Great Neighbourhoods,24-32-9430,Clarke Stadium Artificial Turf Renewal,Grants,Local Government Fiscal Framework,2952000.00
2024,Parks,Building Great Neighbourhoods,24-32-9430,Clarke Stadium Artificial Turf Renewal,Pay-As-You-Go (PAYG),Pay-As-You-Go,109000.00
2024,Parks,Building Great Neighbourhoods,21-32-9100,Confederation District Park Renewal,Pay-As-You-Go (PAYG),Pay-As-You-Go,2106000.00
2024,Parks,Building Great Neighbourhoods,21-30-9303,Glengarry District Park Renewal,Pay-As-You-Go (PAYG),Pay-As-You-Go,172000.00
2024,Parks,Building Great Neighbourhoods,18-28-1014,Heritage Valley District Park,Pay-As-You-Go (PAYG),Pay-As-You-Go,373000.00
2024,Parks,Building Great Neighbourhoods,21-30-9304,Keswick East Park Development,Grants,Canada Community-Building Fund (CCBF),19000.00
2024,Parks,Building Great Neighbourhoods,21-30-9304,Keswick East Park Development,Pay-As-You-Go (PAYG),Pay-As-You-Go,9000.00
2024,Parks,Building Great Neighbourhoods,21-30-9305,Keswick West Park Development,Grants,Canada Community-Building Fund (CCBF),15000.00
2024,Parks,Building Great Neighbourhoods,21-30-9305,Keswick West Park Development,Pay-As-You-Go (PAYG),Pay-As-You-Go,6000.00
2024,Parks,Building Great Neighbourhoods,21-30-9301,Kinistinaw Park Phase II,Community Revitalization Levy,Debt CRL Quarters,19000.00
2024,Parks,Building Great Neighbourhoods,CM-36-3636,Neighbourhood Park Development Program - New,Developer / Partner Financing,Developer Financing,96000.00
2024,Parks,Building Great Neighbourhoods,CM-36-3636,Neighbourhood Park Development Program - New,Developer / Partner Financing,Partnership Funding,561000.00
2024,Parks,Building Great Neighbourhoods,CM-36-3636,Neighbourhood Park Development Program - New,Pay-As-You-Go (PAYG),Pay-As-You-Go,610000.00
2024,Parks,Building Great Neighbourhoods,CM-33-0000,Open Space: Open Spaces - Renewal,Pay-As-You-Go (PAYG),Pay-As-You-Go,217000.00
2024,Parks,Building Great Neighbourhoods,CM-38-0000,Open Space: Overland Drainage - Renewal,Pay-As-You-Go (PAYG),Pay-As-You-Go,344000.00
2024,Parks,Building Great Neighbourhoods,CM-32-0000,Open Space: Parks - Renewal,Grants,Local Government Fiscal Framework,2733000.00
2024,Parks,Building Great Neighbourhoods,CM-32-0000,Open Space: Parks - Renewal,Pay-As-You-Go (PAYG),Pay-As-You-Go,959000.00
2024,Parks,Building Great Neighbourhoods,CM-36-0000,Open Space: Partner Renewal (NPDP Renewal),Developer / Partner Financing,Developer Financing,139000.00
2024,Parks,Building Great Neighbourhoods,CM-36-0000,Open Space: Partner Renewal (NPDP Renewal),Developer / Partner Financing,Partnership Funding,435000.00
2024,Parks,Building Great Neighbourhoods,CM-36-0000,Open Space: Partner Renewal (NPDP Renewal),Pay-As-You-Go (PAYG),Pay-As-You-Go,814000.00
2024,Parks,Building Great Neighbourhoods,CM-30-3030,Open Space: Planning and Design - Growth,Pay-As-You-Go (PAYG),Pay-As-You-Go,398000.00
2024,Parks,Building Great Neighbourhoods,CM-31-0000,Open Space: River Valley System - Renewal,Pay-As-You-Go (PAYG),Pay-As-You-Go,1385000.00
2024,Parks,Building Great Neighbourhoods,23-30-9320,Secord South Park Development,Pay-As-You-Go (PAYG),Pay-As-You-Go,1038000.00
2024,Parks,Building Great Neighbourhoods,17-28-1008,Sir Wilfrid Laurier Park,Pay-As-You-Go (PAYG),Pay-As-You-Go,10000.00
2024,Parks,Building Great Neighbourhoods,23-30-9321,Warehouse Park,Community Revitalization Levy,Debt CRL Downtown,7295000.00
2024,Parks,Infrastructure Delivery,15-28-4200,"Ambleside SW District Office, Maintenance Yard & Fuel Site",Pay-As-You-Go (PAYG),Pay-As-You-Go,638000.00
2024,Parks,Infrastructure Delivery,23-10-9317,Kennedale Snow Storage Site Upgrades,Grants,Local Government Fiscal Framework,13118000.00
2024,Parks,Infrastructure Delivery,23-10-9317,Kennedale Snow Storage Site Upgrades,Pay-As-You-Go (PAYG),Pay-As-You-Go,291000.00
2024,Parks,Infrastructure Delivery,21-31-9100,Rundle Park Road and Parking Lot Renewal,Pay-As-You-Go (PAYG),Pay-As-You-Go,644000.00
2024,Parks,Infrastructure Delivery,21-32-9101,William Hawrelak Park Rehabilitation,Pay-As-You-Go (PAYG),Pay-As-You-Go,788000.00
2024,Parks,Infrastructure Delivery,21-32-9101,William Hawrelak Park Rehabilitation,Tax-Supported Debt,Tax-Supported Debt,39602000.00
2024,Parks,Infrastructure Planning and Design,CM-28-7055,Neighbourhood Park Development Program - Renewal,Grants,Other Grants - Federal,84000.00
2024,Parks,Infrastructure Planning and Design,CM-28-7055,Neighbourhood Park Development Program - Renewal,Pay-As-You-Go (PAYG),Pay-As-You-Go,-84000.00
2024,Parks,Infrastructure Planning and Design,CM-39-0000,Open Space - Minor Renewal Program,Pay-As-You-Go (PAYG),Pay-As-You-Go,1664000.00
2024,Parks,Infrastructure Planning and Design,CM-39-0000,Open Space - Minor Renewal Program,Reserves,Cemetery Reserve,50000.00
2024,Parks,Infrastructure Planning and Design,CM-37-0000,Open Space: Contaminated Site Management Program,Pay-As-You-Go (PAYG),Pay-As-You-Go,71000.00
2024,Parks,Infrastructure Planning and Design,CM-34-0000,Open Space: Landslide and Erosion Management Program,Grants,Local Government Fiscal Framework,2508000.00
2024,Parks,Infrastructure Planning and Design,CM-34-0000,Open Space: Landslide and Erosion Management Program,Pay-As-You-Go (PAYG),Pay-As-You-Go,2474000.00
2024,Parks,Parks and Roads Services,CM-66-2701,Parks and Roads - Fleet Optimization,Pay-As-You-Go (PAYG),Pay-As-You-Go,39000.00
2024,Parks,Planning and Environment Services,CM-17-1024,District Park Land Acquisition (FMP Repayment),Reserves,Funds-in-Lieu Reserve,1000000.00
2024,Parks,Planning and Environment Services,CM-17-1022,District Park Land Acquisition (New ASPs),Reserves,Funds-in-Lieu Reserve,1864000.00
2024,Parks,Planning and Environment Services,CM-16-1232,Dry Pond Land Acquisitions,Developer / Partner Financing,EPCOR Contribution,14000.00
2024,Parks,Planning and Environment Services,CM-17-1020,Mature Area Land Acquisition,Pay-As-You-Go (PAYG),Pay-As-You-Go,169000.00
2024,Parks,Planning and Environment Services,CM-17-1020,Mature Area Land Acquisition,Reserves,Funds-in-Lieu Reserve,9000.00
2024,Parks,Planning and Environment Services,12-17-0007,Natural Areas Acquisition & Conservation,Tax-Supported Debt,Tax-Supported Debt,2000.00
2024,Parks,Planning and Environment Services,CM-21-6000,Pedestrian Wayfinding,Pay-As-You-Go (PAYG),Pay-As-You-Go,41000.00
2024,Parks,Planning and Environment Services,CM-17-1001,River Valley Land Acquisition,Pay-As-You-Go (PAYG),Pay-As-You-Go,3845000.00
2024,Parks,Planning and Environment Services,CM-17-1001,River Valley Land Acquisition,Reserves,Parkland Purchase Reserve,7196000.00
2024,Parks,Planning and Environment Services,CM-17-1004,Suburban School and Park Land Acquisition,Reserves,Funds-in-Lieu Reserve,713000.00
2024,Public Safety,Community Standards,CM-21-0012,Community Standards and Neighbourhoods - Equipment Conservation,Pay-As-You-Go (PAYG),Pay-As-You-Go,1075000.00
2024,Public Safety,Fire Rescue Services,CM-70-0001,Fire Rescue Equipment Replacement,Pay-As-You-Go (PAYG),Pay-As-You-Go,2437000.00
2024,Public Safety,Infrastructure Delivery,21-11-9600,EPS-Police Headquarters Rehabilitation,Grants,Local Government Fiscal Framework,6131000.00
2024,Public Safety,Infrastructure Delivery,21-11-9600,EPS-Police Headquarters Rehabilitation,Pay-As-You-Go (PAYG),PAYG Capital Reserve - Police,417000.00
2024,Public Safety,Infrastructure Delivery,24-11-9611,Fire Station 7 (Highlands) Building Rehabilitation,Grants,Local Government Fiscal Framework,2172000.00
2024,Public Safety,Infrastructure Delivery,24-11-9611,Fire Station 7 (Highlands) Building Rehabilitation,Pay-As-You-Go (PAYG),Pay-As-You-Go,174000.00
2024,Public Safety,Infrastructure Delivery,20-10-9003,Fire Station No.19 Rehabilitation,Pay-As-You-Go (PAYG),Pay-As-You-Go,26000.00
2024,Public Safety,Infrastructure Delivery,20-10-9002,Fire Station No.3 Rehabilitation,Pay-As-You-Go (PAYG),Pay-As-You-Go,-254000.00
2024,Public Safety,Infrastructure Delivery,12-70-0020,Pilot Sound Fire Station,Pay-As-You-Go (PAYG),Pay-As-You-Go,-14000.00
2024,Public Safety,Infrastructure Delivery,15-70-0004,Windermere Fire Station,Pay-As-You-Go (PAYG),Pay-As-You-Go,126000.00
2024,Public Safety,Infrastructure Planning and Design,CM-11-0000,Facility: Safety and Security - Renewal,Grants,Local Government Fiscal Framework,197000.00
2024,Public Safety,Infrastructure Planning and Design,CM-11-0000,Facility: Safety and Security - Renewal,Pay-As-You-Go (PAYG),Pay-As-You-Go,388000.00
2024,Public Safety,Infrastructure Planning and Design,CM-11-0000,Facility: Safety and Security - Renewal,Pay-As-You-Go (PAYG),PAYG Capital Reserve - Police,-180000.00
2024,Public Safety,Infrastructure Planning and Design,21-10-9105,Fire Station #8 Relocation - Blatchford,Tax-Supported Debt,Tax-Supported Debt,6255000.00
2024,Public Safety,LRT Expansion and Renewal,16-66-3302,LRT NE Crossings - Safety Improvements,Pay-As-You-Go (PAYG),Pay-As-You-Go,6000.00
2024,Public Safety,Parks and Roads Services,CM-66-2596,Safe and Livable Community Streets,Reserves,Traffic Safety Automated Enfmt Resrv,2990000.00
2024,Public Safety,Parks and Roads Services,CM-66-2585,Safe Crossings,Reserves,Traffic Safety Automated Enfmt Resrv,6712000.00
2024,Public Safety,Police Service,21-60-1747,Automated Fingerprint Identification Sys,Pay-As-You-Go (PAYG),PAYG Capital Reserve - Police,92000.00
2024,Public Safety,Police Service,24-60-1611,Body Worn Video,Pay-As-You-Go (PAYG),Pay-As-You-Go,1748000.00
2024,Public Safety,Police Service,21-60-1472,"CRIMM - CAD-RMS Integration, Modernization and Maximization",Pay-As-You-Go (PAYG),Pay-As-You-Go,1236000.00
2024,Public Safety,Police Service,21-60-1472,"CRIMM - CAD-RMS Integration, Modernization and Maximization",Pay-As-You-Go (PAYG),PAYG Capital Reserve - Police,762000.00
2024,Public Safety,Police Service,21-60-1471,EPS Enterprise Commons,Pay-As-You-Go (PAYG),PAYG Capital Reserve - Police,-277000.00
2024,Public Safety,Police Service,20-60-1620,In-Car Video,Pay-As-You-Go (PAYG),Pay-As-You-Go,58000.00
2024,Public Safety,Police Service,12-60-1376,Northwest Campus,Pay-As-You-Go (PAYG),Pay-As-You-Go,-12815000.00
2024,Public Safety,Police Service,12-60-1376,Northwest Campus,Tax-Supported Debt,Tax-Supported Debt,-2070000.00
2024,Public Safety,Police Service,CM-60-1771,Police Equipment,Developer / Partner Financing,Partnership Funding,54000.00
2024,Public Safety,Police Service,CM-60-1771,Police Equipment,Grants,Guns and Gangs Violence Action Fund - Provincial,895000.00
2024,Public Safety,Police Service,CM-60-1771,Police Equipment,Pay-As-You-Go (PAYG),Pay-As-You-Go,949000.00
2024,Public Safety,Police Service,CM-60-1771,Police Equipment,Pay-As-You-Go (PAYG),PAYG Capital Reserve - Police,1695000.00
2024,Public Safety,Police Service,CM-60-1461,Police IT - Applications Enhancement,Grants,Other Grants - Provincial,348000.00
2024,Public Safety,Police Service,CM-60-1461,Police IT - Applications Enhancement,Pay-As-You-Go (PAYG),Pay-As-You-Go,1071000.00
2024,Public Safety,Police Service,CM-60-1460,Police IT - Applications Sustainment,Pay-As-You-Go (PAYG),Pay-As-You-Go,771000.00
2024,Public Safety,Police Service,CM-60-1433,Police IT - Infrastructure Sustainment,Grants,Provincial E911 Levy Grant,80000.00
2024,Public Safety,Police Service,CM-60-1433,Police IT - Infrastructure Sustainment,Pay-As-You-Go (PAYG),Pay-As-You-Go,5776000.00
2024,Public Safety,Police Service,CM-60-1425,Radio Life Cycle,Grants,Police Recruitment Support Provincial Grant,225000.00
2024,Public Safety,Police Service,CM-60-1425,Radio Life Cycle,Pay-As-You-Go (PAYG),Pay-As-You-Go,7675000.00
2024,Public Safety,Police Service,CM-60-1765,Vehicle Replacements,Grants,Other Grants - Provincial,58000.00
2024,Public Safety,Police Service,CM-60-1765,Vehicle Replacements,Grants,Police Recruitment Support Provincial Grant,671000.00
2024,Public Safety,Police Service,CM-60-1765,Vehicle Replacements,Pay-As-You-Go (PAYG),PAYG Capital Reserve - Police,7979000.00
2024,Public Safety,Police Service,CM-60-1765,Vehicle Replacements,Reserves,Financial Stabilization Resrv.,123000.00
2024,Public Transit,Edmonton Transit Service,21-61-3411,Active Air & Surface Purification Technology for ETS & DATS Fleet,Reserves,Financial Stabilization Resrv.,31000.00
2024,Public Transit,Edmonton Transit Service,CM-61-3609,Bus Equipment Renewal,Pay-As-You-Go (PAYG),Pay-As-You-Go,741000.00
2024,Public Transit,Edmonton Transit Service,CM-66-3600,Bus Fleet & Equipment Rehab & Replacement,Developer / Partner Financing,Partnership Funding,259000.00
2024,Public Transit,Edmonton Transit Service,CM-66-3600,Bus Fleet & Equipment Rehab & Replacement,Grants,Canada Community-Building Fund (CCBF),1540000.00
2024,Public Transit,Edmonton Transit Service,CM-66-3600,Bus Fleet & Equipment Rehab & Replacement,Grants,Local Government Fiscal Framework,11430000.00
2024,Public Transit,Edmonton Transit Service,CM-66-3600,Bus Fleet & Equipment Rehab & Replacement,Pay-As-You-Go (PAYG),Pay-As-You-Go,2412000.00
2024,Public Transit,Edmonton Transit Service,24-61-3623,Growth Buses,Pay-As-You-Go (PAYG),Pay-As-You-Go,1000000.00
2024,Public Transit,Edmonton Transit Service,24-61-3623,Growth Buses,Reserves,LRT Reserve,9732000.00
2024,Public Transit,Edmonton Transit Service,CM-66-3000,Transit Communications Renewal,Pay-As-You-Go (PAYG),Pay-As-You-Go,1329000.00
2024,Public Transit,Edmonton Transit Service,13-66-1294,Transit Smart Fare System (Smart Card),Developer / Partner Financing,Partnership Funding,283000.00
2024,Public Transit,Edmonton Transit Service,13-66-1294,Transit Smart Fare System (Smart Card),Grants,Green-trip,1179000.00
2024,Public Transit,Edmonton Transit Service,13-66-1294,Transit Smart Fare System (Smart Card),Pay-As-You-Go (PAYG),Pay-As-You-Go,350000.00
2024,Public Transit,Infrastructure Delivery,12-66-1413,Kathleen Andrews Transit Garage,Tax-Supported Debt,Tax-Supported Debt,-3981000.00
2024,Public Transit,Infrastructure Planning and Design,20-20-2022,New Transit Bus Garage,Grants,Federal - Zero Emission Transit Fund,1141000.00
2024,Public Transit,Infrastructure Planning and Design,20-20-2022,New Transit Bus Garage,Tax-Supported Debt,Tax-Supported Debt,36087000.00
2024,Public Transit,LRT Expansion and Renewal,21-25-9501,Central LRT Station Escalator Renewal,Pay-As-You-Go (PAYG),Pay-As-You-Go,1306000.00
2024,Public Transit,LRT Expansion and Renewal,CM-21-0000,Transportation: Public Transit - Renewal,Grants,Canada's Rail Safety Improvement Program (RSIP),11000.00
2024,Public Transit,LRT Expansion and Renewal,CM-21-0000,Transportation: Public Transit - Renewal,Grants,Local Government Fiscal Framework,2706000.00
2024,Public Transit,LRT Expansion and Renewal,CM-21-0000,Transportation: Public Transit - Renewal,Pay-As-You-Go (PAYG),Pay-As-You-Go,1230000.00
2024,Recreation & Culture,Building Great Neighbourhoods,24-31-9200,Rundle Park Trail Renewal,Pay-As-You-Go (PAYG),Pay-As-You-Go,242000.00
2024,Recreation & Culture,Community & Recreation Facilities,5730-07-21T00:00:00.000,Multi-Sport Tournament & Rec Site (MTRS),Developer / Partner Financing,Developer Financing,197000.00
2024,Recreation & Culture,Community & Recreation Facilities,5730-07-21T00:00:00.000,Multi-Sport Tournament & Rec Site (MTRS),Pay-As-You-Go (PAYG),Pay-As-You-Go,-197000.00
2024,Recreation & Culture,Community Recreation and Culture,CM-21-2010,Commonwealth Stadium Equipment,Reserves,Stadium Reserve,859000.00
2024,Recreation & Culture,Community Recreation and Culture,CM-21-5601,Community Recreation and Culture - Equipment Conservation,Grants,Other Grants - Federal,-819000.00
2024,Recreation & Culture,Community Recreation and Culture,CM-21-5601,Community Recreation and Culture - Equipment Conservation,Grants,Tourism Relief Grant - Federal,819000.00
2024,Recreation & Culture,Community Recreation and Culture,CM-21-5601,Community Recreation and Culture - Equipment Conservation,Pay-As-You-Go (PAYG),Pay-As-You-Go,1075000.00
2024,Recreation & Culture,Infrastructure Delivery,20-12-0200,ACT Aquatic and Recreation Centre Renewal,Pay-As-You-Go (PAYG),Pay-As-You-Go,613000.00
2024,Recreation & Culture,Infrastructure Delivery,20-12-9200,Civic Precinct Surface Renewal Phase 2,Pay-As-You-Go (PAYG),Pay-As-You-Go,1000.00
2024,Recreation & Culture,Infrastructure Delivery,22-10-9312,Commonwealth Recreation Centre Solar Photovoltaic Project,Grants,Other Grants - Provincial,372000.00
2024,Recreation & Culture,Infrastructure Delivery,22-10-9312,Commonwealth Recreation Centre Solar Photovoltaic Project,Tax-Supported Debt,Tax-Supported Debt,239000.00
2024,Recreation & Culture,Infrastructure Delivery,20-12-0220,Confederation Leisure Centre and Arena Renewal,Pay-As-You-Go (PAYG),Pay-As-You-Go,3000.00
2024,Recreation & Culture,Infrastructure Delivery,15-21-5801,Coronation Park Sports and Recreation Centre,Tax-Supported Debt,Tax-Supported Debt,37248000.00
2024,Recreation & Culture,Infrastructure Delivery,21-12-0350,Edmonton EXPO Centre Rehabilitation,Grants,Local Government Fiscal Framework,25236000.00
2024,Recreation & Culture,Infrastructure Delivery,21-12-0350,Edmonton EXPO Centre Rehabilitation,Grants,Munc Sustain. Initiative - MSI,738000.00
2024,Recreation & Culture,Infrastructure Delivery,21-12-0350,Edmonton EXPO Centre Rehabilitation,Tax-Supported Debt,Tax-Supported Debt,80000.00
2024,Recreation & Culture,Infrastructure Delivery,17-21-1000,Edmonton Soccer Association South Soccer Centre Expansion,Pay-As-You-Go (PAYG),Pay-As-You-Go,60000.00
2024,Recreation & Culture,Infrastructure Delivery,17-21-1000,Edmonton Soccer Association South Soccer Centre Expansion,Tax-Supported Debt,Tax-Supported Debt,98000.00
2024,Recreation & Culture,Infrastructure Delivery,15-21-6973,Fort Edmonton Park - Utilities & Enhancements,Grants,Federal Bldg Canada Fund,7000.00
2024,Recreation & Culture,Infrastructure Delivery,15-21-6973,Fort Edmonton Park - Utilities & Enhancements,Pay-As-You-Go (PAYG),Pay-As-You-Go,94000.00
2024,Recreation & Culture,Infrastructure Delivery,25-12-9501,Fort Edmonton Park Renewal,Grants,Local Government Fiscal Framework,1759000.00
2024,Recreation & Culture,Infrastructure Delivery,25-12-9501,Fort Edmonton Park Renewal,Grants,Munc Sustain. Initiative - MSI,160000.00
2024,Recreation & Culture,Infrastructure Delivery,25-12-9501,Fort Edmonton Park Renewal,Pay-As-You-Go (PAYG),Pay-As-You-Go,180000.00
2024,Recreation & Culture,Infrastructure Delivery,21-10-9103,Iron Works Building Rehabilitation,Community Revitalization Levy,Debt CRL Quarters,7838000.00
2024,Recreation & Culture,Infrastructure Delivery,21-10-9103,Iron Works Building Rehabilitation,Tax-Supported Debt,Tax-Supported Debt,1073000.00
2024,Recreation & Culture,Infrastructure Delivery,15-21-3400,Kihciy Askiy Sacred Earth,Pay-As-You-Go (PAYG),Pay-As-You-Go,539000.00
2024,Recreation & Culture,Infrastructure Delivery,21-12-0330,Kinsmen Sports Centre Facility Rehabilitation,Pay-As-You-Go (PAYG),Pay-As-You-Go,416000.00
2024,Recreation & Culture,Infrastructure Delivery,15-21-5785,Lewis Farms Community Recreation Centre and Library,Tax-Supported Debt,Tax-Supported Debt,50801000.00
2024,Recreation & Culture,Infrastructure Delivery,22-12-9008,Mill Creek Pool Rehabilitation,Pay-As-You-Go (PAYG),Pay-As-You-Go,337000.00
2024,Recreation & Culture,Infrastructure Delivery,11-21-1004,Mill Woods Sr Centre & Multiculture Fac.,Pay-As-You-Go (PAYG),Pay-As-You-Go,4000.00
2024,Recreation & Culture,Infrastructure Delivery,23-12-9201,Northgate Lions Senior Centre Rehabilitation,Grants,Federal Grant,1978000.00
2024,Recreation & Culture,Infrastructure Delivery,23-12-9201,Northgate Lions Senior Centre Rehabilitation,Grants,Munc Sustain. Initiative - MSI,-738000.00
2024,Recreation & Culture,Infrastructure Delivery,23-12-9201,Northgate Lions Senior Centre Rehabilitation,Pay-As-You-Go (PAYG),Pay-As-You-Go,357000.00
2024,Recreation & Culture,Infrastructure Delivery,20-12-0230,Ortona Armoury Arts Building Renewal,Grants,Canada Cultural Spaces Fund Grant,485000.00
2024,Recreation & Culture,Infrastructure Delivery,20-12-0230,Ortona Armoury Arts Building Renewal,Pay-As-You-Go (PAYG),Pay-As-You-Go,1806000.00
2024,Recreation & Culture,Infrastructure Delivery,21-12-0310,Peter Hemingway Fitness & Leisure Centre Rehabilitation,Grants,Canada Community-Building Fund (CCBF),5866000.00
2024,Recreation & Culture,Infrastructure Delivery,21-12-0310,Peter Hemingway Fitness & Leisure Centre Rehabilitation,Grants,Local Government Fiscal Framework,18429000.00
2024,Recreation & Culture,Infrastructure Delivery,21-12-0310,Peter Hemingway Fitness & Leisure Centre Rehabilitation,Pay-As-You-Go (PAYG),Pay-As-You-Go,547000.00
2024,Recreation & Culture,Infrastructure Delivery,21-12-0310,Peter Hemingway Fitness & Leisure Centre Rehabilitation,Tax-Supported Debt,Tax-Supported Debt,180000.00
2024,Recreation & Culture,Infrastructure Delivery,13-21-5350,South Haven Cemetery Serv Bldg & Road,Reserves,Cemetery Reserve,6000.00
2024,Recreation & Culture,Infrastructure Delivery,21-12-0340,The Orange Hub Phase II Rehabilitation,Pay-As-You-Go (PAYG),Pay-As-You-Go,2168000.00
2024,Recreation & Culture,Infrastructure Delivery,22-12-9007,Valley Zoo - Nature's Wild Backyard Phase II,Pay-As-You-Go (PAYG),Pay-As-You-Go,4000.00
2024,Recreation & Culture,Infrastructure Planning and Design,CM-12-0097,Facilities: Downtown Arena (Rogers Place) Renewal,Reserves,Rogers Place Arena Reserve,989000.00
2024,Recreation & Culture,Infrastructure Planning and Design,CM-12-0300,Valley Zoo Animal Enclosure Renewal and Enhancement,Pay-As-You-Go (PAYG),Pay-As-You-Go,1468000.00
2024,Recreation & Culture,LRT Expansion and Renewal,24-20-9340,Harbin Gate,Community Revitalization Levy,Debt CRL Downtown,451000.00
2024,Recreation & Culture,Public Library,CM-20-0050,IT Infrastructure Renewal,Pay-As-You-Go (PAYG),Pay-As-You-Go,615000.00
2024,Recreation & Culture,Public Library,CM-20-0050,IT Infrastructure Renewal,Reserves,Other Reserve,204000.00
2024,Recreation & Culture,Public Library,CM-20-0052,Library Furniture and Equipment,Developer / Partner Financing,Partnership Funding,155000.00
2024,Recreation & Culture,Public Library,CM-20-0052,Library Furniture and Equipment,Pay-As-You-Go (PAYG),Pay-As-You-Go,491000.00
2024,Recreation & Culture,Public Library,CM-20-0052,Library Furniture and Equipment,Pay-As-You-Go (PAYG),Pay-As-You-Go - Library,337000.00
2024,Recreation & Culture,Public Library,CM-20-0052,Library Furniture and Equipment,Reserves,Other Reserve,481000.00
2024,Recreation & Culture,Public Library,CM-20-0051,Library Materials,Pay-As-You-Go (PAYG),Pay-As-You-Go - Library,4606000.00
2024,Recreation & Culture,Public Library,CM-20-0051,Library Materials,Reserves,Other Reserve,570000.00
2024,Recreation & Culture,Public Library,12-20-0055,Milner Library Renewal & Upgrades,Tax-Supported Debt,Tax-Supported Debt,203000.00
2024,Roads,Building Great Neighbourhoods,22-22-9700,124 Street - 109 Avenue to 118 Avenue,Pay-As-You-Go (PAYG),Pay-As-You-Go,175000.00
2024,Roads,Building Great Neighbourhoods,23-40-9034,132 Avenue: 97 to 127 Street Reconstruction,Pay-As-You-Go (PAYG),Pay-As-You-Go,900000.00
2024,Roads,Building Great Neighbourhoods,23-40-9034,132 Avenue: 97 to 127 Street Reconstruction,Reserves,Neighborhood Renewal Reserve,8843000.00
2024,Roads,Building Great Neighbourhoods,CM-66-2600,Active Transportation,Pay-As-You-Go (PAYG),Pay-As-You-Go,4000.00
2024,Roads,Building Great Neighbourhoods,23-40-9030,Balwin and Belvedere Revitalization,Pay-As-You-Go (PAYG),Pay-As-You-Go,-357000.00
2024,Roads,Building Great Neighbourhoods,23-40-9030,Balwin and Belvedere Revitalization,Tax-Supported Debt,Tax-Supported Debt,3734000.00
2024,Roads,Building Great Neighbourhoods,CM-40-9000,Building Great Neighbourhoods Delivery - Growth,Pay-As-You-Go (PAYG),Pay-As-You-Go,30000.00
2024,Roads,Building Great Neighbourhoods,22-34-9400,Capilano Bridge Trail (Southwest) Repair,Pay-As-You-Go (PAYG),Pay-As-You-Go,81000.00
2024,Roads,Building Great Neighbourhoods,CM-20-3102,Chinatown Infrastructure Improvements,Pay-As-You-Go (PAYG),Pay-As-You-Go,412000.00
2024,Roads,Building Great Neighbourhoods,22-40-9028,Killarney Neighbourhood Reconstruction,Reserves,Neighborhood Renewal Reserve,585000.00
2024,Roads,Building Great Neighbourhoods,21-40-9032,Mistatim Industrial & Southeast Industrial Road Upgrading,Pay-As-You-Go (PAYG),Pay-As-You-Go,1000.00
2024,Roads,Building Great Neighbourhoods,21-40-9027,NARP Recon - North Glenora Alleys,Reserves,Neighborhood Renewal Reserve,202000.00
2024,Roads,Building Great Neighbourhoods,23-40-9038,"North East Roads Program - Mayliewan, Ozerna",Reserves,Neighborhood Renewal Reserve,4513000.00
2024,Roads,Building Great Neighbourhoods,20-40-9017,NRP Recon - Eastwood/Elmwood Park/Yellowhead Corridor East Ind,Reserves,Neighborhood Renewal Reserve,812000.00
2024,Roads,Building Great Neighbourhoods,20-40-9019,NRP/NARP Recon - Lorelei Neighbourhood and Alleys,Reserves,Neighborhood Renewal Reserve,77000.00
2024,Roads,Building Great Neighbourhoods,22-40-9029,Pleasantview Neighbourhood Reconstruction,Reserves,Neighborhood Renewal Reserve,2544000.00
2024,Roads,Building Great Neighbourhoods,CM-40-9001,Rural and Industrial Road Upgrading,Pay-As-You-Go (PAYG),Pay-As-You-Go,4000.00
2024,Roads,Building Great Neighbourhoods,CM-27-0000,Transportation: Neighbourhood Alley Renewal Program,Reserves,Neighborhood Renewal Reserve,910000.00
2024,Roads,Building Great Neighbourhoods,CM-25-0000,Transportation: Neighbourhoods - Renewal,Reserves,Neighborhood Renewal Reserve,15836000.00
2024,Roads,Building Great Neighbourhoods,21-40-9031,Winterburn Industrial Road Upgrading,Pay-As-You-Go (PAYG),Pay-As-You-Go,1000.00
2024,Roads,Infrastructure Delivery,21-50-9101,103 Avenue Streetscape,Community Revitalization Levy,Debt CRL Downtown,55000.00
2024,Roads,Infrastructure Delivery,19-22-9003,105 Avenue,Pay-As-You-Go (PAYG),Pay-As-You-Go,867000.00
2024,Roads,Infrastructure Delivery,23-22-9703,107 Avenue Revitalization,Grants,Federal - Active Transportation Fund,5000.00
2024,Roads,Infrastructure Delivery,23-22-9703,107 Avenue Revitalization,Tax-Supported Debt,Tax-Supported Debt,1726000.00
2024,Roads,Infrastructure Delivery,23-24-9410,167 Street SW over Whitemud Creek Bridge (B453) Replacement,Grants,Local Government Fiscal Framework,2950000.00
2024,Roads,Infrastructure Delivery,23-24-9410,167 Street SW over Whitemud Creek Bridge (B453) Replacement,Pay-As-You-Go (PAYG),Pay-As-You-Go,161000.00
2024,Roads,Infrastructure Delivery,25-24-9435,17 Street Bridges Over Yellowhead Trail (B142/B133) Replacement,Grants,Local Government Fiscal Framework,833000.00
2024,Roads,Infrastructure Delivery,25-24-9435,17 Street Bridges Over Yellowhead Trail (B142/B133) Replacement,Grants,Munc Sustain. Initiative - MSI,225000.00
2024,Roads,Infrastructure Delivery,25-24-9435,17 Street Bridges Over Yellowhead Trail (B142/B133) Replacement,Pay-As-You-Go (PAYG),Pay-As-You-Go,104000.00
2024,Roads,Infrastructure Delivery,21-20-2100,170 Street Pedestrian Bridge,Developer / Partner Financing,Developer Financing,60000.00
2024,Roads,Infrastructure Delivery,23-24-9401,23 Avenue over Whitemud Creek Pedestrian Bridge Replacement,Grants,Canada Community-Building Fund (CCBF),256000.00
2024,Roads,Infrastructure Delivery,23-24-9401,23 Avenue over Whitemud Creek Pedestrian Bridge Replacement,Pay-As-You-Go (PAYG),Pay-As-You-Go,11000.00
2024,Roads,Infrastructure Delivery,24-24-9421,50 Street Bridge (B202) Rehabilitation over Whitemud Drive,Grants,Local Government Fiscal Framework,305000.00
2024,Roads,Infrastructure Delivery,24-24-9421,50 Street Bridge (B202) Rehabilitation over Whitemud Drive,Pay-As-You-Go (PAYG),Pay-As-You-Go,40000.00
2024,Roads,Infrastructure Delivery,18-66-6503,50 Street CPR Grade Separation,Developer / Partner Financing,Partnership Funding,1375000.00
2024,Roads,Infrastructure Delivery,18-66-6503,50 Street CPR Grade Separation,Grants,Canada Community-Building Fund (CCBF),6124000.00
2024,Roads,Infrastructure Delivery,18-66-6503,50 Street CPR Grade Separation,Grants,Federal Grant,11937000.00
2024,Roads,Infrastructure Delivery,18-66-6503,50 Street CPR Grade Separation,Grants,Provincial Grant,6213000.00
2024,Roads,Infrastructure Delivery,18-66-6503,50 Street CPR Grade Separation,Pay-As-You-Go (PAYG),Pay-As-You-Go,1306000.00
2024,Roads,Infrastructure Delivery,21-22-9400,"51 Avenue - 86 Street to 99 Street, 99 Street to 111 Street",Pay-As-You-Go (PAYG),Pay-As-You-Go,36000.00
2024,Roads,Infrastructure Delivery,23-25-9502,86 Street: 51 Avenue to 63 Avenue Rehabilitation,Reserves,Neighborhood Renewal Reserve,1274000.00
2024,Roads,Infrastructure Delivery,23-25-9503,95 Avenue: 163 Street to 170 Street Reconstruction,Reserves,Neighborhood Renewal Reserve,97000.00
2024,Roads,Infrastructure Delivery,23-25-9504,97 Street Renewal (51 Avenue to 63 Avenue),Reserves,Neighborhood Renewal Reserve,3812000.00
2024,Roads,Infrastructure Delivery,21-40-9030,99 Street - 34 Avenue to Whitemud Drive,Pay-As-You-Go (PAYG),Pay-As-You-Go,14000.00
2024,Roads,Infrastructure Delivery,23-12-9202,99 Street and Judy Padua Way Streetscape & Waterproofing,Community Revitalization Levy,Debt CRL Downtown,46000.00
2024,Roads,Infrastructure Delivery,23-12-9202,99 Street and Judy Padua Way Streetscape & Waterproofing,Grants,Local Government Fiscal Framework,411000.00
2024,Roads,Infrastructure Delivery,17-66-2014,ARP Recon - 122 Street (51 Ave - 63 Ave),Pay-As-You-Go (PAYG),Pay-As-You-Go,28000.00
2024,Roads,Infrastructure Delivery,24-24-9425,Beverly Bridge (B143) Rehabilitation,Pay-As-You-Go (PAYG),Pay-As-You-Go,578000.00
2024,Roads,Infrastructure Delivery,12-66-1040,Bridge Rehabilitation,Pay-As-You-Go (PAYG),Pay-As-You-Go,65000.00
2024,Roads,Infrastructure Delivery,24-24-9422,Dawson Bridge Rehabilitation,Grants,Local Government Fiscal Framework,627000.00
2024,Roads,Infrastructure Delivery,24-24-9422,Dawson Bridge Rehabilitation,Pay-As-You-Go (PAYG),Pay-As-You-Go,56000.00
2024,Roads,Infrastructure Delivery,20-24-0200,Duggan Bridge Replacement,Pay-As-You-Go (PAYG),Pay-As-You-Go,29000.00
2024,Roads,Infrastructure Delivery,20-20-2024,Edmonton-Strathcona County Pedestrian Bridge,Developer / Partner Financing,Partnership Funding,10557000.00
2024,Roads,Infrastructure Delivery,20-20-2024,Edmonton-Strathcona County Pedestrian Bridge,Pay-As-You-Go (PAYG),Pay-As-You-Go,4481000.00
2024,Roads,Infrastructure Delivery,18-66-2309,Ellerslie Road (127 St - 135 St) 4 Lane Widening,Pay-As-You-Go (PAYG),Pay-As-You-Go,4000.00
2024,Roads,Infrastructure Delivery,22-22-9701,Gateway Blvd Renewal (University Avenue to 82 Avenue),Pay-As-You-Go (PAYG),Pay-As-You-Go,741000.00
2024,Roads,Infrastructure Delivery,21-24-9302,Glenora Bridge (B097) Renewal,Pay-As-You-Go (PAYG),Pay-As-You-Go,2000.00
2024,Roads,Infrastructure Delivery,19-22-9002,Imagine Jasper 109-114 St - Phase 1,Pay-As-You-Go (PAYG),Pay-As-You-Go,34000.00
2024,Roads,Infrastructure Delivery,23-22-9704,Imagine Jasper Avenue (114 Street - 124 Street),Grants,Federal - Active Transportation Fund,598000.00
2024,Roads,Infrastructure Delivery,23-22-9704,Imagine Jasper Avenue (114 Street - 124 Street),Grants,Local Government Fiscal Framework,425000.00
2024,Roads,Infrastructure Delivery,23-22-9704,Imagine Jasper Avenue (114 Street - 124 Street),Pay-As-You-Go (PAYG),Pay-As-You-Go,105000.00
2024,Roads,Infrastructure Delivery,17-74-4103,Jasper Avenue New Vision Phase 2,Community Revitalization Levy,Debt CRL Downtown,154000.00
2024,Roads,Infrastructure Delivery,21-24-9301,Latta Bridge (B027) Replacement,Grants,Canada Community-Building Fund (CCBF),494000.00
2024,Roads,Infrastructure Delivery,21-24-9301,Latta Bridge (B027) Replacement,Pay-As-You-Go (PAYG),Pay-As-You-Go,208000.00
2024,Roads,Infrastructure Delivery,25-24-9436,Mill Creek Trestle Bridge (B034) and 76 Avenue Culvert (B038),Grants,Local Government Fiscal Framework,551000.00
2024,Roads,Infrastructure Delivery,25-24-9436,Mill Creek Trestle Bridge (B034) and 76 Avenue Culvert (B038),Grants,Munc Sustain. Initiative - MSI,794000.00
2024,Roads,Infrastructure Delivery,25-24-9436,Mill Creek Trestle Bridge (B034) and 76 Avenue Culvert (B038),Pay-As-You-Go (PAYG),Pay-As-You-Go,121000.00
2024,Roads,Infrastructure Delivery,21-25-9500,Parsons Industrial Neighbourhood Renewal,Reserves,Neighborhood Renewal Reserve,6000.00
2024,Roads,Infrastructure Delivery,24-10-9430,Poundmaker Snow Storage Site Upgrades,Grants,Local Government Fiscal Framework,350000.00
2024,Roads,Infrastructure Delivery,24-10-9430,Poundmaker Snow Storage Site Upgrades,Pay-As-You-Go (PAYG),Pay-As-You-Go,50000.00
2024,Roads,Infrastructure Delivery,06-66-1612,Ring Road Connectors,Developer / Partner Financing,Developer ARA,1000.00
2024,Roads,Infrastructure Delivery,23-22-9702,Rossdale Road Reconstruction (103 Street to Low Level Bridge),Pay-As-You-Go (PAYG),Pay-As-You-Go,708000.00
2024,Roads,Infrastructure Delivery,21-22-9401,Stony Plain Road Rehab - 184 St to 231 St & 231 St to AH Drive,Pay-As-You-Go (PAYG),Pay-As-You-Go,9000.00
2024,Roads,Infrastructure Delivery,19-22-9006,Terwillegar Drive Expressway Upgrades - Alternate Staging,Grants,Provincial Grant,18880000.00
2024,Roads,Infrastructure Delivery,19-22-9006,Terwillegar Drive Expressway Upgrades - Alternate Staging,Tax-Supported Debt,Tax-Supported Debt,39828000.00
2024,Roads,Infrastructure Delivery,24-24-9423,Wellington Bridge Replacement,Grants,Local Government Fiscal Framework,953000.00
2024,Roads,Infrastructure Delivery,24-24-9423,Wellington Bridge Replacement,Pay-As-You-Go (PAYG),Pay-As-You-Go,95000.00
2024,Roads,Infrastructure Delivery,23-22-9705,Whitemud Drive: E/Anthony Henday Dr. - W/Anthony Henday Dr.,Pay-As-You-Go (PAYG),Pay-As-You-Go,1073000.00
2024,Roads,Infrastructure Delivery,20-20-9201,Yellowhead Trail - 123 Avenue: 156 Street to 142 Street,Tax-Supported Debt,Tax-Supported Debt,2000.00
2024,Roads,Infrastructure Delivery,21-24-9300,Yellowhead Trail - Noise Attenuation System (97 Street -Fort Rd),Tax-Supported Debt,Tax-Supported Debt,837000.00
2024,Roads,Infrastructure Delivery,20-20-9202,Yellowhead Trail East Widening (61 St to North Saskatchewan River,Grants,Federal Bldg Canada Fund,86000.00
2024,Roads,Infrastructure Delivery,20-20-9202,Yellowhead Trail East Widening (61 St to North Saskatchewan River,Grants,Provincial BCF - matching,86000.00
2024,Roads,Infrastructure Delivery,20-20-9202,Yellowhead Trail East Widening (61 St to North Saskatchewan River,Tax-Supported Debt,Tax-Supported Debt,135000.00
2024,Roads,Infrastructure Delivery,CM-99-0060,Yellowhead Trail Freeway Conversion: Project Development,Developer / Partner Financing,Developer Financing,30000.00
2024,Roads,Infrastructure Delivery,CM-99-0060,Yellowhead Trail Freeway Conversion: Project Development,Grants,Federal Bldg Canada Fund,369000.00
2024,Roads,Infrastructure Delivery,CM-99-0060,Yellowhead Trail Freeway Conversion: Project Development,Grants,Provincial BCF - matching,369000.00
2024,Roads,Infrastructure Delivery,CM-99-0060,Yellowhead Trail Freeway Conversion: Project Development,Tax-Supported Debt,Tax-Supported Debt,-751000.00
2024,Roads,Infrastructure Delivery,24-22-9706,Yellowhead Trail Rehabilitation: 107 Street to Fort Road,Grants,Local Government Fiscal Framework,5446000.00
2024,Roads,Infrastructure Delivery,24-22-9706,Yellowhead Trail Rehabilitation: 107 Street to Fort Road,Pay-As-You-Go (PAYG),Pay-As-You-Go,765000.00
2024,Roads,Infrastructure Planning and Design,CM-20-0330,Active Transportation Implementation Acceleration - Approach 3,Tax-Supported Debt,Tax-Supported Debt,10010000.00
2024,Roads,Infrastructure Planning and Design,CM-50-5050,CRL Projects - Planning and Design,Community Revitalization Levy,Debt CRL Downtown,19000.00
2024,Roads,Infrastructure Planning and Design,23-24-0300,High Level Bridge Rehabilitation,Tax-Supported Debt,Tax-Supported Debt,2381000.00
2024,Roads,Infrastructure Planning and Design,CM-20-3100,Missing and Enhanced Sidewalk Connections,Tax-Supported Debt,Tax-Supported Debt,3886000.00
2024,Roads,Infrastructure Planning and Design,CM-29-0000,Transportation - Minor Renewal Program,Reserves,Neighborhood Renewal Reserve,8296000.00
2024,Roads,Infrastructure Planning and Design,CM-24-0000,Transportation: Bridges & Auxiliary Structures - Renewal,Grants,Local Government Fiscal Framework,5870000.00
2024,Roads,Infrastructure Planning and Design,CM-24-0000,Transportation: Bridges & Auxiliary Structures - Renewal,Grants,Munc Sustain. Initiative - MSI,-1018000.00
2024,Roads,Infrastructure Planning and Design,CM-24-0000,Transportation: Bridges & Auxiliary Structures - Renewal,Pay-As-You-Go (PAYG),Pay-As-You-Go,4130000.00
2024,Roads,Infrastructure Planning and Design,CM-22-0000,Transportation: Goods Movement - Arterial Renewal,Grants,Local Government Fiscal Framework,128000.00
2024,Roads,Infrastructure Planning and Design,CM-22-0000,Transportation: Goods Movement - Arterial Renewal,Pay-As-You-Go (PAYG),Pay-As-You-Go,1434000.00
2024,Roads,Infrastructure Planning and Design,CM-20-2020,Transportation: Planning and Design - Growth,Pay-As-You-Go (PAYG),Pay-As-You-Go,771000.00
2024,Roads,Infrastructure Planning and Design,CM-26-0000,Transportation: Traffic Systems - Renewal,Pay-As-You-Go (PAYG),Pay-As-You-Go,1995000.00
2024,Roads,LRT Expansion and Renewal,21-50-9100,103A Avenue Pedway,Community Revitalization Levy,Debt CRL Downtown,11244000.00
2024,Roads,LRT Expansion and Renewal,21-50-9100,103A Avenue Pedway,Pay-As-You-Go (PAYG),Pay-As-You-Go,100000.00
2024,Roads,Parks and Roads Services,CM-66-2566,LED Streetlight Conversion,Tax-Supported Debt,Tax-Supported Debt,2471000.00
2024,Roads,Parks and Roads Services,14-66-2570,Parking Control Technology,Other Misc Financing,Other,137000.00
2024,Roads,Parks and Roads Services,CM-66-2194,Regulated Safety Upgrades at Railway Crossings,Reserves,Traffic Safety Automated Enfmt Resrv,72000.00
2024,Roads,Parks and Roads Services,CM-66-2590,School Safety,Reserves,Traffic Safety Automated Enfmt Resrv,12000.00
2024,Roads,Parks and Roads Services,CM-66-2580,Speed Limit Reduction,Reserves,Traffic Safety Automated Enfmt Resrv,45000.00
2024,Roads,Parks and Roads Services,CM-66-2525,Traffic Signals - Developer and ARA Funded,Developer / Partner Financing,Developer ARA,1379000.00
2024,Roads,Parks and Roads Services,CM-66-2525,Traffic Signals - Developer and ARA Funded,Developer / Partner Financing,Developer Financing,5059000.00
2024,Utilities,Blatchford Redevelopment Project,20-83-9001,Downtown District Energy Initiative,Reserves,Financial Stabilization Resrv.,120000.00
2024,Utilities,Blatchford Redevelopment Project,20-83-9001,Downtown District Energy Initiative,Tax-Supported Debt,Tax-Supported Debt,18081000.00
2024,Utilities,Infrastructure Delivery,22-83-8384,Blatchford District Energy Sharing System - Energy Transfer St,Developer / Partner Financing,Partnership Funding,100000.00
2024,Utilities,Infrastructure Delivery,25-81-2055,Coronation Eco Station Expansion,Retained Earnings,Waste Mgt Retained Earnings,3298000.00
2024,Utilities,Infrastructure Delivery,25-81-2056,EWMC Water Distribution System Upgrade,Retained Earnings,Waste Mgt Retained Earnings,476000.00
2024,Utilities,Infrastructure Delivery,18-33-2033,Groundwater Diversion System Replacement,Self-Liquidating Debentures,Self-Liquidating Debentures,206000.00
2024,Utilities,Infrastructure Delivery,13-33-2023,High Solids Anaerobic Digestion Facility,Retained Earnings,Waste Mgt Retained Earnings,-231000.00
2024,Utilities,Infrastructure Delivery,20-81-2052,Refuse Derived Fuel Facility Enhancements,Retained Earnings,Waste Mgt Retained Earnings,47000.00
2024,Utilities,Infrastructure Delivery,CM-81-2045,Waste Services IIS Infrastructure Delivery,Retained Earnings,Waste Mgt Retained Earnings,-2866000.00
2024,Utilities,Infrastructure Delivery,CM-81-2045,Waste Services IIS Infrastructure Delivery,Self-Liquidating Debentures,Self-Liquidating Debentures,2575000.00
2024,Utilities,Infrastructure Planning and Design,23-81-3060,Organics Screening and Mixing System,Retained Earnings,Waste Mgt Retained Earnings,3000.00
2024,Utilities,Infrastructure Planning and Design,CM-81-0005,Waste Services IIS Infrastructure Planning and Design,Retained Earnings,Waste Mgt Retained Earnings,639000.00
2024,Utilities,Renewable Energy Systems,CM-83-8383,Blatchford Renewable Energy Utility P&D - Growth,Grants,NRCan SREPs Grant - Fed,16000.00
2024,Utilities,Renewable Energy Systems,CM-83-8383,Blatchford Renewable Energy Utility P&D - Growth,Tax-Supported Debt,Self Supporting-Tax Guaranteed,38000.00
2024,Utilities,Renewable Energy Systems,21-83-8384,Distribution Piping System,Grants,NRCan SREPs Grant - Fed,486000.00
2024,Utilities,Renewable Energy Systems,21-83-8384,Distribution Piping System,Tax-Supported Debt,Self Supporting-Tax Guaranteed,2475000.00
2024,Utilities,Waste Services,19-81-2050,Alberta Clean Energy Technology Accelerator (ACETA),Grants,Other Grants - Provincial,-19000.00
2024,Utilities,Waste Services,19-81-2050,Alberta Clean Energy Technology Accelerator (ACETA),Retained Earnings,Waste Mgt Retained Earnings,19000.00
2024,Utilities,Waste Services,20-81-2020,Materials Recovery Facility (MRF) Renewal,Self-Liquidating Debentures,Self-Liquidating Debentures,-30000.00
2024,Utilities,Waste Services,23-81-2054,Three-stream Communal Collection,Retained Earnings,Waste Mgt Retained Earnings,3241000.00
2024,Utilities,Waste Services,CM-81-2005,Waste Containers,Self-Liquidating Debentures,Self-Liquidating Debentures,1674000.00
2024,Utilities,Waste Services,CM-81-2047,"Waste Services Facilities, Infrastructure and Process Equipment",Self-Liquidating Debentures,Self-Liquidating Debentures,7177000.00
2024,Utilities,Waste Services,CM-81-2048,Waste Services Fleet Assets,Retained Earnings,Waste Mgt Retained Earnings,10348000.00
2024,Yellowhead Trail Freeway Conversion,Infrastructure Delivery,21-20-9301,Yellowhead Trail - 156 Street to St Albert Trail,Grants,Federal Bldg Canada Fund,8751000.00
2024,Yellowhead Trail Freeway Conversion,Infrastructure Delivery,21-20-9301,Yellowhead Trail - 156 Street to St Albert Trail,Grants,Provincial BCF - matching,8751000.00
2024,Yellowhead Trail Freeway Conversion,Infrastructure Delivery,21-20-9301,Yellowhead Trail - 156 Street to St Albert Trail,Tax-Supported Debt,Tax-Supported Debt,19764000.00
2024,Yellowhead Trail Freeway Conversion,Infrastructure Delivery,21-20-9302,Yellowhead Trail - Fort Road Widening,Grants,Federal Bldg Canada Fund,5481000.00
2024,Yellowhead Trail Freeway Conversion,Infrastructure Delivery,21-20-9302,Yellowhead Trail - Fort Road Widening,Grants,Provincial BCF - matching,5481000.00
2024,Yellowhead Trail Freeway Conversion,Infrastructure Delivery,21-20-9302,Yellowhead Trail - Fort Road Widening,Tax-Supported Debt,Tax-Supported Debt,-2497000.00
2024,Yellowhead Trail Freeway Conversion,Infrastructure Delivery,24-20-9350,Yellowhead Trail - St Albert Trail to 97 Street,Grants,Federal Bldg Canada Fund,18860000.00
2024,Yellowhead Trail Freeway Conversion,Infrastructure Delivery,24-20-9350,Yellowhead Trail - St Albert Trail to 97 Street,Grants,Local Government Fiscal Framework,12200000.00
2024,Yellowhead Trail Freeway Conversion,Infrastructure Delivery,24-20-9350,Yellowhead Trail - St Albert Trail to 97 Street,Grants,Provincial BCF - matching,18860000.00
2024,Yellowhead Trail Freeway Conversion,Infrastructure Delivery,24-20-9350,Yellowhead Trail - St Albert Trail to 97 Street,Tax-Supported Debt,Tax-Supported Debt,13828000.00
2024,Yellowhead Trail Freeway Conversion,Infrastructure Delivery,CM-99-9600,Yellowhead Trail Freeway Conversion: Project Delivery,Grants,Federal Bldg Canada Fund,3000.00
2024,Yellowhead Trail Freeway Conversion,Infrastructure Delivery,CM-99-9600,Yellowhead Trail Freeway Conversion: Project Delivery,Grants,Provincial BCF - matching,3000.00
2024,Yellowhead Trail Freeway Conversion,Infrastructure Delivery,CM-99-9600,Yellowhead Trail Freeway Conversion: Project Delivery,Tax-Supported Debt,Tax-Supported Debt,5000.00
2025,Blatchford Redevelopment,Blatchford Redevelopment Office,CM-83-0001,District Energy Network Strategy and District Energy Nodes,Tax-Supported Debt,Tax-Supported Debt,3042000.00
2025,Blatchford Redevelopment,Blatchford Redevelopment Project,17-02-2107,Blatchford District Energy System [DES],Grants,NRCan SREPs Grant - Fed,298000.00
2025,Blatchford Redevelopment,Blatchford Redevelopment Project,17-02-2107,Blatchford District Energy System [DES],Tax-Supported Debt,Self Supporting-Tax Guaranteed,623000.00
2025,Blatchford Redevelopment,Blatchford Redevelopment Project,14-02-2106,Blatchford Redevelopment Implementation,Retained Earnings,Blatchford Lands Retained Earnings,62832000.00
2025,Building Renewal,Infrastructure Delivery,17-99-2001,Century Place Base Bldg Rehab & Tenant Improvements,Pay-As-You-Go (PAYG),Pay-As-You-Go,383000.00
2025,Building Renewal,Infrastructure Delivery,15-75-0106,Davies Site Richard Paterson Garage Building Rehabilitation,Pay-As-You-Go (PAYG),Pay-As-You-Go,17000.00
2025,Building Renewal,Infrastructure Planning and Design,CM-10-0001,Climate Resilient City Facility Upgrades,Tax-Supported Debt,Tax-Supported Debt,14101000.00
2025,Building Renewal,Infrastructure Planning and Design,CM-19-0000,Facilities - Minor Renewal Program,Developer / Partner Financing,Partnership Funding,186000.00
2025,Building Renewal,Infrastructure Planning and Design,CM-19-0000,Facilities - Minor Renewal Program,Grants,Local Government Fiscal Framework,23437000.00
2025,Building Renewal,Infrastructure Planning and Design,CM-19-0000,Facilities - Minor Renewal Program,Pay-As-You-Go (PAYG),Pay-As-You-Go,4726000.00
2025,Building Renewal,Infrastructure Planning and Design,CM-19-0000,Facilities - Minor Renewal Program,Reserves,City's St. Francis Xavier Reserve,151000.00
2025,Building Renewal,Infrastructure Planning and Design,CM-12-0000,Facility: Service Delivery - Renewal,Grants,Other Grants - Federal,56000.00
2025,Building Renewal,Infrastructure Planning and Design,CM-12-0000,Facility: Service Delivery - Renewal,Pay-As-You-Go (PAYG),Pay-As-You-Go,2468000.00
2025,Building Renewal,Infrastructure Planning and Design,CM-13-0000,Facility: Service Support - Renewal,Grants,Local Government Fiscal Framework,22447000.00
2025,Building Renewal,Infrastructure Planning and Design,CM-13-0000,Facility: Service Support - Renewal,Pay-As-You-Go (PAYG),Pay-As-You-Go,4702000.00
2025,Building Renewal,Infrastructure Planning and Design,CM-10-1012,On-Site Microgeneration Solar Photovoltaics,Pay-As-You-Go (PAYG),Pay-As-You-Go,19000.00
2025,Building Renewal,Infrastructure Planning and Design,CM-10-1012,On-Site Microgeneration Solar Photovoltaics,Tax-Supported Debt,Tax-Supported Debt,6000.00
2025,Corporate Support,Development Services,CM-17-2040,Urban Planning & Economy Service Transformation,Grants,Energy Efficiency Program - Federal,100000.00
2025,Corporate Support,Development Services,CM-17-2040,Urban Planning & Economy Service Transformation,Reserves,Planning and Development Reserve,1859000.00
2025,Corporate Support,Enterprise Commons,19-18-1904,Enterprise Systems Transformation Program,Pay-As-You-Go (PAYG),Pay-As-You-Go,35000000.00
2025,Corporate Support,Fleet and Facility Services,CM-17-2000,Emissions Neutral City Fleet and Equipment,Pay-As-You-Go (PAYG),Pay-As-You-Go,5112000.00
2025,Corporate Support,Fleet and Facility Services,CM-25-3002,"Fleet Fluid Storage, Dispensing and Disposal Systems",Pay-As-You-Go (PAYG),Pay-As-You-Go,1059000.00
2025,Corporate Support,Fleet and Facility Services,3004-12-25T00:00:00.000,Fleet Underground Oil Tanks Replacement,Pay-As-You-Go (PAYG),Pay-As-You-Go,-4000.00
2025,Corporate Support,Fleet and Facility Services,CM-25-3005,Tools & Shop Equipment Program,Pay-As-You-Go (PAYG),Pay-As-You-Go,49000.00
2025,Corporate Support,Fleet and Facility Services,CM-25-1001,Vehicle and Equipment Replacement,Pay-As-You-Go (PAYG),Pay-As-You-Go,768000.00
2025,Corporate Support,Fleet and Facility Services,CM-25-1001,Vehicle and Equipment Replacement,Reserves,Fleet Services Replacement Rsv,32977000.00
2025,Corporate Support,Fleet and Facility Services,CM-25-3003,Vehicle and Equipment Service Lift Program,Pay-As-You-Go (PAYG),Pay-As-You-Go,1036000.00
2025,Corporate Support,Infrastructure Delivery,24-10-9411,Kathleen Andrews Transit Garage Solar PV & Battery Projects,Tax-Supported Debt,Tax-Supported Debt,6932000.00
2025,Corporate Support,Infrastructure Planning and Design,19-10-1013,Ambleside Integrated Site - Phase 1,Tax-Supported Debt,Tax-Supported Debt,55226000.00
2025,Corporate Support,Infrastructure Planning and Design,CM-10-1010,Facility: Planning and Design - Growth,Grants,Federal Bldg Canada Fund,500000.00
2025,Corporate Support,Infrastructure Planning and Design,CM-10-1010,Facility: Planning and Design - Growth,Pay-As-You-Go (PAYG),Pay-As-You-Go,13464000.00
2025,Corporate Support,Infrastructure Planning and Design,CM-99-9000,Infrastructure Delivery - Growth,Developer / Partner Financing,Developer Financing,805000.00
2025,Corporate Support,Infrastructure Planning and Design,CM-99-9000,Infrastructure Delivery - Growth,Developer / Partner Financing,Partnership Funding,1921000.00
2025,Corporate Support,Infrastructure Planning and Design,CM-99-9000,Infrastructure Delivery - Growth,Grants,Canada Community-Building Fund (CCBF),1200000.00
2025,Corporate Support,Infrastructure Planning and Design,CM-99-9000,Infrastructure Delivery - Growth,Grants,Federal Bldg Canada Fund,500000.00
2025,Corporate Support,Infrastructure Planning and Design,CM-99-9000,Infrastructure Delivery - Growth,Grants,New School Playground Fund - Prov,250000.00
2025,Corporate Support,Infrastructure Planning and Design,CM-99-9000,Infrastructure Delivery - Growth,Grants,Other Grants - Provincial,509000.00
2025,Corporate Support,Infrastructure Planning and Design,CM-99-9000,Infrastructure Delivery - Growth,Pay-As-You-Go (PAYG),Pay-As-You-Go,58944000.00
2025,Corporate Support,Infrastructure Planning and Design,CM-99-9000,Infrastructure Delivery - Growth,Tax-Supported Debt,Tax-Supported Debt,6550000.00
2025,Corporate Support,Open City and Technology,19-18-1901,Information Security and Disaster Recovery Enhancements,Pay-As-You-Go (PAYG),Pay-As-You-Go,1553000.00
2025,Corporate Support,Open City and Technology,19-51-1904,Next Generation 9-1-1 (NG911) IP Call Handling,Pay-As-You-Go (PAYG),Pay-As-You-Go,1780000.00
2025,Corporate Support,Open City and Technology,24-18-1000,OCT Cybersecurity Project,Pay-As-You-Go (PAYG),Pay-As-You-Go,5675000.00
2025,Corporate Support,Open City and Technology,19-18-1903,Recreation and Attractions Management (RAMS) Program,Pay-As-You-Go (PAYG),Pay-As-You-Go,172000.00
2025,Corporate Support,Open City and Technology,23-51-1905,Taxation Assessment Collections System (TACS) Transformation,Pay-As-You-Go (PAYG),Pay-As-You-Go,2517000.00
2025,Corporate Support,Open City and Technology,CM-18-1510,Technology Applications - Renewal,Pay-As-You-Go (PAYG),Pay-As-You-Go,5617000.00
2025,Corporate Support,Open City and Technology,CM-18-1514,Technology Implementation - Growth,Pay-As-You-Go (PAYG),Pay-As-You-Go,924000.00
2025,Corporate Support,Open City and Technology,CM-18-1515,Technology Infrastructure - Renewal,Pay-As-You-Go (PAYG),Pay-As-You-Go,5436000.00
2025,Corporate Support,Open City and Technology,CM-18-1515,Technology Infrastructure - Renewal,Reserves,LRT Reserve,4626000.00
2025,Corporate Support,Parks and Roads Services,CM-33-3001,Commemorative Programs,Developer / Partner Financing,Partnership Funding,143000.00
2025,Corporate Support,Parks and Roads Services,CM-33-3001,Commemorative Programs,Pay-As-You-Go (PAYG),Pay-As-You-Go,74000.00
2025,Corporate Support,Parks and Roads Services,CM-66-0013,Parks and Roads Services - Equipment Renewal,Pay-As-You-Go (PAYG),Pay-As-You-Go,249000.00
2025,Corporate Support,Service Innovation and Performance,CM-50-0010,Business Intelligence and Analytics - Capital Renewal,Pay-As-You-Go (PAYG),Pay-As-You-Go,1038000.00
2025,Corporate Support,Service Innovation and Performance,23-51-1906,Corporate Integrated Data Solution (CIDS),Pay-As-You-Go (PAYG),Pay-As-You-Go,2488000.00
2025,Economic Development,Capital City Downtown CRL,CM-74-4100,Downtown Community Revitalization Levies Delivery,Community Revitalization Levy,Debt CRL Downtown,18807000.00
2025,Economic Development,Capital City Downtown CRL,15-74-4101,Initial Phase Green and Walkable Downtown,Community Revitalization Levy,Debt CRL Downtown,1392000.00
2025,Economic Development,Capital City Downtown CRL,15-74-4104,Warehouse Campus Neighbourhood Central Park Land Acquisition,Community Revitalization Levy,Debt CRL Downtown,18000.00
2025,Economic Development,Economic Investment Services,15-74-4111,EETP - Stormwater Drainage Solutions,Pay-As-You-Go (PAYG),Pay-As-You-Go,1373000.00
2025,Economic Development,Financial Services,11-17-0099,Edmonton Arena,Developer / Partner Financing,Partnership Funding,3780000.00
2025,Economic Development,Financial Services,11-17-0099,Edmonton Arena,Reserves,Financial Stabilization Resrv.,3670000.00
2025,Economic Development,Infrastructure Delivery,21-12-0320,Edmonton Convention Centre Rehabilitation,Grants,Local Government Fiscal Framework,4988000.00
2025,Economic Development,Infrastructure Delivery,21-12-0320,Edmonton Convention Centre Rehabilitation,Pay-As-You-Go (PAYG),Pay-As-You-Go,1232000.00
2025,Economic Development,Infrastructure Planning and Design,19-17-0601,River Crossing/West Rossdale Redevelopment,Retained Earnings,Land Fund Retained Earnings,5560000.00
2025,Economic Development,Planning and Environment Services,15-17-3117,TOD Stadium Station Plan Street Network,Community Revitalization Levy,Debt CRL Quarters,101000.00
2025,Economic Development,Planning and Environment Services,15-17-3117,TOD Stadium Station Plan Street Network,Pay-As-You-Go (PAYG),Pay-As-You-Go,418000.00
2025,Economic Development,The Quarters Downtown CRL,15-74-4031,The Quarters Downtown - Phase II,Community Revitalization Levy,Debt CRL Quarters,896000.00
2025,Economic Development,The Quarters Downtown CRL,15-74-4031,The Quarters Downtown - Phase II,Other Misc Financing,Other,-2000.00
2025,Housing,Infrastructure Delivery,24-10-9412,Canora Supportive Housing,Grants,Affordable Housing Partnership Program - Provincial,4249000.00
2025,Housing,Infrastructure Delivery,24-10-9412,Canora Supportive Housing,Grants,Rapid Housing Initiative (Federal),8796000.00
2025,Housing,Infrastructure Delivery,24-10-9412,Canora Supportive Housing,Pay-As-You-Go (PAYG),Pay-As-You-Go,2072000.00
2025,Housing,Infrastructure Delivery,24-10-9412,Canora Supportive Housing,Reserves,Financial Stabilization Resrv.,6967000.00
2025,Housing,Infrastructure Delivery,24-10-9413,Garneau Supportive Housing,Grants,Affordable Housing Partnership Program - Provincial,2338000.00
2025,Housing,Infrastructure Delivery,24-10-9413,Garneau Supportive Housing,Grants,Rapid Housing Initiative (Federal),5051000.00
2025,Housing,Infrastructure Delivery,24-10-9413,Garneau Supportive Housing,Pay-As-You-Go (PAYG),Pay-As-You-Go,5747000.00
2025,Housing,Infrastructure Delivery,23-10-9318,Holyrood Supportive Housing,Reserves,Financial Stabilization Resrv.,4379000.00
2025,Housing,Infrastructure Delivery,21-10-9001,Inglewood Supportive Housing,Pay-As-You-Go (PAYG),Pay-As-You-Go,3000.00
2025,Housing,Infrastructure Delivery,21-10-9007,King Edward Park Supportive Housing,Pay-As-You-Go (PAYG),Pay-As-You-Go,8000.00
2025,Housing,Infrastructure Delivery,21-10-9008,McArthur Supportive Housing,Pay-As-You-Go (PAYG),Pay-As-You-Go,50000.00
2025,Housing,Infrastructure Delivery,21-10-9006,Westmount Supportive Housing,Pay-As-You-Go (PAYG),Pay-As-You-Go,3000.00
2025,Housing,Social Development,19-90-4100,Affordable Housing Land Acquisition & Site Development,Pay-As-You-Go (PAYG),Pay-As-You-Go,7458000.00
2025,Housing,Social Development,19-90-4100,Affordable Housing Land Acquisition & Site Development,Reserves,Financial Stabilization Resrv.,142000.00
2025,Housing,Social Development,CM-90-1000,Housing Accelerator Fund Initiatives and Related Projects,Grants,Housing Accelerator Fund,73096000.00
2025,Housing,Social Development,23-90-4101,Social Housing Capital Renewal Project (City-Owned Sites),Grants,Local Government Fiscal Framework,5500000.00
2025,Housing,Social Development,23-90-4101,Social Housing Capital Renewal Project (City-Owned Sites),Grants,National Housing Co-Investment Fund Contribution,4680000.00
2025,Housing,Social Development,23-90-4101,Social Housing Capital Renewal Project (City-Owned Sites),Pay-As-You-Go (PAYG),Pay-As-You-Go,5000000.00
2025,Land,Real Estate,CM-17-5046,Edmonton Exhibition Lands,Pay-As-You-Go (PAYG),Pay-As-You-Go (non-TCA),-242000.00
2025,Land,Real Estate,CM-17-5046,Edmonton Exhibition Lands,Retained Earnings,Land Fund Retained Earnings,36840000.00
2025,Land,Real Estate,19-16-5055,Heritage Valley Land Development,Retained Earnings,Land Fund Retained Earnings,5875000.00
2025,Land,Real Estate,CM-16-2015,Industrial-Commercial-Investment Land Acquisition,Retained Earnings,Land Fund Retained Earnings,15000000.00
2025,Land,Real Estate,CM-16-2010,Industrial-Commercial-Investment Land Development,Retained Earnings,Land Fund Retained Earnings,17519000.00
2025,Land,Real Estate,25-17-2501,Maple Ridge Industrial Local Improvement,Local Improvements,Local Improvements Property Share,1000000.00
2025,Land,Real Estate,CM-16-5110,Real Estate Investment Purchase,Retained Earnings,Land Fund Retained Earnings,5462000.00
2025,Land,Real Estate,CM-17-5120,Real Estate Transportation Legacy Land Acquisition,Retained Earnings,Land Fund Retained Earnings,1426000.00
2025,Land,Real Estate,CM-16-2020,Residential/Mixed-Use Land Development,Retained Earnings,Land Fund Retained Earnings,17302000.00
2025,Land,Real Estate,CM-16-2025,Residential/Mixed-Use Land Development Acquisition,Developer / Partner Financing,Developer ARA,90000.00
2025,Land,Real Estate,CM-16-2025,Residential/Mixed-Use Land Development Acquisition,Retained Earnings,Land Fund Retained Earnings,1496000.00
2025,Land,Real Estate,CM-17-5047,River Crossing Redevelopment,Retained Earnings,Land Fund Retained Earnings,2942000.00
2025,Land,Real Estate,CM-17-5037,Surplus School Sites - First Place Program,Reserves,Affordable Housing Reserve,112000.00
2025,Land,Real Estate,CM-17-5045,Transforming Surplus City Lands,Retained Earnings,Land Fund Retained Earnings,11704000.00
2025,LRT Expansion,Edmonton Transit Service,CM-66-3300,LRT Signals and Electrification Renewal,Pay-As-You-Go (PAYG),Pay-As-You-Go,3359000.00
2025,LRT Expansion,Edmonton Transit Service,CM-66-3400,LRV Fleet & Equipment Renewal,Pay-As-You-Go (PAYG),Pay-As-You-Go,1657000.00
2025,LRT Expansion,Edmonton Transit Service,25-21-1000,LRV Replacements,Tax-Supported Debt,Tax-Supported Debt,36000000.00
2025,LRT Expansion,Edmonton Transit Service,CM-61-3235,Transit Facility and ROW Renewal,Grants,Canada Community Revitalization Fund (CCRF),164000.00
2025,LRT Expansion,Edmonton Transit Service,CM-61-3235,Transit Facility and ROW Renewal,Pay-As-You-Go (PAYG),Pay-As-You-Go,2697000.00
2025,LRT Expansion,LRT Expansion and Renewal,24-21-9130,129 Avenue Crossing Widening,Grants,Canada's Rail Safety Improvement Program (RSIP),2400000.00
2025,LRT Expansion,LRT Expansion and Renewal,24-21-9130,129 Avenue Crossing Widening,Grants,Local Government Fiscal Framework,3841000.00
2025,LRT Expansion,LRT Expansion and Renewal,24-21-9130,129 Avenue Crossing Widening,Pay-As-You-Go (PAYG),Pay-As-You-Go,225000.00
2025,LRT Expansion,LRT Expansion and Renewal,21-21-9110,129 Avenue Special Trackworks (Crossover),Pay-As-You-Go (PAYG),Pay-As-You-Go,609000.00
2025,LRT Expansion,LRT Expansion and Renewal,16-66-7018,Capital Line South LRT: Century Park to Ellersie Road,Grants,Federal - Investing in Canada Infrastructure Prgm (ICIP),90749000.00
2025,LRT Expansion,LRT Expansion and Renewal,16-66-7018,Capital Line South LRT: Century Park to Ellersie Road,Grants,Provincial ICIP - matching,92309000.00
2025,LRT Expansion,LRT Expansion and Renewal,16-66-7018,Capital Line South LRT: Century Park to Ellersie Road,Tax-Supported Debt,Tax-Supported Debt,49900000.00
2025,LRT Expansion,LRT Expansion and Renewal,24-24-9420,Coliseum LRT Bridge (B151) Minor Rehabilitation,Grants,Canada Community-Building Fund (CCBF),4135000.00
2025,LRT Expansion,LRT Expansion and Renewal,24-24-9420,Coliseum LRT Bridge (B151) Minor Rehabilitation,Grants,Local Government Fiscal Framework,3306000.00
2025,LRT Expansion,LRT Expansion and Renewal,24-24-9420,Coliseum LRT Bridge (B151) Minor Rehabilitation,Pay-As-You-Go (PAYG),Pay-As-You-Go,257000.00
2025,LRT Expansion,LRT Expansion and Renewal,21-21-9120,Government Centre LRT Station Electrical System Replacement,Pay-As-You-Go (PAYG),Pay-As-You-Go,12000.00
2025,LRT Expansion,LRT Expansion and Renewal,16-66-7020,LRT Prelim Design: Metro Line: Blatchford to Campbell Rd,Tax-Supported Debt,Tax-Supported Debt,3808000.00
2025,LRT Expansion,LRT Expansion and Renewal,16-66-7013,Metro Line LRT (NAIT - Blatchford) Extension,Grants,Federal - Investing in Canada Infrastructure Prgm (ICIP),19977000.00
2025,LRT Expansion,LRT Expansion and Renewal,16-66-7013,Metro Line LRT (NAIT - Blatchford) Extension,Grants,Provincial ICIP - matching,19841000.00
2025,LRT Expansion,LRT Expansion and Renewal,16-66-7013,Metro Line LRT (NAIT - Blatchford) Extension,Tax-Supported Debt,Tax-Supported Debt,13435000.00
2025,LRT Expansion,LRT Expansion and Renewal,08-66-1672,NLRT (Downtown to NAIT),Tax-Supported Debt,Tax-Supported Debt,4006000.00
2025,LRT Expansion,LRT Expansion and Renewal,11-66-1673,Valley Line LRT,Tax-Supported Debt,Tax-Supported Debt,31064000.00
2025,LRT Expansion,LRT Expansion and Renewal,16-66-7017,Valley Line LRT: Downtown to Lewis Farms,Grants,Federal - Investing in Canada Infrastructure Prgm (ICIP),388985000.00
2025,LRT Expansion,LRT Expansion and Renewal,16-66-7017,Valley Line LRT: Downtown to Lewis Farms,Grants,Provincial ICIP - matching,411113000.00
2025,LRT Expansion,LRT Expansion and Renewal,16-66-7017,Valley Line LRT: Downtown to Lewis Farms,Tax-Supported Debt,Tax-Supported Debt,210887000.00
2025,Neighbourhoods,Building Great Neighbourhoods,23-40-9043,132 Avenue: Fort Road to 97 Street Reconstruction,Pay-As-You-Go (PAYG),Pay-As-You-Go,-200000.00
2025,Neighbourhoods,Building Great Neighbourhoods,23-40-9043,132 Avenue: Fort Road to 97 Street Reconstruction,Reserves,Neighborhood Renewal Reserve,13772000.00
2025,Neighbourhoods,Building Great Neighbourhoods,23-40-9044,Allendale Alley Reconstruction,Reserves,Neighborhood Renewal Reserve,4943000.00
2025,Neighbourhoods,Building Great Neighbourhoods,23-40-9031,Baturyn Neighbourhood and Alley Reconstruction,Local Improvements,Local Improvements Property Share,1170000.00
2025,Neighbourhoods,Building Great Neighbourhoods,23-40-9031,Baturyn Neighbourhood and Alley Reconstruction,Pay-As-You-Go (PAYG),Pay-As-You-Go,-6000.00
2025,Neighbourhoods,Building Great Neighbourhoods,23-40-9031,Baturyn Neighbourhood and Alley Reconstruction,Reserves,Neighborhood Renewal Reserve,9331000.00
2025,Neighbourhoods,Building Great Neighbourhoods,23-40-9045,Beverly Heights Alley Reconstruction,Reserves,Neighborhood Renewal Reserve,7365000.00
2025,Neighbourhoods,Building Great Neighbourhoods,23-40-9039,Boyle Street Neighborhood Reconstruction,Local Improvements,Local Improvements Property Share,2250000.00
2025,Neighbourhoods,Building Great Neighbourhoods,23-40-9039,Boyle Street Neighborhood Reconstruction,Reserves,Neighborhood Renewal Reserve,20107000.00
2025,Neighbourhoods,Building Great Neighbourhoods,25-25-9506,Dunluce Neighbourhood and Alley Renewal,Pay-As-You-Go (PAYG),Pay-As-You-Go,20000.00
2025,Neighbourhoods,Building Great Neighbourhoods,25-25-9506,Dunluce Neighbourhood and Alley Renewal,Reserves,Neighborhood Renewal Reserve,3464000.00
2025,Neighbourhoods,Building Great Neighbourhoods,25-25-9506,Dunluce Neighbourhood and Alley Renewal,Tax-Supported Debt,Tax-Supported Debt,20000.00
2025,Neighbourhoods,Building Great Neighbourhoods,18-66-1011,Engage 106 St -76 Ave (Phase 2),Tax-Supported Debt,Tax-Supported Debt,320000.00
2025,Neighbourhoods,Building Great Neighbourhoods,23-40-9040,Gariepy Neighborhood and Alley Reconstruction,Local Improvements,Local Improvements Property Share,1223000.00
2025,Neighbourhoods,Building Great Neighbourhoods,23-40-9040,Gariepy Neighborhood and Alley Reconstruction,Pay-As-You-Go (PAYG),Pay-As-You-Go,-28000.00
2025,Neighbourhoods,Building Great Neighbourhoods,23-40-9040,Gariepy Neighborhood and Alley Reconstruction,Reserves,Neighborhood Renewal Reserve,15013000.00
2025,Neighbourhoods,Building Great Neighbourhoods,24-40-9048,Glenwood (163 Street West) Neighbourhood and Alley Reconstruction,Reserves,Neighborhood Renewal Reserve,4009000.00
2025,Neighbourhoods,Building Great Neighbourhoods,CM-21-5800,Great Neighbourhoods Initiative,Tax-Supported Debt,Tax-Supported Debt,66000.00
2025,Neighbourhoods,Building Great Neighbourhoods,23-40-9041,Hairsine Neighborhood and Alley Reconstruction,Local Improvements,Local Improvements Property Share,1334000.00
2025,Neighbourhoods,Building Great Neighbourhoods,23-40-9041,Hairsine Neighborhood and Alley Reconstruction,Reserves,Neighborhood Renewal Reserve,13393000.00
2025,Neighbourhoods,Building Great Neighbourhoods,24-40-9047,Hillview Neighbourhood and Alley Reconstruction,Pay-As-You-Go (PAYG),Pay-As-You-Go,-300000.00
2025,Neighbourhoods,Building Great Neighbourhoods,24-40-9047,Hillview Neighbourhood and Alley Reconstruction,Reserves,Neighborhood Renewal Reserve,3339000.00
2025,Neighbourhoods,Building Great Neighbourhoods,23-40-9035,Kilkenny Alley Reconstruction,Reserves,Neighborhood Renewal Reserve,103000.00
2025,Neighbourhoods,Building Great Neighbourhoods,23-40-9032,McCauley Neighbourhood and Alley Reconstruction,Local Improvements,Local Improvements Property Share,641000.00
2025,Neighbourhoods,Building Great Neighbourhoods,23-40-9032,McCauley Neighbourhood and Alley Reconstruction,Pay-As-You-Go (PAYG),Pay-As-You-Go,-8000.00
2025,Neighbourhoods,Building Great Neighbourhoods,23-40-9032,McCauley Neighbourhood and Alley Reconstruction,Reserves,Neighborhood Renewal Reserve,22107000.00
2025,Neighbourhoods,Building Great Neighbourhoods,23-40-9042,Meyokumin Neighborhood and Alley Reconstruction,Local Improvements,Local Improvements Property Share,2205000.00
2025,Neighbourhoods,Building Great Neighbourhoods,23-40-9042,Meyokumin Neighborhood and Alley Reconstruction,Pay-As-You-Go (PAYG),Pay-As-You-Go,-17000.00
2025,Neighbourhoods,Building Great Neighbourhoods,23-40-9042,Meyokumin Neighborhood and Alley Reconstruction,Reserves,Neighborhood Renewal Reserve,25548000.00
2025,Neighbourhoods,Building Great Neighbourhoods,20-40-9021,NARP Recon - King Edward Park Alleys,Reserves,Neighborhood Renewal Reserve,153000.00
2025,Neighbourhoods,Building Great Neighbourhoods,23-30-9323,Northern Lights & South Haven Cemetery Phase 1B,Reserves,Cemetery Reserve,5459000.00
2025,Neighbourhoods,Building Great Neighbourhoods,21-66-4036,NRP Recon - Allendale,Reserves,Neighborhood Renewal Reserve,72000.00
2025,Neighbourhoods,Building Great Neighbourhoods,21-40-9024,NRP Recon - Calder,Reserves,Neighborhood Renewal Reserve,1280000.00
2025,Neighbourhoods,Building Great Neighbourhoods,21-40-9025,NRP Recon - Garneau,Reserves,Neighborhood Renewal Reserve,380000.00
2025,Neighbourhoods,Building Great Neighbourhoods,20-40-9018,NRP Recon - Grandview Heights,Reserves,Neighborhood Renewal Reserve,150000.00
2025,Neighbourhoods,Building Great Neighbourhoods,19-40-9012,NRP Recon - Highlands,Reserves,Neighborhood Renewal Reserve,425000.00
2025,Neighbourhoods,Building Great Neighbourhoods,21-40-9026,NRP Recon - Malmo Plains,Reserves,Neighborhood Renewal Reserve,95000.00
2025,Neighbourhoods,Building Great Neighbourhoods,15-66-4010,NRP Recon - Montrose,Reserves,Neighborhood Renewal Reserve,88000.00
2025,Neighbourhoods,Building Great Neighbourhoods,15-66-4050,NRP Recon - Newton (S/123 Ave),Reserves,Neighborhood Renewal Reserve,27000.00
2025,Neighbourhoods,Building Great Neighbourhoods,19-40-9015,NRP Recon - Royal Gardens,Reserves,Neighborhood Renewal Reserve,212000.00
2025,Neighbourhoods,Building Great Neighbourhoods,18-66-4024,NRP Recon - Spruce Avenue,Reserves,Neighborhood Renewal Reserve,253000.00
2025,Neighbourhoods,Building Great Neighbourhoods,19-40-9014,NRP Recon - Strathcona,Reserves,Neighborhood Renewal Reserve,92000.00
2025,Neighbourhoods,Building Great Neighbourhoods,21-40-9023,NRP/NARP Recon - Beaumaris Neighbourhood and Alleys,Reserves,Neighborhood Renewal Reserve,279000.00
2025,Neighbourhoods,Building Great Neighbourhoods,23-40-9033,Ottewell Neighbourhood Reconstruction,Local Improvements,Local Improvements Property Share,2202000.00
2025,Neighbourhoods,Building Great Neighbourhoods,23-40-9033,Ottewell Neighbourhood Reconstruction,Pay-As-You-Go (PAYG),Pay-As-You-Go,-87000.00
2025,Neighbourhoods,Building Great Neighbourhoods,23-40-9033,Ottewell Neighbourhood Reconstruction,Reserves,Neighborhood Renewal Reserve,13340000.00
2025,Neighbourhoods,Building Great Neighbourhoods,24-40-9049,Overlanders and Homesteader Neighbourhoods Reconstruction,Local Improvements,Local Improvements Property Share,2028000.00
2025,Neighbourhoods,Building Great Neighbourhoods,24-40-9049,Overlanders and Homesteader Neighbourhoods Reconstruction,Pay-As-You-Go (PAYG),Pay-As-You-Go,-310000.00
2025,Neighbourhoods,Building Great Neighbourhoods,24-40-9049,Overlanders and Homesteader Neighbourhoods Reconstruction,Reserves,Neighborhood Renewal Reserve,4458000.00
2025,Neighbourhoods,Building Great Neighbourhoods,23-40-9036,"Pollard Meadows, Daly Grove, Crawford Plains Alley Reconstruction",Reserves,Neighborhood Renewal Reserve,179000.00
2025,Neighbourhoods,Building Great Neighbourhoods,23-40-9037,Royal Gardens and Rideau Park Alley Reconstruction,Reserves,Neighborhood Renewal Reserve,627000.00
2025,Neighbourhoods,Building Great Neighbourhoods,23-40-9046,Strathearn Alley Reconstruction,Reserves,Neighborhood Renewal Reserve,5684000.00
2025,Parks,Building Great Neighbourhoods,23-30-9322,Beaver Hills House/Michael Phair Parks Upgrades,Community Revitalization Levy,Debt CRL Downtown,5038000.00
2025,Parks,Building Great Neighbourhoods,23-30-9322,Beaver Hills House/Michael Phair Parks Upgrades,Grants,Other Grants - Federal,200000.00
2025,Parks,Building Great Neighbourhoods,23-30-9322,Beaver Hills House/Michael Phair Parks Upgrades,Pay-As-You-Go (PAYG),Pay-As-You-Go,683000.00
2025,Parks,Building Great Neighbourhoods,23-30-9322,Beaver Hills House/Michael Phair Parks Upgrades,Reserves,Neighborhood Renewal Reserve,180000.00
2025,Parks,Building Great Neighbourhoods,21-10-9104,Centennial Plaza Renewal,Community Revitalization Levy,Debt CRL Downtown,9000.00
2025,Parks,Building Great Neighbourhoods,21-10-9104,Centennial Plaza Renewal,Pay-As-You-Go (PAYG),Pay-As-You-Go,778000.00
2025,Parks,Building Great Neighbourhoods,24-32-9430,Clarke Stadium Artificial Turf Renewal,Grants,Local Government Fiscal Framework,1020000.00
2025,Parks,Building Great Neighbourhoods,24-32-9430,Clarke Stadium Artificial Turf Renewal,Pay-As-You-Go (PAYG),Pay-As-You-Go,739000.00
2025,Parks,Building Great Neighbourhoods,21-32-9100,Confederation District Park Renewal,Pay-As-You-Go (PAYG),Pay-As-You-Go,1929000.00
2025,Parks,Building Great Neighbourhoods,21-30-9303,Glengarry District Park Renewal,Pay-As-You-Go (PAYG),Pay-As-You-Go,18000.00
2025,Parks,Building Great Neighbourhoods,18-28-1014,Heritage Valley District Park,Pay-As-You-Go (PAYG),Pay-As-You-Go,838000.00
2025,Parks,Building Great Neighbourhoods,21-30-9304,Keswick East Park Development,Grants,Canada Community-Building Fund (CCBF),273000.00
2025,Parks,Building Great Neighbourhoods,21-30-9304,Keswick East Park Development,Pay-As-You-Go (PAYG),Pay-As-You-Go,74000.00
2025,Parks,Building Great Neighbourhoods,21-30-9305,Keswick West Park Development,Grants,Canada Community-Building Fund (CCBF),375000.00
2025,Parks,Building Great Neighbourhoods,21-30-9305,Keswick West Park Development,Pay-As-You-Go (PAYG),Pay-As-You-Go,57000.00
2025,Parks,Building Great Neighbourhoods,CM-36-3636,Neighbourhood Park Development Program - New,Developer / Partner Financing,Partnership Funding,770000.00
2025,Parks,Building Great Neighbourhoods,CM-36-3636,Neighbourhood Park Development Program - New,Pay-As-You-Go (PAYG),Pay-As-You-Go,4052000.00
2025,Parks,Building Great Neighbourhoods,CM-33-0000,Open Space: Open Spaces - Renewal,Pay-As-You-Go (PAYG),Pay-As-You-Go,3571000.00
2025,Parks,Building Great Neighbourhoods,CM-38-0000,Open Space: Overland Drainage - Renewal,Pay-As-You-Go (PAYG),Pay-As-You-Go,1809000.00
2025,Parks,Building Great Neighbourhoods,CM-32-0000,Open Space: Parks - Renewal,Grants,Local Government Fiscal Framework,13828000.00
2025,Parks,Building Great Neighbourhoods,CM-32-0000,Open Space: Parks - Renewal,Pay-As-You-Go (PAYG),Pay-As-You-Go,700000.00
2025,Parks,Building Great Neighbourhoods,CM-36-0000,Open Space: Partner Renewal (NPDP Renewal),Pay-As-You-Go (PAYG),Pay-As-You-Go,2372000.00
2025,Parks,Building Great Neighbourhoods,CM-30-3030,Open Space: Planning and Design - Growth,Grants,Federal - Active Transportation Fund,14000.00
2025,Parks,Building Great Neighbourhoods,CM-30-3030,Open Space: Planning and Design - Growth,Pay-As-You-Go (PAYG),Pay-As-You-Go,4761000.00
2025,Parks,Building Great Neighbourhoods,CM-31-0000,Open Space: River Valley System - Renewal,Pay-As-You-Go (PAYG),Pay-As-You-Go,6684000.00
2025,Parks,Building Great Neighbourhoods,23-30-9320,Secord South Park Development,Pay-As-You-Go (PAYG),Pay-As-You-Go,728000.00
2025,Parks,Building Great Neighbourhoods,21-30-9302,Urban Tree Canopy Expansion,Pay-As-You-Go (PAYG),Pay-As-You-Go,248000.00
2025,Parks,Building Great Neighbourhoods,23-30-9321,Warehouse Park,Community Revitalization Levy,Debt CRL Downtown,35846000.00
2025,Parks,Building Great Neighbourhoods,23-30-9321,Warehouse Park,Pay-As-You-Go (PAYG),Pay-As-You-Go,985000.00
2025,Parks,Infrastructure Delivery,15-28-4200,"Ambleside SW District Office, Maintenance Yard & Fuel Site",Pay-As-You-Go (PAYG),Pay-As-You-Go,17000.00
2025,Parks,Infrastructure Delivery,23-10-9317,Kennedale Snow Storage Site Upgrades,Grants,Local Government Fiscal Framework,4818000.00
2025,Parks,Infrastructure Delivery,23-10-9317,Kennedale Snow Storage Site Upgrades,Pay-As-You-Go (PAYG),Pay-As-You-Go,1955000.00
2025,Parks,Infrastructure Delivery,21-31-9100,Rundle Park Road and Parking Lot Renewal,Pay-As-You-Go (PAYG),Pay-As-You-Go,144000.00
2025,Parks,Infrastructure Delivery,21-32-9101,William Hawrelak Park Rehabilitation,Tax-Supported Debt,Tax-Supported Debt,46363000.00
2025,Parks,Infrastructure Planning and Design,CM-39-0000,Open Space - Minor Renewal Program,Pay-As-You-Go (PAYG),Pay-As-You-Go,4774000.00
2025,Parks,Infrastructure Planning and Design,CM-39-0000,Open Space - Minor Renewal Program,Reserves,Cemetery Reserve,50000.00
2025,Parks,Infrastructure Planning and Design,CM-37-0000,Open Space: Contaminated Site Management Program,Pay-As-You-Go (PAYG),Pay-As-You-Go,2631000.00
2025,Parks,Infrastructure Planning and Design,CM-34-0000,Open Space: Landslide and Erosion Management Program,Developer / Partner Financing,Developer Financing,5168000.00
2025,Parks,Infrastructure Planning and Design,CM-34-0000,Open Space: Landslide and Erosion Management Program,Grants,Local Government Fiscal Framework,2187000.00
2025,Parks,Infrastructure Planning and Design,CM-34-0000,Open Space: Landslide and Erosion Management Program,Pay-As-You-Go (PAYG),Pay-As-You-Go,4467000.00
2025,Parks,Infrastructure Planning and Design,CM-35-0000,Open Space: Soft Landscaping: Renewal,Grants,Other Grants - Provincial,89000.00
2025,Parks,Infrastructure Planning and Design,CM-35-0000,Open Space: Soft Landscaping: Renewal,Pay-As-You-Go (PAYG),Pay-As-You-Go,7394000.00
2025,Parks,Parks and Roads Services,CM-35-1000,Greener As We Grow Tree Planting Program,Grants,Two Billion Trees Grant,6690000.00
2025,Parks,Parks and Roads Services,CM-35-1000,Greener As We Grow Tree Planting Program,Pay-As-You-Go (PAYG),Pay-As-You-Go,9472000.00
2025,Parks,Parks and Roads Services,CM-35-1000,Greener As We Grow Tree Planting Program,Reserves,Corporate Tree Reserve,1789000.00
2025,Parks,Planning and Environment Services,CM-17-1024,District Park Land Acquisition (FMP Repayment),Reserves,Funds-in-Lieu Reserve,1000000.00
2025,Parks,Planning and Environment Services,CM-17-1022,District Park Land Acquisition (New ASPs),Reserves,Funds-in-Lieu Reserve,4426000.00
2025,Parks,Planning and Environment Services,CM-16-1232,Dry Pond Land Acquisitions,Developer / Partner Financing,EPCOR Contribution,4962000.00
2025,Parks,Planning and Environment Services,CM-17-1020,Mature Area Land Acquisition,Pay-As-You-Go (PAYG),Pay-As-You-Go,490000.00
2025,Parks,Planning and Environment Services,CM-17-1020,Mature Area Land Acquisition,Reserves,Funds-in-Lieu Reserve,5923000.00
2025,Parks,Planning and Environment Services,CM-17-3017,Natural Areas Acquisition,Reserves,Natural Area Reserve,6500000.00
2025,Parks,Planning and Environment Services,12-17-0007,Natural Areas Acquisition & Conservation,Tax-Supported Debt,Tax-Supported Debt,194000.00
2025,Parks,Planning and Environment Services,CM-21-6000,Pedestrian Wayfinding,Pay-As-You-Go (PAYG),Pay-As-You-Go,136000.00
2025,Parks,Planning and Environment Services,CM-17-1001,River Valley Land Acquisition,Pay-As-You-Go (PAYG),Pay-As-You-Go,560000.00
2025,Parks,Planning and Environment Services,CM-17-1001,River Valley Land Acquisition,Reserves,Parkland Purchase Reserve,6722000.00
2025,Parks,Planning and Environment Services,CM-17-1010,Shared Park Development Program,Pay-As-You-Go (PAYG),Pay-As-You-Go,68000.00
2025,Parks,Planning and Environment Services,CM-17-1004,Suburban School and Park Land Acquisition,Reserves,Funds-in-Lieu Reserve,7514000.00
2025,Public Safety,Community Recreation and Culture,CM-21-1771,Safety and Security for CRC,Pay-As-You-Go (PAYG),Pay-As-You-Go,3147000.00
2025,Public Safety,Community Standards,CM-21-0012,Community Standards and Neighbourhoods - Equipment Conservation,Pay-As-You-Go (PAYG),Pay-As-You-Go,1866000.00
2025,Public Safety,Fire Rescue Services,CM-70-0002,Fire Apparatus For New Station Growth Projects,Pay-As-You-Go (PAYG),Pay-As-You-Go,2289000.00
2025,Public Safety,Fire Rescue Services,CM-70-0002,Fire Apparatus For New Station Growth Projects,Reserves,Fleet Services Replacement Rsv,401000.00
2025,Public Safety,Fire Rescue Services,CM-70-0001,Fire Rescue Equipment Replacement,Pay-As-You-Go (PAYG),Pay-As-You-Go,3883000.00
2025,Public Safety,Infrastructure Delivery,21-11-9600,EPS-Police Headquarters Rehabilitation,Grants,Local Government Fiscal Framework,1243000.00
2025,Public Safety,Infrastructure Delivery,21-11-9600,EPS-Police Headquarters Rehabilitation,Pay-As-You-Go (PAYG),Pay-As-You-Go,6345000.00
2025,Public Safety,Infrastructure Delivery,21-11-9600,EPS-Police Headquarters Rehabilitation,Pay-As-You-Go (PAYG),PAYG Capital Reserve - Police,48000.00
2025,Public Safety,Infrastructure Delivery,24-11-9611,Fire Station 7 (Highlands) Building Rehabilitation,Grants,Local Government Fiscal Framework,8482000.00
2025,Public Safety,Infrastructure Delivery,24-11-9611,Fire Station 7 (Highlands) Building Rehabilitation,Pay-As-You-Go (PAYG),Pay-As-You-Go,643000.00
2025,Public Safety,Infrastructure Delivery,24-11-9611,Fire Station 7 (Highlands) Building Rehabilitation,Tax-Supported Debt,Tax-Supported Debt,1600000.00
2025,Public Safety,Infrastructure Delivery,20-10-9003,Fire Station No.19 Rehabilitation,Pay-As-You-Go (PAYG),Pay-As-You-Go,103000.00
2025,Public Safety,Infrastructure Delivery,20-10-9002,Fire Station No.3 Rehabilitation,Pay-As-You-Go (PAYG),Pay-As-You-Go,1548000.00
2025,Public Safety,Infrastructure Delivery,12-70-0020,Pilot Sound Fire Station,Pay-As-You-Go (PAYG),Pay-As-You-Go,57000.00
2025,Public Safety,Infrastructure Delivery,15-70-0004,Windermere Fire Station,Pay-As-You-Go (PAYG),Pay-As-You-Go,495000.00
2025,Public Safety,Infrastructure Planning and Design,CM-11-0000,Facility: Safety and Security - Renewal,Grants,Local Government Fiscal Framework,6735000.00
2025,Public Safety,Infrastructure Planning and Design,CM-11-0000,Facility: Safety and Security - Renewal,Pay-As-You-Go (PAYG),Pay-As-You-Go,3953000.00
2025,Public Safety,Infrastructure Planning and Design,CM-11-0000,Facility: Safety and Security - Renewal,Pay-As-You-Go (PAYG),PAYG Capital Reserve - Police,350000.00
2025,Public Safety,Infrastructure Planning and Design,21-10-9105,Fire Station #8 Relocation - Blatchford,Tax-Supported Debt,Tax-Supported Debt,19984000.00
2025,Public Safety,LRT Expansion and Renewal,16-66-3302,LRT NE Crossings - Safety Improvements,Pay-As-You-Go (PAYG),Pay-As-You-Go,2000.00
2025,Public Safety,Parks and Roads Services,CM-66-2597,Automated Enforcement Assets,Reserves,Traffic Safety Automated Enfmt Resrv,2880000.00
2025,Public Safety,Parks and Roads Services,CM-66-2596,Safe and Livable Community Streets,Reserves,Traffic Safety Automated Enfmt Resrv,8440000.00
2025,Public Safety,Parks and Roads Services,CM-66-2585,Safe Crossings,Reserves,Traffic Safety Automated Enfmt Resrv,8202000.00
2025,Public Safety,Police Service,21-60-1747,Automated Fingerprint Identification Sys,Pay-As-You-Go (PAYG),PAYG Capital Reserve - Police,51000.00
2025,Public Safety,Police Service,24-60-1611,Body Worn Video,Grants,Police Recruitment Support Provincial Grant,405000.00
2025,Public Safety,Police Service,24-60-1611,Body Worn Video,Pay-As-You-Go (PAYG),Pay-As-You-Go,2369000.00
2025,Public Safety,Police Service,21-60-1472,"CRIMM - CAD-RMS Integration, Modernization and Maximization",Pay-As-You-Go (PAYG),Pay-As-You-Go,-262000.00
2025,Public Safety,Police Service,21-60-1471,EPS Enterprise Commons,Pay-As-You-Go (PAYG),PAYG Capital Reserve - Police,-453000.00
2025,Public Safety,Police Service,12-60-1376,Northwest Campus,Tax-Supported Debt,Tax-Supported Debt,921000.00
2025,Public Safety,Police Service,CM-60-1771,Police Equipment,Developer / Partner Financing,Partnership Funding,19000.00
2025,Public Safety,Police Service,CM-60-1771,Police Equipment,Grants,Guns and Gangs Violence Action Fund - Provincial,364000.00
2025,Public Safety,Police Service,CM-60-1771,Police Equipment,Pay-As-You-Go (PAYG),Pay-As-You-Go,3754000.00
2025,Public Safety,Police Service,CM-60-1771,Police Equipment,Pay-As-You-Go (PAYG),PAYG Capital Reserve - Police,114000.00
2025,Public Safety,Police Service,CM-60-1461,Police IT - Applications Enhancement,Grants,Other Grants - Provincial,1240000.00
2025,Public Safety,Police Service,CM-60-1461,Police IT - Applications Enhancement,Pay-As-You-Go (PAYG),Pay-As-You-Go,-235000.00
2025,Public Safety,Police Service,CM-60-1460,Police IT - Applications Sustainment,Pay-As-You-Go (PAYG),Pay-As-You-Go,86000.00
2025,Public Safety,Police Service,CM-60-1433,Police IT - Infrastructure Sustainment,Grants,Provincial E911 Levy Grant,14000.00
2025,Public Safety,Police Service,CM-60-1433,Police IT - Infrastructure Sustainment,Pay-As-You-Go (PAYG),Pay-As-You-Go,1567000.00
2025,Public Safety,Police Service,CM-60-1425,Radio Life Cycle,Grants,Alberta Mental Health and Addiction Provincial Grant,30000.00
2025,Public Safety,Police Service,CM-60-1425,Radio Life Cycle,Pay-As-You-Go (PAYG),Pay-As-You-Go,4993000.00
2025,Public Safety,Police Service,CM-60-1425,Radio Life Cycle,Pay-As-You-Go (PAYG),PAYG Capital Reserve - Police,239000.00
2025,Public Safety,Police Service,CM-60-1765,Vehicle Replacements,Grants,Alberta Mental Health and Addiction Provincial Grant,48000.00
2025,Public Safety,Police Service,CM-60-1765,Vehicle Replacements,Grants,Police Recruitment Support Provincial Grant,962000.00
2025,Public Safety,Police Service,CM-60-1765,Vehicle Replacements,Pay-As-You-Go (PAYG),PAYG Capital Reserve - Police,13185000.00
2025,Public Transit,Edmonton Transit Service,CM-61-3609,Bus Equipment Renewal,Pay-As-You-Go (PAYG),Pay-As-You-Go,2607000.00
2025,Public Transit,Edmonton Transit Service,CM-66-3600,Bus Fleet & Equipment Rehab & Replacement,Developer / Partner Financing,Partnership Funding,-77000.00
2025,Public Transit,Edmonton Transit Service,CM-66-3600,Bus Fleet & Equipment Rehab & Replacement,Grants,Canada Community-Building Fund (CCBF),11755000.00
2025,Public Transit,Edmonton Transit Service,CM-66-3600,Bus Fleet & Equipment Rehab & Replacement,Grants,Local Government Fiscal Framework,27635000.00
2025,Public Transit,Edmonton Transit Service,CM-66-3600,Bus Fleet & Equipment Rehab & Replacement,Pay-As-You-Go (PAYG),Pay-As-You-Go,5847000.00
2025,Public Transit,Edmonton Transit Service,24-61-3623,Growth Buses,Reserves,LRT Reserve,5048000.00
2025,Public Transit,Edmonton Transit Service,CM-66-3000,Transit Communications Renewal,Pay-As-You-Go (PAYG),Pay-As-You-Go,3645000.00
2025,Public Transit,Edmonton Transit Service,13-66-1294,Transit Smart Fare System (Smart Card),Developer / Partner Financing,Partnership Funding,1618000.00
2025,Public Transit,Edmonton Transit Service,13-66-1294,Transit Smart Fare System (Smart Card),Grants,Green-trip,3583000.00
2025,Public Transit,Edmonton Transit Service,13-66-1294,Transit Smart Fare System (Smart Card),Pay-As-You-Go (PAYG),Pay-As-You-Go,1821000.00
2025,Public Transit,Infrastructure Delivery,12-66-1413,Kathleen Andrews Transit Garage,Tax-Supported Debt,Tax-Supported Debt,7814000.00
2025,Public Transit,Infrastructure Planning and Design,20-20-2022,New Transit Bus Garage,Grants,Federal - Zero Emission Transit Fund,-1300000.00
2025,Public Transit,Infrastructure Planning and Design,20-20-2022,New Transit Bus Garage,Pay-As-You-Go (PAYG),Pay-As-You-Go,-9000.00
2025,Public Transit,Infrastructure Planning and Design,20-20-2022,New Transit Bus Garage,Tax-Supported Debt,Tax-Supported Debt,160017000.00
2025,Public Transit,LRT Expansion and Renewal,21-25-9501,Central LRT Station Escalator Renewal,Pay-As-You-Go (PAYG),Pay-As-You-Go,562000.00
2025,Public Transit,LRT Expansion and Renewal,CM-21-0000,Transportation: Public Transit - Renewal,Grants,Local Government Fiscal Framework,8762000.00
2025,Public Transit,LRT Expansion and Renewal,CM-21-0000,Transportation: Public Transit - Renewal,Pay-As-You-Go (PAYG),Pay-As-You-Go,2190000.00
2025,Recreation & Culture,Building Great Neighbourhoods,24-31-9200,Rundle Park Trail Renewal,Pay-As-You-Go (PAYG),Pay-As-You-Go,5532000.00
2025,Recreation & Culture,Community Recreation and Culture,CM-21-2010,Commonwealth Stadium Equipment,Reserves,Stadium Reserve,-260000.00
2025,Recreation & Culture,Community Recreation and Culture,CM-21-5601,Community Recreation and Culture - Equipment Conservation,Pay-As-You-Go (PAYG),Pay-As-You-Go,3357000.00
2025,Recreation & Culture,Infrastructure Delivery,20-12-0200,ACT Aquatic and Recreation Centre Renewal,Pay-As-You-Go (PAYG),Pay-As-You-Go,490000.00
2025,Recreation & Culture,Infrastructure Delivery,20-12-9200,Civic Precinct Surface Renewal Phase 2,Pay-As-You-Go (PAYG),Pay-As-You-Go,29000.00
2025,Recreation & Culture,Infrastructure Delivery,25-10-9550,Coliseum Demolition and Site Improvements,Grants,Provincial Grant,750000.00
2025,Recreation & Culture,Infrastructure Delivery,22-10-9312,Commonwealth Recreation Centre Solar Photovoltaic Project,Tax-Supported Debt,Tax-Supported Debt,322000.00
2025,Recreation & Culture,Infrastructure Delivery,15-21-5801,Coronation Park Sports and Recreation Centre,Pay-As-You-Go (PAYG),Pay-As-You-Go,140000.00
2025,Recreation & Culture,Infrastructure Delivery,15-21-5801,Coronation Park Sports and Recreation Centre,Tax-Supported Debt,Tax-Supported Debt,868000.00
2025,Recreation & Culture,Infrastructure Delivery,21-12-0350,Edmonton EXPO Centre Rehabilitation,Grants,Local Government Fiscal Framework,2280000.00
2025,Recreation & Culture,Infrastructure Delivery,21-12-0350,Edmonton EXPO Centre Rehabilitation,Pay-As-You-Go (PAYG),Pay-As-You-Go,3008000.00
2025,Recreation & Culture,Infrastructure Delivery,21-12-0350,Edmonton EXPO Centre Rehabilitation,Tax-Supported Debt,Tax-Supported Debt,1184000.00
2025,Recreation & Culture,Infrastructure Delivery,17-21-1000,Edmonton Soccer Association South Soccer Centre Expansion,Tax-Supported Debt,Tax-Supported Debt,1230000.00
2025,Recreation & Culture,Infrastructure Delivery,15-21-6973,Fort Edmonton Park - Utilities & Enhancements,Grants,Federal Bldg Canada Fund,8289000.00
2025,Recreation & Culture,Infrastructure Delivery,15-21-6973,Fort Edmonton Park - Utilities & Enhancements,Pay-As-You-Go (PAYG),Pay-As-You-Go,27000.00
2025,Recreation & Culture,Infrastructure Delivery,25-12-9501,Fort Edmonton Park Renewal,Grants,Local Government Fiscal Framework,9152000.00
2025,Recreation & Culture,Infrastructure Delivery,25-12-9501,Fort Edmonton Park Renewal,Pay-As-You-Go (PAYG),Pay-As-You-Go,1383000.00
2025,Recreation & Culture,Infrastructure Delivery,21-10-9103,Iron Works Building Rehabilitation,Community Revitalization Levy,Debt CRL Quarters,4054000.00
2025,Recreation & Culture,Infrastructure Delivery,21-10-9103,Iron Works Building Rehabilitation,Tax-Supported Debt,Tax-Supported Debt,4007000.00
2025,Recreation & Culture,Infrastructure Delivery,15-21-3400,Kihciy Askiy Sacred Earth,Pay-As-You-Go (PAYG),Pay-As-You-Go,254000.00
2025,Recreation & Culture,Infrastructure Delivery,21-12-0330,Kinsmen Sports Centre Facility Rehabilitation,Grants,Local Government Fiscal Framework,628000.00
2025,Recreation & Culture,Infrastructure Delivery,21-12-0330,Kinsmen Sports Centre Facility Rehabilitation,Pay-As-You-Go (PAYG),Pay-As-You-Go,4387000.00
2025,Recreation & Culture,Infrastructure Delivery,21-12-0330,Kinsmen Sports Centre Facility Rehabilitation,Tax-Supported Debt,Tax-Supported Debt,2820000.00
2025,Recreation & Culture,Infrastructure Delivery,15-21-5785,Lewis Farms Community Recreation Centre and Library,Tax-Supported Debt,Tax-Supported Debt,142165000.00
2025,Recreation & Culture,Infrastructure Delivery,22-12-9008,Mill Creek Pool Rehabilitation,Pay-As-You-Go (PAYG),Pay-As-You-Go,1266000.00
2025,Recreation & Culture,Infrastructure Delivery,11-21-1004,Mill Woods Sr Centre & Multiculture Fac.,Pay-As-You-Go (PAYG),Pay-As-You-Go,76000.00
2025,Recreation & Culture,Infrastructure Delivery,23-12-9201,Northgate Lions Senior Centre Rehabilitation,Grants,Federal Grant,414000.00
2025,Recreation & Culture,Infrastructure Delivery,23-12-9201,Northgate Lions Senior Centre Rehabilitation,Pay-As-You-Go (PAYG),Pay-As-You-Go,1805000.00
2025,Recreation & Culture,Infrastructure Delivery,20-12-0230,Ortona Armoury Arts Building Renewal,Grants,Canada Cultural Spaces Fund Grant,35000.00
2025,Recreation & Culture,Infrastructure Delivery,20-12-0230,Ortona Armoury Arts Building Renewal,Pay-As-You-Go (PAYG),Pay-As-You-Go,422000.00
2025,Recreation & Culture,Infrastructure Delivery,21-12-0310,Peter Hemingway Fitness & Leisure Centre Rehabilitation,Grants,Canada Community-Building Fund (CCBF),547000.00
2025,Recreation & Culture,Infrastructure Delivery,21-12-0310,Peter Hemingway Fitness & Leisure Centre Rehabilitation,Grants,Local Government Fiscal Framework,539000.00
2025,Recreation & Culture,Infrastructure Delivery,21-12-0310,Peter Hemingway Fitness & Leisure Centre Rehabilitation,Pay-As-You-Go (PAYG),Pay-As-You-Go,3390000.00
2025,Recreation & Culture,Infrastructure Delivery,21-12-0310,Peter Hemingway Fitness & Leisure Centre Rehabilitation,Tax-Supported Debt,Tax-Supported Debt,5919000.00
2025,Recreation & Culture,Infrastructure Delivery,13-21-5350,South Haven Cemetery Serv Bldg & Road,Reserves,Cemetery Reserve,37000.00
2025,Recreation & Culture,Infrastructure Delivery,21-12-0340,The Orange Hub Phase II Rehabilitation,Pay-As-You-Go (PAYG),Pay-As-You-Go,303000.00
2025,Recreation & Culture,Infrastructure Delivery,22-12-9007,Valley Zoo - Nature's Wild Backyard Phase II,Pay-As-You-Go (PAYG),Pay-As-You-Go,232000.00
2025,Recreation & Culture,Infrastructure Planning and Design,CM-12-0097,Facilities: Downtown Arena (Rogers Place) Renewal,Pay-As-You-Go (PAYG),Pay-As-You-Go,-56000.00
2025,Recreation & Culture,Infrastructure Planning and Design,CM-12-0097,Facilities: Downtown Arena (Rogers Place) Renewal,Reserves,Rogers Place Arena Reserve,6826000.00
2025,Recreation & Culture,Infrastructure Planning and Design,CM-12-0300,Valley Zoo Animal Enclosure Renewal and Enhancement,Pay-As-You-Go (PAYG),Pay-As-You-Go,6022000.00
2025,Recreation & Culture,Infrastructure Planning and Design,CM-12-0300,Valley Zoo Animal Enclosure Renewal and Enhancement,Tax-Supported Debt,Tax-Supported Debt,14800000.00
2025,Recreation & Culture,LRT Expansion and Renewal,24-20-9340,Harbin Gate,Community Revitalization Levy,Debt CRL Downtown,2901000.00
2025,Recreation & Culture,Public Library,CM-20-0050,IT Infrastructure Renewal,Pay-As-You-Go (PAYG),Pay-As-You-Go,615000.00
2025,Recreation & Culture,Public Library,CM-20-0052,Library Furniture and Equipment,Pay-As-You-Go (PAYG),Pay-As-You-Go,551000.00
2025,Recreation & Culture,Public Library,CM-20-0052,Library Furniture and Equipment,Pay-As-You-Go (PAYG),Pay-As-You-Go - Library,200000.00
2025,Recreation & Culture,Public Library,CM-20-0052,Library Furniture and Equipment,Reserves,Other Reserve,1372000.00
2025,Recreation & Culture,Public Library,CM-20-0051,Library Materials,Pay-As-You-Go (PAYG),Pay-As-You-Go - Library,6451000.00
2025,Recreation & Culture,Public Library,03-20-0019,Mill Woods Branch Relocation & Expansion,Pay-As-You-Go (PAYG),Pay-As-You-Go,7000.00
2025,Recreation & Culture,Public Library,12-20-0055,Milner Library Renewal & Upgrades,Tax-Supported Debt,Tax-Supported Debt,855000.00
2025,Roads,Building Great Neighbourhoods,22-22-9700,124 Street - 109 Avenue to 118 Avenue,Pay-As-You-Go (PAYG),Pay-As-You-Go,468000.00
2025,Roads,Building Great Neighbourhoods,23-40-9034,132 Avenue: 97 to 127 Street Reconstruction,Pay-As-You-Go (PAYG),Pay-As-You-Go,-18000.00
2025,Roads,Building Great Neighbourhoods,23-40-9034,132 Avenue: 97 to 127 Street Reconstruction,Reserves,Neighborhood Renewal Reserve,20151000.00
2025,Roads,Building Great Neighbourhoods,23-40-9030,Balwin and Belvedere Revitalization,Pay-As-You-Go (PAYG),Pay-As-You-Go,357000.00
2025,Roads,Building Great Neighbourhoods,23-40-9030,Balwin and Belvedere Revitalization,Tax-Supported Debt,Tax-Supported Debt,13138000.00
2025,Roads,Building Great Neighbourhoods,CM-40-9000,Building Great Neighbourhoods Delivery - Growth,Pay-As-You-Go (PAYG),Pay-As-You-Go,2488000.00
2025,Roads,Building Great Neighbourhoods,CM-40-4040,Building Great Neighbourhoods: Planning and Design - Growth,Pay-As-You-Go (PAYG),Pay-As-You-Go,1363000.00
2025,Roads,Building Great Neighbourhoods,22-34-9400,Capilano Bridge Trail (Southwest) Repair,Pay-As-You-Go (PAYG),Pay-As-You-Go,654000.00
2025,Roads,Building Great Neighbourhoods,CM-20-3102,Chinatown Infrastructure Improvements,Pay-As-You-Go (PAYG),Pay-As-You-Go,7949000.00
2025,Roads,Building Great Neighbourhoods,22-40-9028,Killarney Neighbourhood Reconstruction,Reserves,Neighborhood Renewal Reserve,14000.00
2025,Roads,Building Great Neighbourhoods,21-40-9027,NARP Recon - North Glenora Alleys,Reserves,Neighborhood Renewal Reserve,125000.00
2025,Roads,Building Great Neighbourhoods,23-40-9038,"North East Roads Program - Mayliewan, Ozerna",Reserves,Neighborhood Renewal Reserve,100000.00
2025,Roads,Building Great Neighbourhoods,20-40-9017,NRP Recon - Eastwood/Elmwood Park/Yellowhead Corridor East Ind,Reserves,Neighborhood Renewal Reserve,223000.00
2025,Roads,Building Great Neighbourhoods,20-40-9019,NRP/NARP Recon - Lorelei Neighbourhood and Alleys,Reserves,Neighborhood Renewal Reserve,112000.00
2025,Roads,Building Great Neighbourhoods,22-40-9029,Pleasantview Neighbourhood Reconstruction,Reserves,Neighborhood Renewal Reserve,94000.00
2025,Roads,Building Great Neighbourhoods,CM-40-9001,Rural and Industrial Road Upgrading,Pay-As-You-Go (PAYG),Pay-As-You-Go,24000.00
2025,Roads,Building Great Neighbourhoods,CM-27-0000,Transportation: Neighbourhood Alley Renewal Program,Reserves,Neighborhood Renewal Reserve,3187000.00
2025,Roads,Building Great Neighbourhoods,CM-25-0000,Transportation: Neighbourhoods - Renewal,Local Improvements,Local Improvements Property Share,3991000.00
2025,Roads,Building Great Neighbourhoods,CM-25-0000,Transportation: Neighbourhoods - Renewal,Reserves,Neighborhood Renewal Reserve,21385000.00
2025,Roads,Infrastructure Delivery,21-50-9101,103 Avenue Streetscape,Community Revitalization Levy,Debt CRL Downtown,217000.00
2025,Roads,Infrastructure Delivery,19-22-9003,105 Avenue,Pay-As-You-Go (PAYG),Pay-As-You-Go,63000.00
2025,Roads,Infrastructure Delivery,23-22-9703,107 Avenue Revitalization,Grants,Federal - Active Transportation Fund,7000.00
2025,Roads,Infrastructure Delivery,23-22-9703,107 Avenue Revitalization,Tax-Supported Debt,Tax-Supported Debt,12458000.00
2025,Roads,Infrastructure Delivery,23-24-9410,167 Street SW over Whitemud Creek Bridge (B453) Replacement,Grants,Local Government Fiscal Framework,82000.00
2025,Roads,Infrastructure Delivery,23-24-9410,167 Street SW over Whitemud Creek Bridge (B453) Replacement,Pay-As-You-Go (PAYG),Pay-As-You-Go,202000.00
2025,Roads,Infrastructure Delivery,25-24-9435,17 Street Bridges Over Yellowhead Trail (B142/B133) Replacement,Grants,Local Government Fiscal Framework,3876000.00
2025,Roads,Infrastructure Delivery,25-24-9435,17 Street Bridges Over Yellowhead Trail (B142/B133) Replacement,Pay-As-You-Go (PAYG),Pay-As-You-Go,821000.00
2025,Roads,Infrastructure Delivery,21-20-2100,170 Street Pedestrian Bridge,Developer / Partner Financing,Developer Financing,335000.00
2025,Roads,Infrastructure Delivery,21-20-2100,170 Street Pedestrian Bridge,Pay-As-You-Go (PAYG),Pay-As-You-Go,407000.00
2025,Roads,Infrastructure Delivery,23-24-9401,23 Avenue over Whitemud Creek Pedestrian Bridge Replacement,Grants,Canada Community-Building Fund (CCBF),815000.00
2025,Roads,Infrastructure Delivery,23-24-9401,23 Avenue over Whitemud Creek Pedestrian Bridge Replacement,Pay-As-You-Go (PAYG),Pay-As-You-Go,7000.00
2025,Roads,Infrastructure Delivery,24-24-9421,50 Street Bridge (B202) Rehabilitation over Whitemud Drive,Grants,Local Government Fiscal Framework,7775000.00
2025,Roads,Infrastructure Delivery,24-24-9421,50 Street Bridge (B202) Rehabilitation over Whitemud Drive,Pay-As-You-Go (PAYG),Pay-As-You-Go,160000.00
2025,Roads,Infrastructure Delivery,18-66-6503,50 Street CPR Grade Separation,Developer / Partner Financing,Partnership Funding,-1603000.00
2025,Roads,Infrastructure Delivery,18-66-6503,50 Street CPR Grade Separation,Grants,Canada Community-Building Fund (CCBF),17919000.00
2025,Roads,Infrastructure Delivery,18-66-6503,50 Street CPR Grade Separation,Grants,Federal Grant,21469000.00
2025,Roads,Infrastructure Delivery,18-66-6503,50 Street CPR Grade Separation,Pay-As-You-Go (PAYG),Pay-As-You-Go,246000.00
2025,Roads,Infrastructure Delivery,18-66-6503,50 Street CPR Grade Separation,Tax-Supported Debt,Tax-Supported Debt,11041000.00
2025,Roads,Infrastructure Delivery,21-22-9400,"51 Avenue - 86 Street to 99 Street, 99 Street to 111 Street",Pay-As-You-Go (PAYG),Pay-As-You-Go,6000.00
2025,Roads,Infrastructure Delivery,23-25-9502,86 Street: 51 Avenue to 63 Avenue Rehabilitation,Reserves,Neighborhood Renewal Reserve,12393000.00
2025,Roads,Infrastructure Delivery,23-25-9503,95 Avenue: 163 Street to 170 Street Reconstruction,Pay-As-You-Go (PAYG),Pay-As-You-Go,330000.00
2025,Roads,Infrastructure Delivery,23-25-9503,95 Avenue: 163 Street to 170 Street Reconstruction,Reserves,Neighborhood Renewal Reserve,12837000.00
2025,Roads,Infrastructure Delivery,23-25-9504,97 Street Renewal (51 Avenue to 63 Avenue),Reserves,Neighborhood Renewal Reserve,2804000.00
2025,Roads,Infrastructure Delivery,23-12-9202,99 Street and Judy Padua Way Streetscape & Waterproofing,Community Revitalization Levy,Debt CRL Downtown,7781000.00
2025,Roads,Infrastructure Delivery,23-12-9202,99 Street and Judy Padua Way Streetscape & Waterproofing,Grants,Local Government Fiscal Framework,7441000.00
2025,Roads,Infrastructure Delivery,23-12-9202,99 Street and Judy Padua Way Streetscape & Waterproofing,Grants,Munc Sustain. Initiative - MSI,-483000.00
2025,Roads,Infrastructure Delivery,23-12-9202,99 Street and Judy Padua Way Streetscape & Waterproofing,Pay-As-You-Go (PAYG),Pay-As-You-Go,256000.00
2025,Roads,Infrastructure Delivery,24-24-9425,Beverly Bridge (B143) Rehabilitation,Grants,Canada Community-Building Fund (CCBF),7896000.00
2025,Roads,Infrastructure Delivery,24-24-9425,Beverly Bridge (B143) Rehabilitation,Pay-As-You-Go (PAYG),Pay-As-You-Go,248000.00
2025,Roads,Infrastructure Delivery,24-24-9422,Dawson Bridge Rehabilitation,Grants,Local Government Fiscal Framework,6300000.00
2025,Roads,Infrastructure Delivery,24-24-9422,Dawson Bridge Rehabilitation,Pay-As-You-Go (PAYG),Pay-As-You-Go,356000.00
2025,Roads,Infrastructure Delivery,20-20-2024,Edmonton-Strathcona County Pedestrian Bridge,Developer / Partner Financing,Partnership Funding,5578000.00
2025,Roads,Infrastructure Delivery,20-20-2024,Edmonton-Strathcona County Pedestrian Bridge,Pay-As-You-Go (PAYG),Pay-As-You-Go,588000.00
2025,Roads,Infrastructure Delivery,22-22-9701,Gateway Blvd Renewal (University Avenue to 82 Avenue),Pay-As-You-Go (PAYG),Pay-As-You-Go,150000.00
2025,Roads,Infrastructure Delivery,21-24-9302,Glenora Bridge (B097) Renewal,Pay-As-You-Go (PAYG),Pay-As-You-Go,7000.00
2025,Roads,Infrastructure Delivery,19-22-9002,Imagine Jasper 109-114 St - Phase 1,Pay-As-You-Go (PAYG),Pay-As-You-Go,-34000.00
2025,Roads,Infrastructure Delivery,23-22-9704,Imagine Jasper Avenue (114 Street - 124 Street),Grants,Federal - Active Transportation Fund,7829000.00
2025,Roads,Infrastructure Delivery,23-22-9704,Imagine Jasper Avenue (114 Street - 124 Street),Grants,Local Government Fiscal Framework,8703000.00
2025,Roads,Infrastructure Delivery,23-22-9704,Imagine Jasper Avenue (114 Street - 124 Street),Pay-As-You-Go (PAYG),Pay-As-You-Go,9542000.00
2025,Roads,Infrastructure Delivery,21-24-9301,Latta Bridge (B027) Replacement,Grants,Canada Community-Building Fund (CCBF),1000000.00
2025,Roads,Infrastructure Delivery,21-24-9301,Latta Bridge (B027) Replacement,Pay-As-You-Go (PAYG),Pay-As-You-Go,382000.00
2025,Roads,Infrastructure Delivery,25-24-9436,Mill Creek Trestle Bridge (B034) and 76 Avenue Culvert (B038),Grants,Local Government Fiscal Framework,7254000.00
2025,Roads,Infrastructure Delivery,25-24-9436,Mill Creek Trestle Bridge (B034) and 76 Avenue Culvert (B038),Pay-As-You-Go (PAYG),Pay-As-You-Go,570000.00
2025,Roads,Infrastructure Delivery,24-10-9430,Poundmaker Snow Storage Site Upgrades,Grants,Local Government Fiscal Framework,12675000.00
2025,Roads,Infrastructure Delivery,24-10-9430,Poundmaker Snow Storage Site Upgrades,Pay-As-You-Go (PAYG),Pay-As-You-Go,2339000.00
2025,Roads,Infrastructure Delivery,06-66-1612,Ring Road Connectors,Developer / Partner Financing,Developer ARA,233000.00
2025,Roads,Infrastructure Delivery,06-66-1612,Ring Road Connectors,Pay-As-You-Go (PAYG),Pay-As-You-Go,842000.00
2025,Roads,Infrastructure Delivery,23-22-9702,Rossdale Road Reconstruction (103 Street to Low Level Bridge),Pay-As-You-Go (PAYG),Pay-As-You-Go,709000.00
2025,Roads,Infrastructure Delivery,19-22-9006,Terwillegar Drive Expressway Upgrades - Alternate Staging,Grants,Provincial Grant,62364000.00
2025,Roads,Infrastructure Delivery,19-22-9006,Terwillegar Drive Expressway Upgrades - Alternate Staging,Tax-Supported Debt,Tax-Supported Debt,46548000.00
2025,Roads,Infrastructure Delivery,24-24-9423,Wellington Bridge Replacement,Grants,Canada Community-Building Fund (CCBF),2205000.00
2025,Roads,Infrastructure Delivery,24-24-9423,Wellington Bridge Replacement,Grants,Local Government Fiscal Framework,6113000.00
2025,Roads,Infrastructure Delivery,24-24-9423,Wellington Bridge Replacement,Pay-As-You-Go (PAYG),Pay-As-You-Go,1565000.00
2025,Roads,Infrastructure Delivery,23-22-9705,Whitemud Drive: E/Anthony Henday Dr. - W/Anthony Henday Dr.,Pay-As-You-Go (PAYG),Pay-As-You-Go,255000.00
2025,Roads,Infrastructure Delivery,20-20-9201,Yellowhead Trail - 123 Avenue: 156 Street to 142 Street,Grants,Provincial BCF - matching,65000.00
2025,Roads,Infrastructure Delivery,20-20-9201,Yellowhead Trail - 123 Avenue: 156 Street to 142 Street,Tax-Supported Debt,Tax-Supported Debt,33000.00
2025,Roads,Infrastructure Delivery,21-24-9300,Yellowhead Trail - Noise Attenuation System (97 Street -Fort Rd),Tax-Supported Debt,Tax-Supported Debt,1442000.00
2025,Roads,Infrastructure Delivery,20-20-9202,Yellowhead Trail East Widening (61 St to North Saskatchewan River,Grants,Federal Bldg Canada Fund,419000.00
2025,Roads,Infrastructure Delivery,20-20-9202,Yellowhead Trail East Widening (61 St to North Saskatchewan River,Grants,Provincial BCF - matching,679000.00
2025,Roads,Infrastructure Delivery,20-20-9202,Yellowhead Trail East Widening (61 St to North Saskatchewan River,Tax-Supported Debt,Tax-Supported Debt,218000.00
2025,Roads,Infrastructure Delivery,CM-99-0060,Yellowhead Trail Freeway Conversion: Project Development,Developer / Partner Financing,Developer Financing,-30000.00
2025,Roads,Infrastructure Delivery,CM-99-0060,Yellowhead Trail Freeway Conversion: Project Development,Grants,Federal Bldg Canada Fund,533000.00
2025,Roads,Infrastructure Delivery,CM-99-0060,Yellowhead Trail Freeway Conversion: Project Development,Grants,Provincial BCF - matching,381000.00
2025,Roads,Infrastructure Delivery,CM-99-0060,Yellowhead Trail Freeway Conversion: Project Development,Tax-Supported Debt,Tax-Supported Debt,17477000.00
2025,Roads,Infrastructure Delivery,24-22-9706,Yellowhead Trail Rehabilitation: 107 Street to Fort Road,Grants,Local Government Fiscal Framework,949000.00
2025,Roads,Infrastructure Delivery,24-22-9706,Yellowhead Trail Rehabilitation: 107 Street to Fort Road,Pay-As-You-Go (PAYG),Pay-As-You-Go,582000.00
2025,Roads,Infrastructure Planning and Design,CM-20-0330,Active Transportation Implementation Acceleration - Approach 3,Tax-Supported Debt,Tax-Supported Debt,55513000.00
2025,Roads,Infrastructure Planning and Design,CM-50-5050,CRL Projects - Planning and Design,Community Revitalization Levy,Debt CRL Downtown,9072000.00
2025,Roads,Infrastructure Planning and Design,23-24-0300,High Level Bridge Rehabilitation,Tax-Supported Debt,Tax-Supported Debt,22365000.00
2025,Roads,Infrastructure Planning and Design,CM-20-3100,Missing and Enhanced Sidewalk Connections,Tax-Supported Debt,Tax-Supported Debt,5048000.00
2025,Roads,Infrastructure Planning and Design,CM-29-0000,Transportation - Minor Renewal Program,Pay-As-You-Go (PAYG),Pay-As-You-Go,750000.00
2025,Roads,Infrastructure Planning and Design,CM-29-0000,Transportation - Minor Renewal Program,Reserves,Neighborhood Renewal Reserve,6084000.00
2025,Roads,Infrastructure Planning and Design,CM-24-0000,Transportation: Bridges & Auxiliary Structures - Renewal,Grants,Local Government Fiscal Framework,28717000.00
2025,Roads,Infrastructure Planning and Design,CM-24-0000,Transportation: Bridges & Auxiliary Structures - Renewal,Pay-As-You-Go (PAYG),Pay-As-You-Go,5634000.00
2025,Roads,Infrastructure Planning and Design,CM-22-0000,Transportation: Goods Movement - Arterial Renewal,Grants,Local Government Fiscal Framework,10891000.00
2025,Roads,Infrastructure Planning and Design,CM-22-0000,Transportation: Goods Movement - Arterial Renewal,Pay-As-You-Go (PAYG),Pay-As-You-Go,7038000.00
2025,Roads,Infrastructure Planning and Design,CM-20-2020,Transportation: Planning and Design - Growth,Pay-As-You-Go (PAYG),Pay-As-You-Go,6329000.00
2025,Roads,Infrastructure Planning and Design,CM-20-2020,Transportation: Planning and Design - Growth,Tax-Supported Debt,Tax-Supported Debt,750000.00
2025,Roads,Infrastructure Planning and Design,CM-26-0000,Transportation: Traffic Systems - Renewal,Pay-As-You-Go (PAYG),Pay-As-You-Go,4675000.00
2025,Roads,LRT Expansion and Renewal,21-50-9100,103A Avenue Pedway,Community Revitalization Levy,Debt CRL Downtown,13113000.00
2025,Roads,LRT Expansion and Renewal,21-50-9100,103A Avenue Pedway,Local Improvements,Local Improvements Property Share,9296000.00
2025,Roads,Parks and Roads Services,CM-66-2566,LED Streetlight Conversion,Tax-Supported Debt,Tax-Supported Debt,3589000.00
2025,Roads,Parks and Roads Services,14-66-2570,Parking Control Technology,Other Misc Financing,Other,1509000.00
2025,Roads,Parks and Roads Services,CM-66-2194,Regulated Safety Upgrades at Railway Crossings,Reserves,Traffic Safety Automated Enfmt Resrv,719000.00
2025,Roads,Parks and Roads Services,CM-66-2580,Speed Limit Reduction,Reserves,Traffic Safety Automated Enfmt Resrv,187000.00
2025,Roads,Parks and Roads Services,CM-66-2525,Traffic Signals - Developer and ARA Funded,Developer / Partner Financing,Developer ARA,4948000.00
2025,Roads,Parks and Roads Services,CM-66-2525,Traffic Signals - Developer and ARA Funded,Developer / Partner Financing,Developer Financing,-904000.00
2025,Utilities,Blatchford Redevelopment Project,20-83-9001,Downtown District Energy Initiative,Pay-As-You-Go (PAYG),Pay-As-You-Go,6983000.00
2025,Utilities,Blatchford Redevelopment Project,20-83-9001,Downtown District Energy Initiative,Tax-Supported Debt,Tax-Supported Debt,5157000.00
2025,Utilities,Capital City Downtown CRL,23-74-4105,104 Street Drainage Servicing,Community Revitalization Levy,Debt CRL Downtown,481000.00
2025,Utilities,Capital City Downtown CRL,23-74-4105,104 Street Drainage Servicing,Local Improvements,Local Improvements Property Share,203000.00
2025,Utilities,Infrastructure Delivery,22-83-8384,Blatchford District Energy Sharing System - Energy Transfer St,Developer / Partner Financing,Partnership Funding,4786000.00
2025,Utilities,Infrastructure Delivery,25-81-2055,Coronation Eco Station Expansion,Self-Liquidating Debentures,Self-Liquidating Debentures,707000.00
2025,Utilities,Infrastructure Delivery,23-83-8385,Energy Center #4 - Blatchford Renewable Energy,Tax-Supported Debt,Self Supporting-Tax Guaranteed,6116000.00
2025,Utilities,Infrastructure Delivery,25-81-2056,EWMC Water Distribution System Upgrade,Retained Earnings,Waste Mgt Retained Earnings,336000.00
2025,Utilities,Infrastructure Delivery,25-81-2056,EWMC Water Distribution System Upgrade,Self-Liquidating Debentures,Self-Liquidating Debentures,11343000.00
2025,Utilities,Infrastructure Delivery,18-33-2033,Groundwater Diversion System Replacement,Retained Earnings,Waste Mgt Retained Earnings,123000.00
2025,Utilities,Infrastructure Delivery,13-33-2023,High Solids Anaerobic Digestion Facility,Retained Earnings,Waste Mgt Retained Earnings,1104000.00
2025,Utilities,Infrastructure Delivery,20-81-2052,Refuse Derived Fuel Facility Enhancements,Retained Earnings,Waste Mgt Retained Earnings,47000.00
2025,Utilities,Infrastructure Delivery,CM-81-2045,Waste Services IIS Infrastructure Delivery,Self-Liquidating Debentures,Self-Liquidating Debentures,1750000.00
2025,Utilities,Infrastructure Planning and Design,23-81-3060,Organics Screening and Mixing System,Retained Earnings,Waste Mgt Retained Earnings,5775000.00
2025,Utilities,Infrastructure Planning and Design,CM-81-0005,Waste Services IIS Infrastructure Planning and Design,Retained Earnings,Waste Mgt Retained Earnings,897000.00
2025,Utilities,Renewable Energy Systems,CM-83-8383,Blatchford Renewable Energy Utility P&D - Growth,Grants,NRCan SREPs Grant - Fed,398000.00
2025,Utilities,Renewable Energy Systems,CM-83-8383,Blatchford Renewable Energy Utility P&D - Growth,Tax-Supported Debt,Self Supporting-Tax Guaranteed,2495000.00
2025,Utilities,Renewable Energy Systems,21-83-8384,Distribution Piping System,Grants,NRCan SREPs Grant - Fed,1500000.00
2025,Utilities,Renewable Energy Systems,21-83-8384,Distribution Piping System,Tax-Supported Debt,Self Supporting-Tax Guaranteed,-38000.00
2025,Utilities,Waste Services,19-81-2050,Alberta Clean Energy Technology Accelerator (ACETA),Grants,Other Grants - Provincial,-19000.00
2025,Utilities,Waste Services,CM-81-2049,Greenhouse Gas Mitigation Energy Transition Portfolio,Self-Liquidating Debentures,Self-Liquidating Debentures,762000.00
2025,Utilities,Waste Services,22-81-2053,Landfill Gas to Renewable Natural Gas (RNG),Grants,Provincial Grant,7000000.00
2025,Utilities,Waste Services,22-81-2053,Landfill Gas to Renewable Natural Gas (RNG),Retained Earnings,Waste Mgt Retained Earnings,2670000.00
2025,Utilities,Waste Services,22-81-2053,Landfill Gas to Renewable Natural Gas (RNG),Self-Liquidating Debentures,Self-Liquidating Debentures,3698000.00
2025,Utilities,Waste Services,20-81-2020,Materials Recovery Facility (MRF) Renewal,Self-Liquidating Debentures,Self-Liquidating Debentures,3031000.00
2025,Utilities,Waste Services,23-81-2054,Three-stream Communal Collection,Retained Earnings,Waste Mgt Retained Earnings,2281000.00
2025,Utilities,Waste Services,23-81-2054,Three-stream Communal Collection,Self-Liquidating Debentures,Self-Liquidating Debentures,3073000.00
2025,Utilities,Waste Services,CM-81-2005,Waste Containers,Self-Liquidating Debentures,Self-Liquidating Debentures,4696000.00
2025,Utilities,Waste Services,CM-81-2047,"Waste Services Facilities, Infrastructure and Process Equipment",Self-Liquidating Debentures,Self-Liquidating Debentures,5147000.00
2025,Utilities,Waste Services,CM-81-2048,Waste Services Fleet Assets,Retained Earnings,Waste Mgt Retained Earnings,16758000.00
2025,Yellowhead Trail Freeway Conversion,Infrastructure Delivery,21-20-9301,Yellowhead Trail - 156 Street to St Albert Trail,Grants,Federal Bldg Canada Fund,1321000.00
2025,Yellowhead Trail Freeway Conversion,Infrastructure Delivery,21-20-9301,Yellowhead Trail - 156 Street to St Albert Trail,Grants,Provincial BCF - matching,2000000.00
2025,Yellowhead Trail Freeway Conversion,Infrastructure Delivery,21-20-9301,Yellowhead Trail - 156 Street to St Albert Trail,Tax-Supported Debt,Tax-Supported Debt,4044000.00
2025,Yellowhead Trail Freeway Conversion,Infrastructure Delivery,21-20-9302,Yellowhead Trail - Fort Road Widening,Grants,Federal Bldg Canada Fund,1565000.00
2025,Yellowhead Trail Freeway Conversion,Infrastructure Delivery,21-20-9302,Yellowhead Trail - Fort Road Widening,Grants,Provincial BCF - matching,2302000.00
2025,Yellowhead Trail Freeway Conversion,Infrastructure Delivery,21-20-9302,Yellowhead Trail - Fort Road Widening,Tax-Supported Debt,Tax-Supported Debt,2225000.00
2025,Yellowhead Trail Freeway Conversion,Infrastructure Delivery,24-20-9350,Yellowhead Trail - St Albert Trail to 97 Street,Grants,Federal Bldg Canada Fund,72051000.00
2025,Yellowhead Trail Freeway Conversion,Infrastructure Delivery,24-20-9350,Yellowhead Trail - St Albert Trail to 97 Street,Grants,Provincial BCF - matching,51788000.00
2025,Yellowhead Trail Freeway Conversion,Infrastructure Delivery,24-20-9350,Yellowhead Trail - St Albert Trail to 97 Street,Tax-Supported Debt,Tax-Supported Debt,49433000.00
2025,Yellowhead Trail Freeway Conversion,Infrastructure Delivery,CM-99-9600,Yellowhead Trail Freeway Conversion: Project Delivery,Grants,Federal Bldg Canada Fund,7000.00
2025,Yellowhead Trail Freeway Conversion,Infrastructure Delivery,CM-99-9600,Yellowhead Trail Freeway Conversion: Project Delivery,Grants,Provincial BCF - matching,7000.00
2025,Yellowhead Trail Freeway Conversion,Infrastructure Delivery,CM-99-9600,Yellowhead Trail Freeway Conversion: Project Delivery,Tax-Supported Debt,Tax-Supported Debt,597000.00
2026,Blatchford Redevelopment,Blatchford Redevelopment Office,CM-83-0001,District Energy Network Strategy and District Energy Nodes,Tax-Supported Debt,Tax-Supported Debt,4500000.00
2026,Blatchford Redevelopment,Blatchford Redevelopment Project,14-02-2106,Blatchford Redevelopment Implementation,Retained Earnings,Blatchford Lands Retained Earnings,34994000.00
2026,Building Renewal,Infrastructure Planning and Design,CM-10-0001,Climate Resilient City Facility Upgrades,Tax-Supported Debt,Tax-Supported Debt,10000000.00
2026,Building Renewal,Infrastructure Planning and Design,CM-19-0000,Facilities - Minor Renewal Program,Grants,Local Government Fiscal Framework,6825000.00
2026,Building Renewal,Infrastructure Planning and Design,CM-19-0000,Facilities - Minor Renewal Program,Pay-As-You-Go (PAYG),Pay-As-You-Go,675000.00
2026,Building Renewal,Infrastructure Planning and Design,CM-12-0000,Facility: Service Delivery - Renewal,Pay-As-You-Go (PAYG),Pay-As-You-Go,1096000.00
2026,Building Renewal,Infrastructure Planning and Design,CM-13-0000,Facility: Service Support - Renewal,Grants,Local Government Fiscal Framework,9103000.00
2026,Building Renewal,Infrastructure Planning and Design,CM-13-0000,Facility: Service Support - Renewal,Pay-As-You-Go (PAYG),Pay-As-You-Go,900000.00
2026,Building Renewal,Infrastructure Planning and Design,CM-10-1012,On-Site Microgeneration Solar Photovoltaics,Tax-Supported Debt,Tax-Supported Debt,-25000.00
2026,Corporate Support,Development Services,CM-17-2040,Urban Planning & Economy Service Transformation,Reserves,Planning and Development Reserve,1400000.00
2026,Corporate Support,Fleet and Facility Services,CM-17-2000,Emissions Neutral City Fleet and Equipment,Pay-As-You-Go (PAYG),Pay-As-You-Go,5000000.00
2026,Corporate Support,Fleet and Facility Services,CM-25-3002,"Fleet Fluid Storage, Dispensing and Disposal Systems",Pay-As-You-Go (PAYG),Pay-As-You-Go,232000.00
2026,Corporate Support,Fleet and Facility Services,CM-25-3005,Tools & Shop Equipment Program,Pay-As-You-Go (PAYG),Pay-As-You-Go,176000.00
2026,Corporate Support,Fleet and Facility Services,CM-25-1001,Vehicle and Equipment Replacement,Pay-As-You-Go (PAYG),Pay-As-You-Go,195000.00
2026,Corporate Support,Fleet and Facility Services,CM-25-1001,Vehicle and Equipment Replacement,Reserves,Fleet Services Replacement Rsv,34470000.00
2026,Corporate Support,Fleet and Facility Services,CM-25-3003,Vehicle and Equipment Service Lift Program,Pay-As-You-Go (PAYG),Pay-As-You-Go,79000.00
2026,Corporate Support,Infrastructure Delivery,24-10-9411,Kathleen Andrews Transit Garage Solar PV & Battery Projects,Tax-Supported Debt,Tax-Supported Debt,25000.00
2026,Corporate Support,Infrastructure Planning and Design,19-10-1013,Ambleside Integrated Site - Phase 1,Tax-Supported Debt,Tax-Supported Debt,13400000.00
2026,Corporate Support,Infrastructure Planning and Design,CM-10-1010,Facility: Planning and Design - Growth,Pay-As-You-Go (PAYG),Pay-As-You-Go,3771000.00
2026,Corporate Support,Infrastructure Planning and Design,CM-99-9000,Infrastructure Delivery - Growth,Pay-As-You-Go (PAYG),Pay-As-You-Go,11969000.00
2026,Corporate Support,Open City and Technology,23-51-1905,Taxation Assessment Collections System (TACS) Transformation,Pay-As-You-Go (PAYG),Pay-As-You-Go,785000.00
2026,Corporate Support,Open City and Technology,CM-18-1510,Technology Applications - Renewal,Pay-As-You-Go (PAYG),Pay-As-You-Go,2405000.00
2026,Corporate Support,Open City and Technology,CM-18-1515,Technology Infrastructure - Renewal,Pay-As-You-Go (PAYG),Pay-As-You-Go,2999000.00
2026,Corporate Support,Parks and Roads Services,CM-33-3001,Commemorative Programs,Developer / Partner Financing,Partnership Funding,100000.00
2026,Corporate Support,Parks and Roads Services,CM-33-3001,Commemorative Programs,Pay-As-You-Go (PAYG),Pay-As-You-Go,55000.00
2026,Corporate Support,Service Innovation and Performance,CM-50-0010,Business Intelligence and Analytics - Capital Renewal,Pay-As-You-Go (PAYG),Pay-As-You-Go,499000.00
2026,Economic Development,Capital City Downtown CRL,CM-74-4100,Downtown Community Revitalization Levies Delivery,Community Revitalization Levy,Debt CRL Downtown,6086000.00
2026,Economic Development,Economic Investment Services,25-74-4106,Village at ICE District Site Servicing,Developer / Partner Financing,Partnership Funding,3000000.00
2026,Economic Development,Economic Investment Services,25-74-4106,Village at ICE District Site Servicing,Grants,Provincial Grant,2200000.00
2026,Housing,Infrastructure Delivery,24-10-9412,Canora Supportive Housing,Pay-As-You-Go (PAYG),Pay-As-You-Go,10000.00
2026,Housing,Infrastructure Delivery,24-10-9412,Canora Supportive Housing,Reserves,Financial Stabilization Resrv.,660000.00
2026,Housing,Infrastructure Delivery,24-10-9413,Garneau Supportive Housing,Pay-As-You-Go (PAYG),Pay-As-You-Go,758000.00
2026,Housing,Social Development,19-90-4100,Affordable Housing Land Acquisition & Site Development,Pay-As-You-Go (PAYG),Pay-As-You-Go,11489000.00
2026,Housing,Social Development,CM-90-1000,Housing Accelerator Fund Initiatives and Related Projects,Grants,Housing Accelerator Fund,71000000.00
2026,Land,Real Estate,CM-17-5046,Edmonton Exhibition Lands,Retained Earnings,Land Fund Retained Earnings,14691000.00
2026,Land,Real Estate,CM-16-2010,Industrial-Commercial-Investment Land Development,Retained Earnings,Land Fund Retained Earnings,20498000.00
2026,Land,Real Estate,25-17-2501,Maple Ridge Industrial Local Improvement,Local Improvements,Local Improvements Property Share,7727000.00
2026,Land,Real Estate,CM-16-5110,Real Estate Investment Purchase,Retained Earnings,Land Fund Retained Earnings,2000000.00
2026,Land,Real Estate,CM-17-5120,Real Estate Transportation Legacy Land Acquisition,Retained Earnings,Land Fund Retained Earnings,500000.00
2026,Land,Real Estate,CM-16-2020,Residential/Mixed-Use Land Development,Retained Earnings,Land Fund Retained Earnings,5713000.00
2026,Land,Real Estate,CM-17-5045,Transforming Surplus City Lands,Retained Earnings,Land Fund Retained Earnings,2303000.00
2026,LRT Expansion,Edmonton Transit Service,CM-66-3300,LRT Signals and Electrification Renewal,Pay-As-You-Go (PAYG),Pay-As-You-Go,2265000.00
2026,LRT Expansion,Edmonton Transit Service,CM-66-3400,LRV Fleet & Equipment Renewal,Pay-As-You-Go (PAYG),Pay-As-You-Go,3381000.00
2026,LRT Expansion,Edmonton Transit Service,25-21-1000,LRV Replacements,Tax-Supported Debt,Tax-Supported Debt,19000000.00
2026,LRT Expansion,Edmonton Transit Service,CM-61-3235,Transit Facility and ROW Renewal,Pay-As-You-Go (PAYG),Pay-As-You-Go,831000.00
2026,LRT Expansion,LRT Expansion and Renewal,16-66-7018,Capital Line South LRT: Century Park to Ellersie Road,Grants,Federal - Investing in Canada Infrastructure Prgm (ICIP),139333000.00
2026,LRT Expansion,LRT Expansion and Renewal,16-66-7018,Capital Line South LRT: Century Park to Ellersie Road,Grants,Provincial ICIP - matching,140893000.00
2026,LRT Expansion,LRT Expansion and Renewal,16-66-7018,Capital Line South LRT: Century Park to Ellersie Road,Tax-Supported Debt,Tax-Supported Debt,84294000.00
2026,LRT Expansion,LRT Expansion and Renewal,24-24-9420,Coliseum LRT Bridge (B151) Minor Rehabilitation,Grants,Canada Community-Building Fund (CCBF),6098000.00
2026,LRT Expansion,LRT Expansion and Renewal,24-24-9420,Coliseum LRT Bridge (B151) Minor Rehabilitation,Pay-As-You-Go (PAYG),Pay-As-You-Go,192000.00
2026,LRT Expansion,LRT Expansion and Renewal,16-66-7020,LRT Prelim Design: Metro Line: Blatchford to Campbell Rd,Tax-Supported Debt,Tax-Supported Debt,14000000.00
2026,LRT Expansion,LRT Expansion and Renewal,16-66-7017,Valley Line LRT: Downtown to Lewis Farms,Grants,Federal - Investing in Canada Infrastructure Prgm (ICIP),190388000.00
2026,LRT Expansion,LRT Expansion and Renewal,16-66-7017,Valley Line LRT: Downtown to Lewis Farms,Grants,Provincial ICIP - matching,194299000.00
2026,LRT Expansion,LRT Expansion and Renewal,16-66-7017,Valley Line LRT: Downtown to Lewis Farms,Tax-Supported Debt,Tax-Supported Debt,100985000.00
2026,Neighbourhoods,Building Great Neighbourhoods,23-40-9043,132 Avenue: Fort Road to 97 Street Reconstruction,Pay-As-You-Go (PAYG),Pay-As-You-Go,200000.00
2026,Neighbourhoods,Building Great Neighbourhoods,23-40-9043,132 Avenue: Fort Road to 97 Street Reconstruction,Reserves,Neighborhood Renewal Reserve,10541000.00
2026,Neighbourhoods,Building Great Neighbourhoods,23-40-9044,Allendale Alley Reconstruction,Reserves,Neighborhood Renewal Reserve,169000.00
2026,Neighbourhoods,Building Great Neighbourhoods,23-40-9031,Baturyn Neighbourhood and Alley Reconstruction,Local Improvements,Local Improvements Property Share,88000.00
2026,Neighbourhoods,Building Great Neighbourhoods,23-40-9031,Baturyn Neighbourhood and Alley Reconstruction,Pay-As-You-Go (PAYG),Pay-As-You-Go,6000.00
2026,Neighbourhoods,Building Great Neighbourhoods,23-40-9031,Baturyn Neighbourhood and Alley Reconstruction,Reserves,Neighborhood Renewal Reserve,761000.00
2026,Neighbourhoods,Building Great Neighbourhoods,23-40-9045,Beverly Heights Alley Reconstruction,Reserves,Neighborhood Renewal Reserve,197000.00
2026,Neighbourhoods,Building Great Neighbourhoods,23-40-9039,Boyle Street Neighborhood Reconstruction,Local Improvements,Local Improvements Property Share,109000.00
2026,Neighbourhoods,Building Great Neighbourhoods,23-40-9039,Boyle Street Neighborhood Reconstruction,Reserves,Neighborhood Renewal Reserve,1281000.00
2026,Neighbourhoods,Building Great Neighbourhoods,25-25-9506,Dunluce Neighbourhood and Alley Renewal,Local Improvements,Local Improvements Property Share,1076000.00
2026,Neighbourhoods,Building Great Neighbourhoods,25-25-9506,Dunluce Neighbourhood and Alley Renewal,Pay-As-You-Go (PAYG),Pay-As-You-Go,280000.00
2026,Neighbourhoods,Building Great Neighbourhoods,25-25-9506,Dunluce Neighbourhood and Alley Renewal,Reserves,Neighborhood Renewal Reserve,11390000.00
2026,Neighbourhoods,Building Great Neighbourhoods,25-25-9506,Dunluce Neighbourhood and Alley Renewal,Tax-Supported Debt,Tax-Supported Debt,410000.00
2026,Neighbourhoods,Building Great Neighbourhoods,23-40-9040,Gariepy Neighborhood and Alley Reconstruction,Local Improvements,Local Improvements Property Share,84000.00
2026,Neighbourhoods,Building Great Neighbourhoods,23-40-9040,Gariepy Neighborhood and Alley Reconstruction,Pay-As-You-Go (PAYG),Pay-As-You-Go,28000.00
2026,Neighbourhoods,Building Great Neighbourhoods,23-40-9040,Gariepy Neighborhood and Alley Reconstruction,Reserves,Neighborhood Renewal Reserve,1074000.00
2026,Neighbourhoods,Building Great Neighbourhoods,24-40-9048,Glenwood (163 Street West) Neighbourhood and Alley Reconstruction,Local Improvements,Local Improvements Property Share,1800000.00
2026,Neighbourhoods,Building Great Neighbourhoods,24-40-9048,Glenwood (163 Street West) Neighbourhood and Alley Reconstruction,Reserves,Neighborhood Renewal Reserve,6781000.00
2026,Neighbourhoods,Building Great Neighbourhoods,23-40-9041,Hairsine Neighborhood and Alley Reconstruction,Local Improvements,Local Improvements Property Share,66000.00
2026,Neighbourhoods,Building Great Neighbourhoods,23-40-9041,Hairsine Neighborhood and Alley Reconstruction,Reserves,Neighborhood Renewal Reserve,839000.00
2026,Neighbourhoods,Building Great Neighbourhoods,24-40-9047,Hillview Neighbourhood and Alley Reconstruction,Local Improvements,Local Improvements Property Share,1800000.00
2026,Neighbourhoods,Building Great Neighbourhoods,24-40-9047,Hillview Neighbourhood and Alley Reconstruction,Pay-As-You-Go (PAYG),Pay-As-You-Go,300000.00
2026,Neighbourhoods,Building Great Neighbourhoods,24-40-9047,Hillview Neighbourhood and Alley Reconstruction,Reserves,Neighborhood Renewal Reserve,6720000.00
2026,Neighbourhoods,Building Great Neighbourhoods,23-40-9032,McCauley Neighbourhood and Alley Reconstruction,Local Improvements,Local Improvements Property Share,50000.00
2026,Neighbourhoods,Building Great Neighbourhoods,23-40-9032,McCauley Neighbourhood and Alley Reconstruction,Pay-As-You-Go (PAYG),Pay-As-You-Go,8000.00
2026,Neighbourhoods,Building Great Neighbourhoods,23-40-9032,McCauley Neighbourhood and Alley Reconstruction,Reserves,Neighborhood Renewal Reserve,1099000.00
2026,Neighbourhoods,Building Great Neighbourhoods,23-40-9042,Meyokumin Neighborhood and Alley Reconstruction,Local Improvements,Local Improvements Property Share,92000.00
2026,Neighbourhoods,Building Great Neighbourhoods,23-40-9042,Meyokumin Neighborhood and Alley Reconstruction,Pay-As-You-Go (PAYG),Pay-As-You-Go,17000.00
2026,Neighbourhoods,Building Great Neighbourhoods,23-40-9042,Meyokumin Neighborhood and Alley Reconstruction,Reserves,Neighborhood Renewal Reserve,1241000.00
2026,Neighbourhoods,Building Great Neighbourhoods,23-30-9323,Northern Lights & South Haven Cemetery Phase 1B,Reserves,Cemetery Reserve,220000.00
2026,Neighbourhoods,Building Great Neighbourhoods,23-40-9033,Ottewell Neighbourhood Reconstruction,Local Improvements,Local Improvements Property Share,1688000.00
2026,Neighbourhoods,Building Great Neighbourhoods,23-40-9033,Ottewell Neighbourhood Reconstruction,Pay-As-You-Go (PAYG),Pay-As-You-Go,87000.00
2026,Neighbourhoods,Building Great Neighbourhoods,23-40-9033,Ottewell Neighbourhood Reconstruction,Reserves,Neighborhood Renewal Reserve,14518000.00
2026,Neighbourhoods,Building Great Neighbourhoods,24-40-9049,Overlanders and Homesteader Neighbourhoods Reconstruction,Local Improvements,Local Improvements Property Share,2028000.00
2026,Neighbourhoods,Building Great Neighbourhoods,24-40-9049,Overlanders and Homesteader Neighbourhoods Reconstruction,Pay-As-You-Go (PAYG),Pay-As-You-Go,310000.00
2026,Neighbourhoods,Building Great Neighbourhoods,24-40-9049,Overlanders and Homesteader Neighbourhoods Reconstruction,Reserves,Neighborhood Renewal Reserve,7000000.00
2026,Neighbourhoods,Building Great Neighbourhoods,23-40-9046,Strathearn Alley Reconstruction,Reserves,Neighborhood Renewal Reserve,166000.00
2026,Parks,Building Great Neighbourhoods,23-30-9322,Beaver Hills House/Michael Phair Parks Upgrades,Community Revitalization Levy,Debt CRL Downtown,100000.00
2026,Parks,Building Great Neighbourhoods,CM-36-3636,Neighbourhood Park Development Program - New,Developer / Partner Financing,Partnership Funding,67000.00
2026,Parks,Building Great Neighbourhoods,CM-36-3636,Neighbourhood Park Development Program - New,Pay-As-You-Go (PAYG),Pay-As-You-Go,115000.00
2026,Parks,Building Great Neighbourhoods,CM-33-0000,Open Space: Open Spaces - Renewal,Pay-As-You-Go (PAYG),Pay-As-You-Go,1219000.00
2026,Parks,Building Great Neighbourhoods,CM-38-0000,Open Space: Overland Drainage - Renewal,Pay-As-You-Go (PAYG),Pay-As-You-Go,1000000.00
2026,Parks,Building Great Neighbourhoods,CM-32-0000,Open Space: Parks - Renewal,Grants,Local Government Fiscal Framework,8513000.00
2026,Parks,Building Great Neighbourhoods,CM-32-0000,Open Space: Parks - Renewal,Pay-As-You-Go (PAYG),Pay-As-You-Go,829000.00
2026,Parks,Building Great Neighbourhoods,CM-36-0000,Open Space: Partner Renewal (NPDP Renewal),Pay-As-You-Go (PAYG),Pay-As-You-Go,1000000.00
2026,Parks,Building Great Neighbourhoods,CM-30-3030,Open Space: Planning and Design - Growth,Pay-As-You-Go (PAYG),Pay-As-You-Go,450000.00
2026,Parks,Building Great Neighbourhoods,CM-31-0000,Open Space: River Valley System - Renewal,Pay-As-You-Go (PAYG),Pay-As-You-Go,3558000.00
2026,Parks,Building Great Neighbourhoods,23-30-9321,Warehouse Park,Community Revitalization Levy,Debt CRL Downtown,555000.00
2026,Parks,Infrastructure Planning and Design,CM-39-0000,Open Space - Minor Renewal Program,Pay-As-You-Go (PAYG),Pay-As-You-Go,2750000.00
2026,Parks,Infrastructure Planning and Design,CM-39-0000,Open Space - Minor Renewal Program,Reserves,Cemetery Reserve,50000.00
2026,Parks,Infrastructure Planning and Design,CM-37-0000,Open Space: Contaminated Site Management Program,Pay-As-You-Go (PAYG),Pay-As-You-Go,1500000.00
2026,Parks,Infrastructure Planning and Design,CM-34-0000,Open Space: Landslide and Erosion Management Program,Grants,Local Government Fiscal Framework,4833000.00
2026,Parks,Infrastructure Planning and Design,CM-34-0000,Open Space: Landslide and Erosion Management Program,Pay-As-You-Go (PAYG),Pay-As-You-Go,494000.00
2026,Parks,Infrastructure Planning and Design,CM-35-0000,Open Space: Soft Landscaping: Renewal,Pay-As-You-Go (PAYG),Pay-As-You-Go,6250000.00
2026,Parks,Parks and Roads Services,CM-35-1000,Greener As We Grow Tree Planting Program,Grants,Two Billion Trees Grant,6470000.00
2026,Parks,Parks and Roads Services,CM-35-1000,Greener As We Grow Tree Planting Program,Pay-As-You-Go (PAYG),Pay-As-You-Go,7572000.00
2026,Parks,Parks and Roads Services,CM-35-1000,Greener As We Grow Tree Planting Program,Reserves,Corporate Tree Reserve,1246000.00
2026,Parks,Planning and Environment Services,CM-17-1024,District Park Land Acquisition (FMP Repayment),Reserves,Funds-in-Lieu Reserve,1000000.00
2026,Parks,Planning and Environment Services,CM-17-1022,District Park Land Acquisition (New ASPs),Reserves,Funds-in-Lieu Reserve,2850000.00
2026,Parks,Planning and Environment Services,CM-16-1232,Dry Pond Land Acquisitions,Developer / Partner Financing,EPCOR Contribution,8000000.00
2026,Parks,Planning and Environment Services,CM-17-1020,Mature Area Land Acquisition,Reserves,Funds-in-Lieu Reserve,2000000.00
2026,Parks,Planning and Environment Services,CM-17-1001,River Valley Land Acquisition,Reserves,Parkland Purchase Reserve,2500000.00
2026,Parks,Planning and Environment Services,CM-17-1004,Suburban School and Park Land Acquisition,Reserves,Funds-in-Lieu Reserve,2000000.00
2026,Public Safety,Community Recreation and Culture,CM-21-1771,Safety and Security for CRC,Pay-As-You-Go (PAYG),Pay-As-You-Go,3200000.00
2026,Public Safety,Community Standards,CM-21-0012,Community Standards and Neighbourhoods - Equipment Conservation,Pay-As-You-Go (PAYG),Pay-As-You-Go,562000.00
2026,Public Safety,Fire Rescue Services,CM-70-0001,Fire Rescue Equipment Replacement,Pay-As-You-Go (PAYG),Pay-As-You-Go,846000.00
2026,Public Safety,Infrastructure Delivery,24-11-9611,Fire Station 7 (Highlands) Building Rehabilitation,Grants,Local Government Fiscal Framework,20000.00
2026,Public Safety,Infrastructure Delivery,24-11-9611,Fire Station 7 (Highlands) Building Rehabilitation,Pay-As-You-Go (PAYG),Pay-As-You-Go,7000.00
2026,Public Safety,Infrastructure Planning and Design,CM-11-0000,Facility: Safety and Security - Renewal,Grants,Local Government Fiscal Framework,3474000.00
2026,Public Safety,Infrastructure Planning and Design,CM-11-0000,Facility: Safety and Security - Renewal,Pay-As-You-Go (PAYG),Pay-As-You-Go,338000.00
2026,Public Safety,Infrastructure Planning and Design,21-10-9105,Fire Station #8 Relocation - Blatchford,Tax-Supported Debt,Tax-Supported Debt,463000.00
2026,Public Safety,Parks and Roads Services,CM-66-2597,Automated Enforcement Assets,Reserves,Traffic Safety Automated Enfmt Resrv,790000.00
2026,Public Safety,Parks and Roads Services,CM-66-2596,Safe and Livable Community Streets,Reserves,Traffic Safety Automated Enfmt Resrv,4247000.00
2026,Public Safety,Parks and Roads Services,CM-66-2585,Safe Crossings,Reserves,Traffic Safety Automated Enfmt Resrv,6350000.00
2026,Public Safety,Police Service,CM-60-1771,Police Equipment,Pay-As-You-Go (PAYG),Pay-As-You-Go,1651000.00
2026,Public Safety,Police Service,CM-60-1461,Police IT - Applications Enhancement,Pay-As-You-Go (PAYG),Pay-As-You-Go,2135000.00
2026,Public Safety,Police Service,CM-60-1460,Police IT - Applications Sustainment,Pay-As-You-Go (PAYG),Pay-As-You-Go,2973000.00
2026,Public Safety,Police Service,CM-60-1433,Police IT - Infrastructure Sustainment,Pay-As-You-Go (PAYG),Pay-As-You-Go,3571000.00
2026,Public Safety,Police Service,CM-60-1425,Radio Life Cycle,Grants,Other Grants - Provincial,50000.00
2026,Public Safety,Police Service,CM-60-1425,Radio Life Cycle,Pay-As-You-Go (PAYG),Pay-As-You-Go,684000.00
2026,Public Safety,Police Service,CM-60-1765,Vehicle Replacements,Pay-As-You-Go (PAYG),PAYG Capital Reserve - Police,7589000.00
2026,Public Transit,Edmonton Transit Service,CM-61-3609,Bus Equipment Renewal,Pay-As-You-Go (PAYG),Pay-As-You-Go,1197000.00
2026,Public Transit,Edmonton Transit Service,CM-66-3600,Bus Fleet & Equipment Rehab & Replacement,Grants,Canada Community-Building Fund (CCBF),4596000.00
2026,Public Transit,Edmonton Transit Service,CM-66-3600,Bus Fleet & Equipment Rehab & Replacement,Grants,Local Government Fiscal Framework,5719000.00
2026,Public Transit,Edmonton Transit Service,CM-66-3600,Bus Fleet & Equipment Rehab & Replacement,Pay-As-You-Go (PAYG),Pay-As-You-Go,3064000.00
2026,Public Transit,Edmonton Transit Service,CM-66-3000,Transit Communications Renewal,Pay-As-You-Go (PAYG),Pay-As-You-Go,1980000.00
2026,Public Transit,Infrastructure Planning and Design,20-20-2022,New Transit Bus Garage,Tax-Supported Debt,Tax-Supported Debt,92500000.00
2026,Public Transit,LRT Expansion and Renewal,CM-21-0000,Transportation: Public Transit - Renewal,Grants,Local Government Fiscal Framework,4347000.00
2026,Public Transit,LRT Expansion and Renewal,CM-21-0000,Transportation: Public Transit - Renewal,Pay-As-You-Go (PAYG),Pay-As-You-Go,430000.00
2026,Recreation & Culture,Building Great Neighbourhoods,24-31-9200,Rundle Park Trail Renewal,Pay-As-You-Go (PAYG),Pay-As-You-Go,124000.00
2026,Recreation & Culture,Community Recreation and Culture,CM-21-2010,Commonwealth Stadium Equipment,Reserves,Stadium Reserve,300000.00
2026,Recreation & Culture,Community Recreation and Culture,CM-21-5601,Community Recreation and Culture - Equipment Conservation,Pay-As-You-Go (PAYG),Pay-As-You-Go,703000.00
2026,Recreation & Culture,Infrastructure Delivery,25-10-9550,Coliseum Demolition and Site Improvements,Grants,Provincial Grant,16400000.00
2026,Recreation & Culture,Infrastructure Delivery,15-21-5801,Coronation Park Sports and Recreation Centre,Developer / Partner Financing,Partnership Funding,4000000.00
2026,Recreation & Culture,Infrastructure Delivery,15-21-5801,Coronation Park Sports and Recreation Centre,Tax-Supported Debt,Tax-Supported Debt,10000000.00
2026,Recreation & Culture,Infrastructure Delivery,25-12-9501,Fort Edmonton Park Renewal,Grants,Local Government Fiscal Framework,485000.00
2026,Recreation & Culture,Infrastructure Delivery,25-12-9501,Fort Edmonton Park Renewal,Pay-As-You-Go (PAYG),Pay-As-You-Go,131000.00
2026,Recreation & Culture,Infrastructure Delivery,21-12-0330,Kinsmen Sports Centre Facility Rehabilitation,Grants,Local Government Fiscal Framework,7000000.00
2026,Recreation & Culture,Infrastructure Delivery,21-12-0330,Kinsmen Sports Centre Facility Rehabilitation,Tax-Supported Debt,Tax-Supported Debt,5000000.00
2026,Recreation & Culture,Infrastructure Delivery,15-21-5785,Lewis Farms Community Recreation Centre and Library,Tax-Supported Debt,Tax-Supported Debt,38500000.00
2026,Recreation & Culture,Infrastructure Delivery,25-10-9540,Public Event Park,Community Revitalization Levy,Debt CRL Downtown,7000000.00
2026,Recreation & Culture,Infrastructure Delivery,25-10-9540,Public Event Park,Developer / Partner Financing,Partnership Funding,22000000.00
2026,Recreation & Culture,Infrastructure Delivery,25-10-9540,Public Event Park,Grants,Provincial Grant,11000000.00
2026,Recreation & Culture,Infrastructure Delivery,25-10-9540,Public Event Park,Tax-Supported Debt,Self Supporting-Tax Guaranteed,20000000.00
2026,Recreation & Culture,Infrastructure Planning and Design,CM-12-0097,Facilities: Downtown Arena (Rogers Place) Renewal,Reserves,Rogers Place Arena Reserve,5655000.00
2026,Recreation & Culture,Infrastructure Planning and Design,CM-12-0300,Valley Zoo Animal Enclosure Renewal and Enhancement,Pay-As-You-Go (PAYG),Pay-As-You-Go,2927000.00
2026,Recreation & Culture,Infrastructure Planning and Design,CM-12-0300,Valley Zoo Animal Enclosure Renewal and Enhancement,Tax-Supported Debt,Tax-Supported Debt,10000000.00
2026,Recreation & Culture,LRT Expansion and Renewal,24-20-9340,Harbin Gate,Community Revitalization Levy,Debt CRL Downtown,5347000.00
2026,Recreation & Culture,Public Library,CM-20-0050,IT Infrastructure Renewal,Pay-As-You-Go (PAYG),Pay-As-You-Go,615000.00
2026,Recreation & Culture,Public Library,CM-20-0052,Library Furniture and Equipment,Pay-As-You-Go (PAYG),Pay-As-You-Go,114000.00
2026,Recreation & Culture,Public Library,CM-20-0051,Library Materials,Pay-As-You-Go (PAYG),Pay-As-You-Go - Library,6171000.00
2026,Roads,Building Great Neighbourhoods,23-40-9034,132 Avenue: 97 to 127 Street Reconstruction,Pay-As-You-Go (PAYG),Pay-As-You-Go,18000.00
2026,Roads,Building Great Neighbourhoods,23-40-9034,132 Avenue: 97 to 127 Street Reconstruction,Reserves,Neighborhood Renewal Reserve,770000.00
2026,Roads,Building Great Neighbourhoods,23-40-9030,Balwin and Belvedere Revitalization,Tax-Supported Debt,Tax-Supported Debt,4700000.00
2026,Roads,Building Great Neighbourhoods,CM-40-9000,Building Great Neighbourhoods Delivery - Growth,Pay-As-You-Go (PAYG),Pay-As-You-Go,1528000.00
2026,Roads,Building Great Neighbourhoods,CM-40-4040,Building Great Neighbourhoods: Planning and Design - Growth,Pay-As-You-Go (PAYG),Pay-As-You-Go,134000.00
2026,Roads,Building Great Neighbourhoods,CM-20-3102,Chinatown Infrastructure Improvements,Pay-As-You-Go (PAYG),Pay-As-You-Go,1700000.00
2026,Roads,Building Great Neighbourhoods,CM-27-0000,Transportation: Neighbourhood Alley Renewal Program,Reserves,Neighborhood Renewal Reserve,8526000.00
2026,Roads,Building Great Neighbourhoods,CM-25-0000,Transportation: Neighbourhoods - Renewal,Local Improvements,Local Improvements Property Share,209000.00
2026,Roads,Building Great Neighbourhoods,CM-25-0000,Transportation: Neighbourhoods - Renewal,Reserves,Neighborhood Renewal Reserve,21730000.00
2026,Roads,Infrastructure Delivery,23-22-9703,107 Avenue Revitalization,Tax-Supported Debt,Tax-Supported Debt,200000.00
2026,Roads,Infrastructure Delivery,25-24-9435,17 Street Bridges Over Yellowhead Trail (B142/B133) Replacement,Grants,Local Government Fiscal Framework,12617000.00
2026,Roads,Infrastructure Delivery,25-24-9435,17 Street Bridges Over Yellowhead Trail (B142/B133) Replacement,Pay-As-You-Go (PAYG),Pay-As-You-Go,1903000.00
2026,Roads,Infrastructure Delivery,23-24-9401,23 Avenue over Whitemud Creek Pedestrian Bridge Replacement,Grants,Canada Community-Building Fund (CCBF),58000.00
2026,Roads,Infrastructure Delivery,23-24-9401,23 Avenue over Whitemud Creek Pedestrian Bridge Replacement,Pay-As-You-Go (PAYG),Pay-As-You-Go,2000.00
2026,Roads,Infrastructure Delivery,24-24-9421,50 Street Bridge (B202) Rehabilitation over Whitemud Drive,Grants,Local Government Fiscal Framework,4136000.00
2026,Roads,Infrastructure Delivery,24-24-9421,50 Street Bridge (B202) Rehabilitation over Whitemud Drive,Pay-As-You-Go (PAYG),Pay-As-You-Go,120000.00
2026,Roads,Infrastructure Delivery,18-66-6503,50 Street CPR Grade Separation,Developer / Partner Financing,Partnership Funding,1375000.00
2026,Roads,Infrastructure Delivery,18-66-6503,50 Street CPR Grade Separation,Grants,Canada Community-Building Fund (CCBF),3403000.00
2026,Roads,Infrastructure Delivery,18-66-6503,50 Street CPR Grade Separation,Grants,Federal Grant,2968000.00
2026,Roads,Infrastructure Delivery,18-66-6503,50 Street CPR Grade Separation,Pay-As-You-Go (PAYG),Pay-As-You-Go,773000.00
2026,Roads,Infrastructure Delivery,18-66-6503,50 Street CPR Grade Separation,Tax-Supported Debt,Tax-Supported Debt,1260000.00
2026,Roads,Infrastructure Delivery,23-12-9202,99 Street and Judy Padua Way Streetscape & Waterproofing,Grants,Munc Sustain. Initiative - MSI,483000.00
2026,Roads,Infrastructure Delivery,23-12-9202,99 Street and Judy Padua Way Streetscape & Waterproofing,Pay-As-You-Go (PAYG),Pay-As-You-Go,17000.00
2026,Roads,Infrastructure Delivery,24-24-9425,Beverly Bridge (B143) Rehabilitation,Grants,Canada Community-Building Fund (CCBF),7101000.00
2026,Roads,Infrastructure Delivery,24-24-9425,Beverly Bridge (B143) Rehabilitation,Pay-As-You-Go (PAYG),Pay-As-You-Go,785000.00
2026,Roads,Infrastructure Delivery,24-24-9422,Dawson Bridge Rehabilitation,Grants,Local Government Fiscal Framework,350000.00
2026,Roads,Infrastructure Delivery,24-24-9422,Dawson Bridge Rehabilitation,Pay-As-You-Go (PAYG),Pay-As-You-Go,40000.00
2026,Roads,Infrastructure Delivery,20-20-2024,Edmonton-Strathcona County Pedestrian Bridge,Pay-As-You-Go (PAYG),Pay-As-You-Go,50000.00
2026,Roads,Infrastructure Delivery,23-22-9704,Imagine Jasper Avenue (114 Street - 124 Street),Grants,Local Government Fiscal Framework,10378000.00
2026,Roads,Infrastructure Delivery,23-22-9704,Imagine Jasper Avenue (114 Street - 124 Street),Pay-As-You-Go (PAYG),Pay-As-You-Go,4022000.00
2026,Roads,Infrastructure Delivery,25-24-9436,Mill Creek Trestle Bridge (B034) and 76 Avenue Culvert (B038),Grants,Local Government Fiscal Framework,12163000.00
2026,Roads,Infrastructure Delivery,25-24-9436,Mill Creek Trestle Bridge (B034) and 76 Avenue Culvert (B038),Pay-As-You-Go (PAYG),Pay-As-You-Go,763000.00
2026,Roads,Infrastructure Delivery,24-10-9430,Poundmaker Snow Storage Site Upgrades,Grants,Local Government Fiscal Framework,12805000.00
2026,Roads,Infrastructure Delivery,24-10-9430,Poundmaker Snow Storage Site Upgrades,Pay-As-You-Go (PAYG),Pay-As-You-Go,573000.00
2026,Roads,Infrastructure Delivery,19-22-9006,Terwillegar Drive Expressway Upgrades - Alternate Staging,Grants,Provincial Grant,19700000.00
2026,Roads,Infrastructure Delivery,19-22-9006,Terwillegar Drive Expressway Upgrades - Alternate Staging,Tax-Supported Debt,Tax-Supported Debt,15000000.00
2026,Roads,Infrastructure Delivery,24-24-9423,Wellington Bridge Replacement,Grants,Canada Community-Building Fund (CCBF),10673000.00
2026,Roads,Infrastructure Delivery,24-24-9423,Wellington Bridge Replacement,Grants,Local Government Fiscal Framework,5123000.00
2026,Roads,Infrastructure Delivery,24-24-9423,Wellington Bridge Replacement,Pay-As-You-Go (PAYG),Pay-As-You-Go,1823000.00
2026,Roads,Infrastructure Delivery,CM-99-0060,Yellowhead Trail Freeway Conversion: Project Development,Developer / Partner Financing,Developer Financing,30000.00
2026,Roads,Infrastructure Delivery,CM-99-0060,Yellowhead Trail Freeway Conversion: Project Development,Tax-Supported Debt,Tax-Supported Debt,3470000.00
2026,Roads,Infrastructure Planning and Design,CM-20-0330,Active Transportation Implementation Acceleration - Approach 3,Tax-Supported Debt,Tax-Supported Debt,33240000.00
2026,Roads,Infrastructure Planning and Design,CM-50-5050,CRL Projects - Planning and Design,Community Revitalization Levy,Debt CRL Downtown,1935000.00
2026,Roads,Infrastructure Planning and Design,23-24-0300,High Level Bridge Rehabilitation,Tax-Supported Debt,Tax-Supported Debt,70000000.00
2026,Roads,Infrastructure Planning and Design,CM-20-3100,Missing and Enhanced Sidewalk Connections,Tax-Supported Debt,Tax-Supported Debt,3315000.00
2026,Roads,Infrastructure Planning and Design,CM-29-0000,Transportation - Minor Renewal Program,Pay-As-You-Go (PAYG),Pay-As-You-Go,250000.00
2026,Roads,Infrastructure Planning and Design,CM-29-0000,Transportation - Minor Renewal Program,Reserves,Neighborhood Renewal Reserve,3500000.00
2026,Roads,Infrastructure Planning and Design,CM-24-0000,Transportation: Bridges & Auxiliary Structures - Renewal,Grants,Local Government Fiscal Framework,262000.00
2026,Roads,Infrastructure Planning and Design,CM-24-0000,Transportation: Bridges & Auxiliary Structures - Renewal,Pay-As-You-Go (PAYG),Pay-As-You-Go,3975000.00
2026,Roads,Infrastructure Planning and Design,CM-22-0000,Transportation: Goods Movement - Arterial Renewal,Grants,Local Government Fiscal Framework,3442000.00
2026,Roads,Infrastructure Planning and Design,CM-22-0000,Transportation: Goods Movement - Arterial Renewal,Pay-As-You-Go (PAYG),Pay-As-You-Go,863000.00
2026,Roads,Infrastructure Planning and Design,CM-20-2020,Transportation: Planning and Design - Growth,Pay-As-You-Go (PAYG),Pay-As-You-Go,638000.00
2026,Roads,Infrastructure Planning and Design,CM-26-0000,Transportation: Traffic Systems - Renewal,Pay-As-You-Go (PAYG),Pay-As-You-Go,2327000.00
2026,Roads,LRT Expansion and Renewal,21-50-9100,103A Avenue Pedway,Local Improvements,Local Improvements Property Share,6364000.00
2026,Roads,Parks and Roads Services,CM-66-2525,Traffic Signals - Developer and ARA Funded,Developer / Partner Financing,Developer ARA,2000000.00
2026,Roads,Parks and Roads Services,CM-66-2525,Traffic Signals - Developer and ARA Funded,Developer / Partner Financing,Developer Financing,2000000.00
2026,Utilities,Blatchford Redevelopment Project,20-83-9001,Downtown District Energy Initiative,Tax-Supported Debt,Tax-Supported Debt,2700000.00
2026,Utilities,Infrastructure Delivery,25-81-2055,Coronation Eco Station Expansion,Self-Liquidating Debentures,Self-Liquidating Debentures,7750000.00
2026,Utilities,Infrastructure Delivery,23-83-8385,Energy Center #4 - Blatchford Renewable Energy,Tax-Supported Debt,Self Supporting-Tax Guaranteed,8560000.00
2026,Utilities,Infrastructure Delivery,25-81-2056,EWMC Water Distribution System Upgrade,Self-Liquidating Debentures,Self-Liquidating Debentures,5096000.00
2026,Utilities,Infrastructure Delivery,CM-81-2045,Waste Services IIS Infrastructure Delivery,Self-Liquidating Debentures,Self-Liquidating Debentures,7000.00
2026,Utilities,Infrastructure Planning and Design,CM-81-0005,Waste Services IIS Infrastructure Planning and Design,Retained Earnings,Waste Mgt Retained Earnings,121000.00
2026,Utilities,Renewable Energy Systems,CM-83-8383,Blatchford Renewable Energy Utility P&D - Growth,Grants,NRCan SREPs Grant - Fed,1412000.00
2026,Utilities,Renewable Energy Systems,CM-83-8383,Blatchford Renewable Energy Utility P&D - Growth,Tax-Supported Debt,Self Supporting-Tax Guaranteed,3295000.00
2026,Utilities,Renewable Energy Systems,21-83-8384,Distribution Piping System,Grants,NRCan SREPs Grant - Fed,366000.00
2026,Utilities,Renewable Energy Systems,21-83-8384,Distribution Piping System,Tax-Supported Debt,Self Supporting-Tax Guaranteed,854000.00
2026,Utilities,Waste Services,CM-81-2049,Greenhouse Gas Mitigation Energy Transition Portfolio,Self-Liquidating Debentures,Self-Liquidating Debentures,1927000.00
2026,Utilities,Waste Services,CM-81-2005,Waste Containers,Self-Liquidating Debentures,Self-Liquidating Debentures,4501000.00
2026,Utilities,Waste Services,CM-81-2047,"Waste Services Facilities, Infrastructure and Process Equipment",Self-Liquidating Debentures,Self-Liquidating Debentures,3111000.00
2026,Utilities,Waste Services,CM-81-2048,Waste Services Fleet Assets,Retained Earnings,Waste Mgt Retained Earnings,8181000.00
2026,Yellowhead Trail Freeway Conversion,Infrastructure Delivery,24-20-9350,Yellowhead Trail - St Albert Trail to 97 Street,Grants,Federal Bldg Canada Fund,38972000.00
2026,Yellowhead Trail Freeway Conversion,Infrastructure Delivery,24-20-9350,Yellowhead Trail - St Albert Trail to 97 Street,Grants,Provincial BCF - matching,57644000.00
2026,Yellowhead Trail Freeway Conversion,Infrastructure Delivery,24-20-9350,Yellowhead Trail - St Albert Trail to 97 Street,Tax-Supported Debt,Tax-Supported Debt,62523000.00
2027,Blatchford Redevelopment,Blatchford Redevelopment Project,14-02-2106,Blatchford Redevelopment Implementation,Retained Earnings,Blatchford Lands Retained Earnings,36064000.00
2027,Blatchford Redevelopment,Blatchford Redevelopment Project,CM-83-9000,Blatchford Renewable Energy Utility Delivery - Growth,Grants,NRCan SREPs Grant - Fed,600000.00
2027,Blatchford Redevelopment,Blatchford Redevelopment Project,CM-83-9000,Blatchford Renewable Energy Utility Delivery - Growth,Tax-Supported Debt,Self Supporting-Tax Guaranteed,1400000.00
2027,Corporate Support,Infrastructure Planning and Design,CM-99-9000,Infrastructure Delivery - Growth,Pay-As-You-Go (PAYG),Pay-As-You-Go,4138000.00
2027,Corporate Support,Infrastructure Planning and Design,CM-99-9000,Infrastructure Delivery - Growth,Retained Earnings,Land Fund Retained Earnings,4813000.00
2027,Economic Development,Economic Investment Services,25-74-4106,Village at ICE District Site Servicing,Grants,Provincial Grant,17200000.00
2027,Housing,Social Development,CM-90-1000,Housing Accelerator Fund Initiatives and Related Projects,Grants,Housing Accelerator Fund,26322000.00
2027,Land,Real Estate,25-17-2501,Maple Ridge Industrial Local Improvement,Local Improvements,Local Improvements Property Share,500000.00
2027,LRT Expansion,Edmonton Transit Service,25-21-1000,LRV Replacements,Tax-Supported Debt,Tax-Supported Debt,49000000.00
2027,LRT Expansion,LRT Expansion and Renewal,16-66-7018,Capital Line South LRT: Century Park to Ellersie Road,Grants,Federal - Investing in Canada Infrastructure Prgm (ICIP),100257000.00
2027,LRT Expansion,LRT Expansion and Renewal,16-66-7018,Capital Line South LRT: Century Park to Ellersie Road,Grants,Provincial ICIP - matching,59207000.00
2027,LRT Expansion,LRT Expansion and Renewal,16-66-7018,Capital Line South LRT: Century Park to Ellersie Road,Tax-Supported Debt,Tax-Supported Debt,252518000.00
2027,LRT Expansion,LRT Expansion and Renewal,24-24-9420,Coliseum LRT Bridge (B151) Minor Rehabilitation,Grants,Canada Community-Building Fund (CCBF),2831000.00
2027,LRT Expansion,LRT Expansion and Renewal,24-24-9420,Coliseum LRT Bridge (B151) Minor Rehabilitation,Pay-As-You-Go (PAYG),Pay-As-You-Go,1007000.00
2027,LRT Expansion,LRT Expansion and Renewal,16-66-7017,Valley Line LRT: Downtown to Lewis Farms,Grants,Federal - Investing in Canada Infrastructure Prgm (ICIP),52939000.00
2027,LRT Expansion,LRT Expansion and Renewal,16-66-7017,Valley Line LRT: Downtown to Lewis Farms,Grants,Provincial ICIP - matching,54026000.00
2027,LRT Expansion,LRT Expansion and Renewal,16-66-7017,Valley Line LRT: Downtown to Lewis Farms,Tax-Supported Debt,Tax-Supported Debt,31332000.00
2027,Neighbourhoods,Building Great Neighbourhoods,23-40-9043,132 Avenue: Fort Road to 97 Street Reconstruction,Reserves,Neighborhood Renewal Reserve,14451000.00
2027,Neighbourhoods,Building Great Neighbourhoods,25-25-9506,Dunluce Neighbourhood and Alley Renewal,Local Improvements,Local Improvements Property Share,1076000.00
2027,Neighbourhoods,Building Great Neighbourhoods,25-25-9506,Dunluce Neighbourhood and Alley Renewal,Reserves,Neighborhood Renewal Reserve,22201000.00
2027,Neighbourhoods,Building Great Neighbourhoods,24-40-9048,Glenwood (163 Street West) Neighbourhood and Alley Reconstruction,Reserves,Neighborhood Renewal Reserve,14077000.00
2027,Neighbourhoods,Building Great Neighbourhoods,24-40-9047,Hillview Neighbourhood and Alley Reconstruction,Reserves,Neighborhood Renewal Reserve,12662000.00
2027,Neighbourhoods,Building Great Neighbourhoods,23-40-9033,Ottewell Neighbourhood Reconstruction,Reserves,Neighborhood Renewal Reserve,15940000.00
2027,Neighbourhoods,Building Great Neighbourhoods,24-40-9049,Overlanders and Homesteader Neighbourhoods Reconstruction,Reserves,Neighborhood Renewal Reserve,18000000.00
2027,Parks,Building Great Neighbourhoods,CM-31-0000,Open Space: River Valley System - Renewal,Pay-As-You-Go (PAYG),Pay-As-You-Go,200000.00
2027,Parks,Building Great Neighbourhoods,23-30-9321,Warehouse Park,Community Revitalization Levy,Debt CRL Downtown,566000.00
2027,Parks,Parks and Roads Services,CM-35-1000,Greener As We Grow Tree Planting Program,Grants,Two Billion Trees Grant,6320000.00
2027,Parks,Parks and Roads Services,CM-35-1000,Greener As We Grow Tree Planting Program,Pay-As-You-Go (PAYG),Pay-As-You-Go,7410000.00
2027,Parks,Parks and Roads Services,CM-35-1000,Greener As We Grow Tree Planting Program,Reserves,Corporate Tree Reserve,1246000.00
2027,Public Safety,Fire Rescue Services,CM-70-0002,Fire Apparatus For New Station Growth Projects,Pay-As-You-Go (PAYG),Pay-As-You-Go,2071000.00
2027,Public Transit,Infrastructure Planning and Design,20-20-2022,New Transit Bus Garage,Tax-Supported Debt,Tax-Supported Debt,63250000.00
2027,Recreation & Culture,Infrastructure Delivery,25-10-9550,Coliseum Demolition and Site Improvements,Grants,Provincial Grant,19250000.00
2027,Recreation & Culture,Infrastructure Delivery,21-12-0330,Kinsmen Sports Centre Facility Rehabilitation,Grants,Local Government Fiscal Framework,1000000.00
2027,Recreation & Culture,Infrastructure Delivery,21-12-0330,Kinsmen Sports Centre Facility Rehabilitation,Tax-Supported Debt,Tax-Supported Debt,6280000.00
2027,Recreation & Culture,Infrastructure Delivery,15-21-5785,Lewis Farms Community Recreation Centre and Library,Tax-Supported Debt,Tax-Supported Debt,16000000.00
2027,Recreation & Culture,Infrastructure Delivery,25-10-9540,Public Event Park,Community Revitalization Levy,Debt CRL Downtown,18194000.00
2027,Recreation & Culture,Infrastructure Delivery,25-10-9540,Public Event Park,Grants,Provincial Grant,69500000.00
2027,Recreation & Culture,Infrastructure Delivery,25-10-9540,Public Event Park,Tax-Supported Debt,Self Supporting-Tax Guaranteed,2306000.00
2027,Roads,Infrastructure Delivery,23-22-9703,107 Avenue Revitalization,Tax-Supported Debt,Tax-Supported Debt,181000.00
2027,Roads,Infrastructure Delivery,25-24-9435,17 Street Bridges Over Yellowhead Trail (B142/B133) Replacement,Grants,Local Government Fiscal Framework,12423000.00
2027,Roads,Infrastructure Delivery,25-24-9435,17 Street Bridges Over Yellowhead Trail (B142/B133) Replacement,Pay-As-You-Go (PAYG),Pay-As-You-Go,1865000.00
2027,Roads,Infrastructure Delivery,18-66-6503,50 Street CPR Grade Separation,Grants,Canada Community-Building Fund (CCBF),985000.00
2027,Roads,Infrastructure Delivery,18-66-6503,50 Street CPR Grade Separation,Grants,Federal Grant,859000.00
2027,Roads,Infrastructure Delivery,18-66-6503,50 Street CPR Grade Separation,Pay-As-You-Go (PAYG),Pay-As-You-Go,380000.00
2027,Roads,Infrastructure Delivery,18-66-6503,50 Street CPR Grade Separation,Tax-Supported Debt,Tax-Supported Debt,365000.00
2027,Roads,Infrastructure Delivery,24-24-9425,Beverly Bridge (B143) Rehabilitation,Pay-As-You-Go (PAYG),Pay-As-You-Go,56000.00
2027,Roads,Infrastructure Delivery,20-20-2024,Edmonton-Strathcona County Pedestrian Bridge,Pay-As-You-Go (PAYG),Pay-As-You-Go,50000.00
2027,Roads,Infrastructure Delivery,23-22-9704,Imagine Jasper Avenue (114 Street - 124 Street),Grants,Local Government Fiscal Framework,1443000.00
2027,Roads,Infrastructure Delivery,23-22-9704,Imagine Jasper Avenue (114 Street - 124 Street),Pay-As-You-Go (PAYG),Pay-As-You-Go,297000.00
2027,Roads,Infrastructure Delivery,25-24-9436,Mill Creek Trestle Bridge (B034) and 76 Avenue Culvert (B038),Grants,Local Government Fiscal Framework,360000.00
2027,Roads,Infrastructure Delivery,25-24-9436,Mill Creek Trestle Bridge (B034) and 76 Avenue Culvert (B038),Pay-As-You-Go (PAYG),Pay-As-You-Go,211000.00
2027,Roads,Infrastructure Delivery,19-22-9006,Terwillegar Drive Expressway Upgrades - Alternate Staging,Grants,Provincial Grant,16500000.00
2027,Roads,Infrastructure Delivery,19-22-9006,Terwillegar Drive Expressway Upgrades - Alternate Staging,Tax-Supported Debt,Tax-Supported Debt,2000000.00
2027,Roads,Infrastructure Delivery,24-24-9423,Wellington Bridge Replacement,Grants,Local Government Fiscal Framework,410000.00
2027,Roads,Infrastructure Delivery,24-24-9423,Wellington Bridge Replacement,Pay-As-You-Go (PAYG),Pay-As-You-Go,68000.00
2027,Roads,Infrastructure Planning and Design,23-24-0300,High Level Bridge Rehabilitation,Tax-Supported Debt,Tax-Supported Debt,70000000.00
2027,Utilities,Blatchford Redevelopment Project,20-83-9001,Downtown District Energy Initiative,Tax-Supported Debt,Tax-Supported Debt,13800000.00
2027,Utilities,Infrastructure Delivery,25-81-2055,Coronation Eco Station Expansion,Self-Liquidating Debentures,Self-Liquidating Debentures,5000000.00
2027,Utilities,Waste Services,23-81-2054,Three-stream Communal Collection,Self-Liquidating Debentures,Self-Liquidating Debentures,101000.00
2027,Yellowhead Trail Freeway Conversion,Infrastructure Delivery,24-20-9350,Yellowhead Trail - St Albert Trail to 97 Street,Tax-Supported Debt,Tax-Supported Debt,106093000.00
2028,Blatchford Redevelopment,Blatchford Redevelopment Project,14-02-2106,Blatchford Redevelopment Implementation,Retained Earnings,Blatchford Lands Retained Earnings,33506000.00
2028,Blatchford Redevelopment,Blatchford Redevelopment Project,CM-83-9000,Blatchford Renewable Energy Utility Delivery - Growth,Grants,NRCan SREPs Grant - Fed,7574000.00
2028,Blatchford Redevelopment,Blatchford Redevelopment Project,CM-83-9000,Blatchford Renewable Energy Utility Delivery - Growth,Tax-Supported Debt,Self Supporting-Tax Guaranteed,17673000.00
2028,Corporate Support,Infrastructure Planning and Design,CM-99-9000,Infrastructure Delivery - Growth,Pay-As-You-Go (PAYG),Pay-As-You-Go,3938000.00
2028,Corporate Support,Infrastructure Planning and Design,CM-99-9000,Infrastructure Delivery - Growth,Retained Earnings,Land Fund Retained Earnings,4813000.00
2028,Economic Development,Economic Investment Services,25-74-4106,Village at ICE District Site Servicing,Community Revitalization Levy,Debt CRL Downtown,2400000.00
2028,Economic Development,Economic Investment Services,25-74-4106,Village at ICE District Site Servicing,Grants,Provincial Grant,3500000.00
2028,Land,Real Estate,25-17-2501,Maple Ridge Industrial Local Improvement,Local Improvements,Local Improvements Property Share,250000.00
2028,LRT Expansion,Edmonton Transit Service,25-21-1000,LRV Replacements,Tax-Supported Debt,Tax-Supported Debt,68000000.00
2028,LRT Expansion,LRT Expansion and Renewal,16-66-7018,Capital Line South LRT: Century Park to Ellersie Road,Grants,Federal - Investing in Canada Infrastructure Prgm (ICIP),10334000.00
2028,LRT Expansion,LRT Expansion and Renewal,16-66-7018,Capital Line South LRT: Century Park to Ellersie Road,Tax-Supported Debt,Tax-Supported Debt,124790000.00
2028,LRT Expansion,LRT Expansion and Renewal,16-66-7017,Valley Line LRT: Downtown to Lewis Farms,Grants,Federal - Investing in Canada Infrastructure Prgm (ICIP),2961000.00
2028,LRT Expansion,LRT Expansion and Renewal,16-66-7017,Valley Line LRT: Downtown to Lewis Farms,Grants,Provincial ICIP - matching,3022000.00
2028,LRT Expansion,LRT Expansion and Renewal,16-66-7017,Valley Line LRT: Downtown to Lewis Farms,Tax-Supported Debt,Tax-Supported Debt,3970000.00
2028,Neighbourhoods,Building Great Neighbourhoods,23-40-9043,132 Avenue: Fort Road to 97 Street Reconstruction,Reserves,Neighborhood Renewal Reserve,2400000.00
2028,Neighbourhoods,Building Great Neighbourhoods,25-25-9506,Dunluce Neighbourhood and Alley Renewal,Local Improvements,Local Improvements Property Share,1076000.00
2028,Neighbourhoods,Building Great Neighbourhoods,25-25-9506,Dunluce Neighbourhood and Alley Renewal,Reserves,Neighborhood Renewal Reserve,22201000.00
2028,Neighbourhoods,Building Great Neighbourhoods,24-40-9047,Hillview Neighbourhood and Alley Reconstruction,Reserves,Neighborhood Renewal Reserve,12662000.00
2028,Neighbourhoods,Building Great Neighbourhoods,24-40-9049,Overlanders and Homesteader Neighbourhoods Reconstruction,Reserves,Neighborhood Renewal Reserve,18000000.00
2028,Parks,Parks and Roads Services,CM-35-1000,Greener As We Grow Tree Planting Program,Grants,Two Billion Trees Grant,6319000.00
2028,Parks,Parks and Roads Services,CM-35-1000,Greener As We Grow Tree Planting Program,Pay-As-You-Go (PAYG),Pay-As-You-Go,7409000.00
2028,Parks,Parks and Roads Services,CM-35-1000,Greener As We Grow Tree Planting Program,Reserves,Corporate Tree Reserve,1246000.00
2028,Public Transit,Infrastructure Planning and Design,20-20-2022,New Transit Bus Garage,Tax-Supported Debt,Tax-Supported Debt,12750000.00
2028,Recreation & Culture,Infrastructure Delivery,25-10-9550,Coliseum Demolition and Site Improvements,Grants,Provincial Grant,9600000.00
2028,Recreation & Culture,Infrastructure Delivery,15-21-5785,Lewis Farms Community Recreation Centre and Library,Tax-Supported Debt,Tax-Supported Debt,2400000.00
2028,Recreation & Culture,Infrastructure Delivery,25-10-9540,Public Event Park,Community Revitalization Levy,Debt CRL Downtown,54694000.00
2028,Recreation & Culture,Infrastructure Delivery,25-10-9540,Public Event Park,Tax-Supported Debt,Self Supporting-Tax Guaranteed,30306000.00
2028,Roads,Infrastructure Delivery,25-24-9435,17 Street Bridges Over Yellowhead Trail (B142/B133) Replacement,Grants,Local Government Fiscal Framework,10000.00
2028,Roads,Infrastructure Delivery,25-24-9435,17 Street Bridges Over Yellowhead Trail (B142/B133) Replacement,Pay-As-You-Go (PAYG),Pay-As-You-Go,10000.00
2028,Roads,Infrastructure Delivery,23-22-9704,Imagine Jasper Avenue (114 Street - 124 Street),Grants,Local Government Fiscal Framework,10000.00
2028,Roads,Infrastructure Delivery,23-22-9704,Imagine Jasper Avenue (114 Street - 124 Street),Pay-As-You-Go (PAYG),Pay-As-You-Go,50000.00
2028,Roads,Infrastructure Delivery,25-24-9436,Mill Creek Trestle Bridge (B034) and 76 Avenue Culvert (B038),Grants,Local Government Fiscal Framework,5000.00
2028,Roads,Infrastructure Delivery,25-24-9436,Mill Creek Trestle Bridge (B034) and 76 Avenue Culvert (B038),Pay-As-You-Go (PAYG),Pay-As-You-Go,10000.00
2028,Roads,Infrastructure Delivery,19-22-9006,Terwillegar Drive Expressway Upgrades - Alternate Staging,Grants,Provincial Grant,10000000.00
2028,Roads,Infrastructure Planning and Design,23-24-0300,High Level Bridge Rehabilitation,Tax-Supported Debt,Tax-Supported Debt,33000000.00
2028,Utilities,Renewable Energy Systems,21-83-8384,Distribution Piping System,Grants,NRCan SREPs Grant - Fed,581000.00
2028,Utilities,Renewable Energy Systems,21-83-8384,Distribution Piping System,Tax-Supported Debt,Self Supporting-Tax Guaranteed,1355000.00
2028,Yellowhead Trail Freeway Conversion,Infrastructure Delivery,24-20-9350,Yellowhead Trail - St Albert Trail to 97 Street,Tax-Supported Debt,Tax-Supported Debt,26523000.00
2029,Blatchford Redevelopment,Blatchford Redevelopment Project,14-02-2106,Blatchford Redevelopment Implementation,Retained Earnings,Blatchford Lands Retained Earnings,31557000.00
2029,Blatchford Redevelopment,Blatchford Redevelopment Project,CM-83-9000,Blatchford Renewable Energy Utility Delivery - Growth,Grants,NRCan SREPs Grant - Fed,8381000.00
2029,Blatchford Redevelopment,Blatchford Redevelopment Project,CM-83-9000,Blatchford Renewable Energy Utility Delivery - Growth,Tax-Supported Debt,Self Supporting-Tax Guaranteed,19556000.00
2029,Corporate Support,Infrastructure Planning and Design,CM-99-9000,Infrastructure Delivery - Growth,Pay-As-You-Go (PAYG),Pay-As-You-Go,3938000.00
2029,Corporate Support,Infrastructure Planning and Design,CM-99-9000,Infrastructure Delivery - Growth,Retained Earnings,Land Fund Retained Earnings,4813000.00
2029,Economic Development,Economic Investment Services,25-74-4106,Village at ICE District Site Servicing,Community Revitalization Levy,Debt CRL Downtown,11400000.00
2029,Land,Real Estate,25-17-2501,Maple Ridge Industrial Local Improvement,Local Improvements,Local Improvements Property Share,100000.00
2029,LRT Expansion,Edmonton Transit Service,25-21-1000,LRV Replacements,Tax-Supported Debt,Tax-Supported Debt,68500000.00
2029,LRT Expansion,LRT Expansion and Renewal,16-66-7018,Capital Line South LRT: Century Park to Ellersie Road,Grants,Federal - Investing in Canada Infrastructure Prgm (ICIP),9180000.00
2029,LRT Expansion,LRT Expansion and Renewal,16-66-7018,Capital Line South LRT: Century Park to Ellersie Road,Tax-Supported Debt,Tax-Supported Debt,16880000.00
2029,Neighbourhoods,Building Great Neighbourhoods,25-25-9506,Dunluce Neighbourhood and Alley Renewal,Local Improvements,Local Improvements Property Share,1076000.00
2029,Neighbourhoods,Building Great Neighbourhoods,25-25-9506,Dunluce Neighbourhood and Alley Renewal,Reserves,Neighborhood Renewal Reserve,22201000.00
2029,Neighbourhoods,Building Great Neighbourhoods,24-40-9049,Overlanders and Homesteader Neighbourhoods Reconstruction,Reserves,Neighborhood Renewal Reserve,11976000.00
2029,Parks,Parks and Roads Services,CM-35-1000,Greener As We Grow Tree Planting Program,Grants,Two Billion Trees Grant,6203000.00
2029,Parks,Parks and Roads Services,CM-35-1000,Greener As We Grow Tree Planting Program,Pay-As-You-Go (PAYG),Pay-As-You-Go,7285000.00
2029,Parks,Parks and Roads Services,CM-35-1000,Greener As We Grow Tree Planting Program,Reserves,Corporate Tree Reserve,1246000.00
2029,Recreation & Culture,Infrastructure Delivery,25-10-9550,Coliseum Demolition and Site Improvements,Grants,Provincial Grant,8500000.00
2029,Recreation & Culture,Infrastructure Delivery,25-10-9540,Public Event Park,Community Revitalization Levy,Debt CRL Downtown,5612000.00
2029,Recreation & Culture,Infrastructure Delivery,25-10-9540,Public Event Park,Tax-Supported Debt,Self Supporting-Tax Guaranteed,9388000.00
2030,Blatchford Redevelopment,Blatchford Redevelopment Project,14-02-2106,Blatchford Redevelopment Implementation,Retained Earnings,Blatchford Lands Retained Earnings,30051000.00
2030,Corporate Support,Infrastructure Planning and Design,CM-99-9000,Infrastructure Delivery - Growth,Pay-As-You-Go (PAYG),Pay-As-You-Go,3938000.00
2030,Corporate Support,Infrastructure Planning and Design,CM-99-9000,Infrastructure Delivery - Growth,Retained Earnings,Land Fund Retained Earnings,4813000.00
2030,Economic Development,Economic Investment Services,25-74-4106,Village at ICE District Site Servicing,Community Revitalization Levy,Debt CRL Downtown,100000.00
2030,LRT Expansion,LRT Expansion and Renewal,16-66-7018,Capital Line South LRT: Century Park to Ellersie Road,Grants,Federal - Investing in Canada Infrastructure Prgm (ICIP),6376000.00
2030,LRT Expansion,LRT Expansion and Renewal,16-66-7018,Capital Line South LRT: Century Park to Ellersie Road,Tax-Supported Debt,Tax-Supported Debt,11747000.00
2030,Parks,Parks and Roads Services,CM-35-1000,Greener As We Grow Tree Planting Program,Grants,Two Billion Trees Grant,6176000.00
2030,Parks,Parks and Roads Services,CM-35-1000,Greener As We Grow Tree Planting Program,Pay-As-You-Go (PAYG),Pay-As-You-Go,7256000.00
2030,Parks,Parks and Roads Services,CM-35-1000,Greener As We Grow Tree Planting Program,Reserves,Corporate Tree Reserve,1246000.00
2030,Recreation & Culture,Infrastructure Delivery,25-10-9550,Coliseum Demolition and Site Improvements,Grants,Provincial Grant,500000.00
2031,Blatchford Redevelopment,Blatchford Redevelopment Project,14-02-2106,Blatchford Redevelopment Implementation,Retained Earnings,Blatchford Lands Retained Earnings,31527000.00
2031,Economic Development,Economic Investment Services,25-74-4106,Village at ICE District Site Servicing,Community Revitalization Levy,Debt CRL Downtown,500000.00
2031,LRT Expansion,LRT Expansion and Renewal,16-66-7018,Capital Line South LRT: Century Park to Ellersie Road,Tax-Supported Debt,Tax-Supported Debt,791000.00
2032,Blatchford Redevelopment,Blatchford Redevelopment Project,14-02-2106,Blatchford Redevelopment Implementation,Retained Earnings,Blatchford Lands Retained Earnings,27769000.00
2032,Economic Development,Economic Investment Services,25-74-4106,Village at ICE District Site Servicing,Community Revitalization Levy,Debt CRL Downtown,8400000.00
2033,Blatchford Redevelopment,Blatchford Redevelopment Project,14-02-2106,Blatchford Redevelopment Implementation,Retained Earnings,Blatchford Lands Retained Earnings,19794000.00
2033,Economic Development,Economic Investment Services,25-74-4106,Village at ICE District Site Servicing,Community Revitalization Levy,Debt CRL Downtown,500000.00
2034,Blatchford Redevelopment,Blatchford Redevelopment Project,14-02-2106,Blatchford Redevelopment Implementation,Retained Earnings,Blatchford Lands Retained Earnings,20754000.00
2034,Economic Development,Economic Investment Services,25-74-4106,Village at ICE District Site Servicing,Community Revitalization Levy,Debt CRL Downtown,7800000.00
2035,Blatchford Redevelopment,Blatchford Redevelopment Project,14-02-2106,Blatchford Redevelopment Implementation,Retained Earnings,Blatchford Lands Retained Earnings,19422000.00
2035,Economic Development,Economic Investment Services,25-74-4106,Village at ICE District Site Servicing,Community Revitalization Levy,Debt CRL Downtown,2700000.00
2036,Blatchford Redevelopment,Blatchford Redevelopment Project,14-02-2106,Blatchford Redevelopment Implementation,Retained Earnings,Blatchford Lands Retained Earnings,29658000.00
2036,Economic Development,Economic Investment Services,25-74-4106,Village at ICE District Site Servicing,Community Revitalization Levy,Debt CRL Downtown,8500000.00
2037,Blatchford Redevelopment,Blatchford Redevelopment Project,14-02-2106,Blatchford Redevelopment Implementation,Retained Earnings,Blatchford Lands Retained Earnings,16978000.00
