slug,agreement_no,url,purpose
dc-182,182,https://zoningbylaw.edmonton.ca/dc-182,To establish a Site Specific Development Control District to accommodate a limited range of convenience commercial uses such that by limiting the range of specific land uses and developing sensitive site development criteria the development will be compatible with the surrounding land uses.
dc-20712,20712,https://zoningbylaw.edmonton.ca/dc-20712,"To allow for mixed use development with a range of Uses that supports housing, services, recreation, commerce, and employment opportunities. Site and building design in this Zone promotes development that enhances the public realm and publicly accessible amenities to create vibrant, walkable destinations at a scale inviting to pedestrians."
dc-20753,20753,https://zoningbylaw.edmonton.ca/dc-20753,"To accommodate a vibrant, mixed-use development that is integrated with the surrounding neighbourhood and connected to the adjacent LRT stop."
dc-20757,20757,https://zoningbylaw.edmonton.ca/dc-20757,To accommodate an existing mid rise residential development designed to ensure that development is compatible with the adjacent development in Area 2.
dc-20793,20793,https://zoningbylaw.edmonton.ca/dc-20793,"To accommodate the phased redevelopment of the existing multi-unit residential site to a medium to high-density development with an interconnected multi-modal street network and opportunities for street-oriented housing, limited commercial opportunities, and enhanced outdoor amenity areas."
dc-20807,20807,https://zoningbylaw.edmonton.ca/dc-20807,"To accommodate small-scale pedestrian-friendly mixed-use development, consisting primarily of neighbourhood-level retail with residential and/or commercial uses."
dc-20837,20837,https://zoningbylaw.edmonton.ca/dc-20837,To accommodate a mid-rise building on a uniquely shaped and sloped site.
dc-20853,20853,https://zoningbylaw.edmonton.ca/dc-20853,"To accommodate a small-scale, community-oriented neighbourhood commercial building."
dc-20908,20908,https://zoningbylaw.edmonton.ca/dc-20908,"To accommodate a mixture of uses and the continued preservation and viability of the Brighton Block, a designated Municipal Historic Resource, including a 3 Storey addition that is sympathetic to the historic character of the Brighton Block."
dc-20920,20920,https://zoningbylaw.edmonton.ca/dc-20920,"To accommodate the comprehensive. mixed-use, transit oriented urban village redevelopment of the Mill Woods Town Centre site around the Mill Woods LRT Stop and Transit Centre. 2. Development Objectives 2.1. In order to achieve the General Purpose of this Direct Control Zone, the following objectives for the comprehensive development of the entire site are provided in addition to development regulations: 2.1.1. Create a higher density, compact, mixed-use Transit Oriented Development (TOD) town centre. 2.1.2. Provide for a wide range of housing choice, shopping and employment"
dc-20921,20921,https://zoningbylaw.edmonton.ca/dc-20921,To accommodate a mixed use development with limited commercial uses and high density residential uses that provides an active and inviting pedestrian-oriented streetscape fronting 105 Street NW and 81 Avenue NW.
dc-20932,20932,https://zoningbylaw.edmonton.ca/dc-20932,"To accommodate an existing high rise residential building and a new tall high rise mixed-use tower and podium, with a design that integrates with and enhances the Jasper Avenue commercial corridor."
dc-20933,20933,https://zoningbylaw.edmonton.ca/dc-20933,"To preserve the Dame Eliza Chenier Residence as a Municipal Historic Resource and to allow a mix of small-scale commercial, community and residential uses within the existing building."
dc-20974,20974,https://zoningbylaw.edmonton.ca/dc-20974,"To accommodate warehousing, office, and limited commercial uses within a structure that provides a sensitive interface with the Street and where no Nuisance is created."
dc-21007,21007,https://zoningbylaw.edmonton.ca/dc-21007,"To accommodate a pedestrian-friendly, mixed-use, transit-oriented development adjacent to the Strathearn LRT Stop integrated with ground floor commercial uses, and transit plaza to create a walkable and pedestrian friendly environment."
dc-21050,21050,https://zoningbylaw.edmonton.ca/dc-21050,"To allow for a health and wellness centre, including a variety of commercial business and limited residential opportunities, located adjacent to the North Saskatchewan River Valley."
dc-21084,21084,https://zoningbylaw.edmonton.ca/dc-21084,"To accommodate the development of a Carbon Capture (CC) Facility with ancillary power generation, clay extraction and associated uses to support the cement plant operations, generally located within Area A as shown in"
dc-21088,21088,https://zoningbylaw.edmonton.ca/dc-21088,To allow for multi-unit Residential development that may be arranged in a variety of configurations. Limited opportunities for community and commercial development are permitted to provide services to local residents.
dc-21089,21089,https://zoningbylaw.edmonton.ca/dc-21089,"To accommodate the development of a range of business employment Uses with potential for limited commercial and service type Uses for servicing the greater neighbourhood. This Zone allows the opportunity for the development of high-rise buildings, which may be designed in a stand-alone or mixed-use format for Hotel and Office developments, together with ancillary and complementary commercial Uses. This Zone provides development controls and urban design regulations and guidelines to establish a high quality urban environment to ensure that the development is well integrated with the adjacent A"
dc-21121,21121,https://zoningbylaw.edmonton.ca/dc-21121,To allow for light to medium industrial developments and a variety of small commercial businesses with a higher standard of design serving as a transition Zone to buffer adjacent medium and heavy industrial Zones.
dc-21128,21128,https://zoningbylaw.edmonton.ca/dc-21128,To accommodate commercial office employment and residential development in support of the 120 Street station hub and 124 Street shopping Area.
dc-21131,21131,https://zoningbylaw.edmonton.ca/dc-21131,"To allow for two medium-rise apartment buildings that integrate appropriately with nearby single-detached housing and commercial land and include shared underground parking, providing housing variety in the Granville neighbourhood."
dc-21135,21135,https://zoningbylaw.edmonton.ca/dc-21135,"To allow for varying scales of mixed use development that enables the growth and development anticipated in the Nodes and Corridors as directed by statutory plans. This Zone allows for a range of Uses and supports housing, recreation, commerce, and employment opportunities. Site and building design in this Zone promotes development that enhances the public realm and publicly accessible amenities to create vibrant, walkable destinations at a scale inviting to pedestrians."
dc-21136,21136,https://zoningbylaw.edmonton.ca/dc-21136,"To accommodate development of a Child Care Services building, or small scale Residential development."
dc-21142,21142,https://zoningbylaw.edmonton.ca/dc-21142,To establish a Direct Control Zone to accommodate a limited number of commercial uses and to ensure compatibility with surrounding land uses.
dc-21145,21145,https://zoningbylaw.edmonton.ca/dc-21145,"To allow for a variety of commercial businesses, the development of a human scaled main street area and limited residential opportunities within the Riverview area, that provides a sensitive transition to the natural area to the south of the site while allowing for a welcoming interface that promotes natural surveillance and connectivity."
dc-21149,21149,https://zoningbylaw.edmonton.ca/dc-21149,"To accommodate the development of a comprehensively planned, continuing care retirement community with low and medium density housing, institutional uses and a variety of ancillary uses."
dc-21159,21159,https://zoningbylaw.edmonton.ca/dc-21159,To accommodate the development of a large irregularly shaped Site primarily to allow for multi-unit Residential development up to approximately 6 Storeys arranged in a variety of configurations.
dc-21176,21176,https://zoningbylaw.edmonton.ca/dc-21176,"To accommodate a mixture of uses and the continued preservation and viability of the Union Bank Building, a designated Municipal Historic Resource, including a contemporary addition that is sympathetic to the historic character of the Union Bank Building."
dc-21178,21178,https://zoningbylaw.edmonton.ca/dc-21178,To allow for Single Detached Housing that has front vehicle access and front attached Garages with enhanced Front Yard hard and Soft Landscaping to ensure compatibility with the area.
dc-21179,21179,https://zoningbylaw.edmonton.ca/dc-21179,"To accommodate a mixed-use development with community, commercial and residential uses on the ground floor that provides for an active and inviting pedestrian-oriented streetscape fronting onto 87 Avenue NW and 118 Street NW."
dc-21193,21193,https://zoningbylaw.edmonton.ca/dc-21193,"To accommodate a small scale mixed-use building with a focus on supportive housing, community services, and other support services."
dc-21205,21205,https://zoningbylaw.edmonton.ca/dc-21205,"To allow a limited range of low intensity, interim land uses, generally outdoors, that do not prejudice future use until the lands are required in accordance with the Griesbach Neighbourhood Area Structure Plan."
dc-21250,21250,https://zoningbylaw.edmonton.ca/dc-21250,"To manage risk associated with the proximity of a pipeline to multi-unit Residential development that ranges from approximately 4 to 6 Storeys and may be arranged in a variety of configurations. Single Detached Housing, Semi-detached Housing, and Duplex Housing are not intended in this Zone unless they form part of a larger multi-unit Residential development. Limited opportunities for community and commercial development are permitted to provide services to local residents."
dc-21276,21276,https://zoningbylaw.edmonton.ca/dc-21276,To allow for mixed use development as well as the development of a car dealership and its ancillary uses along Gateway Boulevard NW.
dc-21312,21312,https://zoningbylaw.edmonton.ca/dc-21312,"To accommodate the development of a range of business employment Uses with potential for limited commercial and service type Uses for servicing the greater neighbourhood. This Zone allows the opportunity for the development of high-rise buildings, which may be designed in a stand-alone or mixed-use format for Hotel and Office developments, together with ancillary and complementary commercial Uses. This Zone provides development controls and urban design regulations and guidelines to establish a high quality urban environment to ensure that the development is well integrated with the adjacent A"
dc-21338,21338,https://zoningbylaw.edmonton.ca/dc-21338,"To allow for offices, light industrial and a variety of small commercial businesses with a higher standard of design that carry out their operations in a manner where no Nuisance is created or apparent outside an enclosed building."
dc-21355,21355,https://zoningbylaw.edmonton.ca/dc-21355,To accommodate the development of a commercial shopping centre with site-specific development controls designed to ensure that development is compatible with the scale and use of neighboring development to minimize land use conflicts. To provide a high quality of development appropriate for the site’s location within an established commercial land use area and adjacent to an entranceway to the city.
dc-21391,21391,https://zoningbylaw.edmonton.ca/dc-21391,"To accommodate Uses related to reproductive and perinatal health, including midwifery-led birthing care and complementary wellness services, within a Garden Suite and the existing or future principal building on the Site, in a form that is compatible with the Residential scale and character of the property and surrounding area, while maintaining the opportunity for Residential Use. 1.2. This Provision enables by-appointment, non-institutional care in a home-like setting and supports access to community-based wellness services."
dc-21393,21393,https://zoningbylaw.edmonton.ca/dc-21393,"To allow for mid-rise multi-unit Residential development, with limited commercial and community uses, with Site-specific regulations to ensure a pedestrian-oriented ground-level interface consistent with applicable statutory plans."
dc-21423,21423,https://zoningbylaw.edmonton.ca/dc-21423,"To accommodate a range of commercial uses, with site development regulations that will ensure a high standard of appearance appropriate to the site’s location at the intersection of a major entrance route to the City and a major arterial (23 Avenue NW)."
dc-21437,21437,https://zoningbylaw.edmonton.ca/dc-21437,
dc-21459,21459,https://zoningbylaw.edmonton.ca/dc-21459,"To allow for light industrial, small commercial businesses and small scale commercial centres Uses that carry out their operations such that no Nuisance is created or apparent outside an enclosed building and are compatible with adjacent Residential, Commercial, Natural Area, and Urban Service Zones Area A is intended to allow for commercial, business, and light industrial Uses with limits to the intensity and range of these uses, as well as provide a buffer area for enhanced sensitivity to adjacent residential neighbourhoods. This Area restricts the expansion of existing residential and"
dc-21463,21463,https://zoningbylaw.edmonton.ca/dc-21463,To accommodate a mixed use development with limited commercial uses and high density residential uses with ground-oriented units fronting onto 86 Avenue NW and 108 Street NW that is compatible with adjacent land uses and supports a pedestrian-friendly streetscape.
dc-21464,21464,https://zoningbylaw.edmonton.ca/dc-21464,To accommodate an additional residential Dwelling on the property in the form of a Single Detached House incorporating Landscaping and design elements to ensure compatibility with the surrounding area.
dc-21471,21471,https://zoningbylaw.edmonton.ca/dc-21471,"To accommodate a mid-rise mixed use transit oriented development that is compatible with the surrounding neighbourhood context, with required non-Residential Uses in the southeast corner of the Site."
dc-21483,21483,https://zoningbylaw.edmonton.ca/dc-21483,"This Zone comprises the original, core commercial area of the former City of Strathcona. This Zone is required to help preserve buildings which are of historic significance, and to ensure that future renovation and redevelopment of surrounding buildings result in developments which are compatible in architectural and built form with the historic buildings of the area. This Zone also contains seven Sub-Areas as described in Subsections 10 to 17."
dc-21486,21486,https://zoningbylaw.edmonton.ca/dc-21486,To accommodate comprehensive mixed use development with housing and an accessory parking lot for Provincial and Municipal purposes.
dc-21522,21522,https://zoningbylaw.edmonton.ca/dc-21522,"To accommodate two residential towers with active Podiums fronting onto Jasper Avenue NW, 115 Street NW, and the east-west Alley which contribute to an inviting pedestrian oriented main street that transitions to the residential character of the Wîhkwêntôwin neighbourhood to the north."
dc1-10468,10468,https://zoningbylaw.edmonton.ca/dc1-10468,To establish a Direct Development Control District to accommodate a limited range of uses such that by limiting the range of specific land uses and developing sensitive site development criteria the development will be compatible with the status of the Telephone Exchange Building as a Municipal Historic Resource and ensure compatibility with existing and future adjacent land uses.
dc1-10705,10705,https://zoningbylaw.edmonton.ca/dc1-10705,"of this District and would not adversely affect the amenities, use and enjoyment of neighbouring properties."
dc1-10886,10886,https://zoningbylaw.edmonton.ca/dc1-10886,"To establish a Direct Development Control district to ensure preservation of the existing single family structure and to accommodate a limited range of uses such that by limiting the range of specific land uses and developing sensitive site development criteria, the development will be compatible with the status of the Jackson House as a Municipal Historic Resource and ensure compatibility with existing and future adjacent land uses."
dc1-11240,11240,https://zoningbylaw.edmonton.ca/dc1-11240,"To establish a Direct Development Control District to accommodate a limited range of uses which will allow for the sensitive restoration and rehabilitation of St. Joseph's Hospital, an historic resource, to a senior's residence with related uses, and ensure compatibility with existing and future adjacent land uses. This site includes an historically significant 6 storey brick building with newer additions on the east, north and west extremities."
dc1-11400,11400,https://zoningbylaw.edmonton.ca/dc1-11400,"To provide a direct control district for detailed, sensitive control of the use, development, siting and design of buildings and disturbance of land where this is necessary to establish, preserve or enhance: a. areas of unique character or special concern, as identified and specified in an Area Structure Plan or Area Redevelopment Plan, or b. areas or sites of special historic, cultural, palaeontological, archaelogical, prehistoric, natural, scientific or aesthetic interest as designated under the Alberta Historical Resources Act (1973). 710.2 Application This district shall only be applied: a"
dc1-11619,11619,https://zoningbylaw.edmonton.ca/dc1-11619,
dc1-11699,11699,https://zoningbylaw.edmonton.ca/dc1-11699,
dc1-12034,12034,https://zoningbylaw.edmonton.ca/dc1-12034,"To establish a Direct Development Control District incorporating site planning and architectural development criteria such that renovations or additions to the Ross Flats Apartment building, or any new development on the site, are compatible with the designation of this building as a Municipal Historic Resource."
dc1-12157-area-1,12157 (A),https://zoningbylaw.edmonton.ca/dc1-12157-area-1,"of this District and would not affect the amenities, use, enjoyment and value of neighbouring properties."
dc1-12157-area-2,12157 (B),https://zoningbylaw.edmonton.ca/dc1-12157-area-2,
dc1-12356,12356,https://zoningbylaw.edmonton.ca/dc1-12356,To provide a Direct Development Control District to accommodate the development of row housing residential dwellings with site specific development controls designed to ensure that the proposed development is integrated into the existing and future residential development both within the J.B. Little site and the entire Riverdale Neighbourhood.
dc1-12482,12482,https://zoningbylaw.edmonton.ca/dc1-12482,"To establish a Direct Development Control District to accommodate a limited range of uses. By limiting the range of specific land uses and developing sensitive site development criteria, a variety of development options will be compatible with the status of the Hudson's Bay Company Department Store building facades which are designated as a Municipal Historic Resource."
dc1-12800,12800,https://zoningbylaw.edmonton.ca/dc1-12800,"To establish a Direct Development Control District to accommodate a limited range of uses such that by limiting the range of specific land uses and developing sensitive site development criteria, the development will be compatible with the future designation of the Churchill Wire Centre Building façades as a Municipal Historic Resource."
dc1-12801,12801,https://zoningbylaw.edmonton.ca/dc1-12801,
dc1-12929,12929,https://zoningbylaw.edmonton.ca/dc1-12929,"To accommodate a range of uses for the McLeod Building and develop sensitive site development criteria, so that development will be compatible with the designation of the McLeod Building as a Municipal Historic Resource and as a Provincial Historic Resource. 3)"
dc1-13175,13175,https://zoningbylaw.edmonton.ca/dc1-13175,
dc1-13817,13817,https://zoningbylaw.edmonton.ca/dc1-13817,"This Provision is designed to accommodate the use and preservation of the Hugh Duncan Residence, a Municipal Historic Resource. This provision allows a commercial and a residential use within the existing building, while ensuring that any future alterations or the construction of an Accessory building are compatible with the designation of this building as a Municipal Historic Resource."
dc1-13838,13838,https://zoningbylaw.edmonton.ca/dc1-13838,"This Provision accommodates an addition to the Strathcona Library, a Municipal and Provincial Registered Historic Resource, and ensures that its redevelopment is architecturally sensitive to the existing building and adjacent historical buildings."
dc1-14006,14006,https://zoningbylaw.edmonton.ca/dc1-14006,"This Provision ensures the preservation, maintenance and use of the Bard Residence and Carriage House, a Municipal and Provincial Registered Historic Resource, and will accommodate Residential and Residential-Related uses."
dc1-14184,14184,https://zoningbylaw.edmonton.ca/dc1-14184,This Provision allows the use and preservation of the Hagmann Block and ensures that any future alterations or additions are compatible with the designation of this building as a Municipal Historic Resource.
dc1-14204,14204,https://zoningbylaw.edmonton.ca/dc1-14204,"Lands located at the southeast corner of 213 Street and Webber Greens Drive, designated as DC1 (Area 2), as shown on Schedule ""C"" Map adopting this bylaw. 2. Rationale To accommodate opportunities for medium density residential uses that promote an enhanced level of site design and architecture responsive to the individual site, neighbouring residential development, and the overall function and promotion of the Lewis Farms Community Centre as a unique and identifiable community within the City of Edmonton."
dc1-14446,14446,https://zoningbylaw.edmonton.ca/dc1-14446,"The purpose of this Provision is to accommodate the creation of large lot, single detached residential development with full municipal services that establishes a transition and harmonious landscape relative to adjacent existing Country Residential Estate development."
dc1-14448,14448,https://zoningbylaw.edmonton.ca/dc1-14448,To accommodate a limited range of uses for the Rehwinkel Parsonage and develop sensitive site development regulations to ensure that development will be consistent with the designation of the Rehwinkel Parsonage as a Municipal Historic Resource. 8.4.20.
dc1-14507,14507,https://zoningbylaw.edmonton.ca/dc1-14507,"This provision is designed to accommodate the use and preservation of the Connaught Armoury, a Provincial Historic Resource and a Municipal Historic Resource. The Connaught Armoury, built in 1911, is one of the oldest remaining armouries in Alberta and is one of Edmonton’s notable buildings. The Armoury is constructed with brick and accented with limestone string courses, and features entrance details and crenellation in the parapet which define the buildings military theme. The Provision allows an appropriate mix of residential, community oriented, institutional, and commerc"
dc1-14553,14553,https://zoningbylaw.edmonton.ca/dc1-14553,"This Provision is designed to accommodate the use, preservation and redevelopment of the Arlington Apartment building and site. The Provision preserves three facades of the historic Arlington Apartment building, allows the development of a high rise apartment building provided the three remaining facades of the Arlington Apartment are incorporated into the new building, allows an appropriate mix of residential and commercial uses, and includes regulations that ensure development of the site is both sensitive to the adjacent development and sympathetic to the original historic characteristics o"
dc1-14647,14647,https://zoningbylaw.edmonton.ca/dc1-14647,"This Provision is designed to accommodate the use and preservation of the William Blakey Residence, a Municipal Historic Resource. This provision allows a Residential use within the existing building, while ensuring that any future alterations or the construction of an Accessory building are compatible with the designation of this building as a Municipal Historic Resource."
dc1-14667,14667,https://zoningbylaw.edmonton.ca/dc1-14667,"To establish a Direct Development Control Provision with Permitted and Discretionary Uses and Development Regulations equivalent to a (CSC) Shopping Centre Zone, to accommodate larger shopping centre developments intended to serve a community or regional trade area, and also to limit the size of individual commercial operations, ensuring that the development of this commercial site is compatible with the planned residential uses within the Eaux Claires neighbourhood."
dc1-14681,14681,https://zoningbylaw.edmonton.ca/dc1-14681,"This Provision is designed to accommodate the use and preservation of the George Durrand Residence, a Municipal Historic Resource. This provision allows limited commercial use and a residential use within the existing building, while ensuring that any future alterations or the construction of an Accessory building are compatible with the designation of this building as a Municipal Historic Resource."
dc1-14690,14690,https://zoningbylaw.edmonton.ca/dc1-14690,To accommodate large single detached residential development on lots with full municipal services and appropriate development regulations that respects the residential character of the country residential estates to the west.
dc1-14732,14732,https://zoningbylaw.edmonton.ca/dc1-14732,"To provide a zone for low rise apartments, row housing, duplex housing and semi-detached housing, in accordance with the Secord Neighbourhood Structure Plan and to ensure environmental remediation of the site prior to the issuance of a Development Permit."
dc1-14928,14928,https://zoningbylaw.edmonton.ca/dc1-14928,"The purpose of this Provision is to accommodate the creation of large lot, single detached residential development with full municipal services that establishes a transition and harmonious landscape relative to adjacent existing Country Residential Estate development."
dc1-14965,14965,https://zoningbylaw.edmonton.ca/dc1-14965,"To provide guidelines and regulations for the development of street-oriented row housing compatible in scale and character with the surrounding low density residential development. This provision allows a reduced front yard setback, an increase in height allowance to accommodate steep roof pitches and provides regulations to address non-project style row housing development along public roadway frontage with a rear lane."
dc1-15020,15020,https://zoningbylaw.edmonton.ca/dc1-15020,"The purpose of this Provision is to accommodate the creation of large lot, single detached residential development with full municipal services that establishes a transition and harmonious landscape relative to adjacent existing Country Residential Estate development."
dc1-15056,15056,https://zoningbylaw.edmonton.ca/dc1-15056,"To establish a Direct Development Control Provision with Permitted and Discretionary Uses and Development Regulations equivalent to (CSC) Shopping Centre Zone, to accommodate larger shopping centre development intended to serve a community or regional trade area, and also to limit the size of individual commercial operations, ensuring that the development of this commercial site is compatible with the planned residential uses within the Eaux Claires neighbourhood."
dc1-15317,15317,https://zoningbylaw.edmonton.ca/dc1-15317,To establish a Direct Development Control Provision to accommodate a medium and high density residential development with controls and regulations designed to create a livable ”urban village” environment and generate an improved sense of place and quality development through the use of urban design regulations. The intent for this area within the Eaux Claires Neighbourhood is to establish a distinctive architectural character and create a housing district of high and mid-rise apartments with the opportunity for commercial uses at grade that incorporates high quality architecture and urban desi
dc1-15386,15386,https://zoningbylaw.edmonton.ca/dc1-15386,"This Provision is designed to accommodate the use and preservation of the Ingebert Olson Residence, a Municipal Historic Resource. This provision allows a Residential use within the existing building, while ensuring that any future alterations or the construction of an Accessory building are compatible with the designation of this building as a Municipal Historic Resource."
dc1-15411,15411,https://zoningbylaw.edmonton.ca/dc1-15411,To ensure the viability of the historic Immigration Hall is maintained and future development respects the character of the regulated portions as defined by its Character Defining Elements.
dc1-15421,15421,https://zoningbylaw.edmonton.ca/dc1-15421,"This Provision is designed: To accommodate the use, preservation and redevelopment of the Foote Residence and the Parkview Apartments site as Municipal Historic Resources, and the comprehensive redevelopment of the adjacent lot with high density residential uses that achieve a high standard of appearance and ensuring compatibility in mass and scale with adjacent land uses, while enhancing the pedestrian friendly character and streetscape of the area, and Preserve the historic façades of the Foote Residences and Parkview Apartments; allow the development of a high rise apartment building, allow"
dc1-15451,15451,https://zoningbylaw.edmonton.ca/dc1-15451,"The purpose of this Zone is to allow for a more intensive form of ground oriented residential development with attached garages that provides opportunity for Single Detached and Semi-detached Housing, and Secondary Suites."
dc1-15578,15578,https://zoningbylaw.edmonton.ca/dc1-15578,"To accommodate a range of uses for the Hull Block Building, retain an accessory parking structure located immediately to the east of the Hull Block, and to allow for an accessory vehicular surface parking lot and limited residential uses to the northeast of the Hull Block."
dc1-15751,15751,https://zoningbylaw.edmonton.ca/dc1-15751,"This Provision is designed to accommodate the use and preservation of the John Joseph Duggan Residence constructed in 1907 (the House), a Provincial Historic Resource. This provision allows Professional, Financial and Office Support Services within the House, while ensuring that any future alterations or the construction of additional office space shall maintain the architectural theme prescribed by the Historic Resource Authority having jurisdiction."
dc1-15767,15767,https://zoningbylaw.edmonton.ca/dc1-15767,"The intent of this (DC1) Direct Control Provision is: To recognize existing residential and limited non-residential uses as permitted uses, but to prohibit any increase in the number of residential dwellings/lots. To permit improvements or additions to existing residential uses. To allow industrial uses with full City of Edmonton Standard services that are compatible with adjacent residential uses. This DC1 allows transition to future industrial development with full City of Edmonton services for roads, sanitary sewer, drainage and potable water. The DC1 implements the policies of the Maple Ri"
dc1-15946,15946,https://zoningbylaw.edmonton.ca/dc1-15946,"To accommodate commercial and medium-density residential development and to promote a high-quality, integrated built form by adhering to architectural and urban design standards complementary to the prominence of the site as part of the Lewis Farms Town Centre."
dc1-15964,15964,https://zoningbylaw.edmonton.ca/dc1-15964,"To provide a district for low density residential housing (”reverse housing”) whereby single detached residential uses front onto a multi-use trail and stormwater management facility and vehicular access at the rear of the property is provided by a public rear Lane roadway, providing an opportunity for a unique pedestrian-oriented development with architectural and urban design standards."
dc1-16022,16022,https://zoningbylaw.edmonton.ca/dc1-16022,The purpose of this Zone is to provide the opportunity for more efficient utilization of suburban areas through increased density of Single Detached Housing and by eliminating the requirement of one Side Yard per lot.
dc1-16084,16084,https://zoningbylaw.edmonton.ca/dc1-16084,"The purpose of this Zone is to allow for a more compact form of ground oriented residential development with attached garages that provides opportunity for Single Detached and Semi-detached Housing, and Secondary Suites."
dc1-16129,16129,https://zoningbylaw.edmonton.ca/dc1-16129,"The purpose of this Provision is to accommodate the creation of large lot, single detached residential development with full municipal services that establishes a transition and harmonious landscape relative to adjacent existing County Residential Estate development."
dc1-16179,16179,https://zoningbylaw.edmonton.ca/dc1-16179,The purpose of this (DC1) Direct Development Control Provision is to accommodate a single detached residential development in a rural setting with appropriate development criteria to ensure compatibility with the character of the adjacent properties.
dc1-16201,16201,https://zoningbylaw.edmonton.ca/dc1-16201,"The purpose of this Zone is to allow for a more intensive form of ground oriented residential development with attached garages that provides opportunity for Single Detached, Semi-detached Housing, and Secondary Suites."
dc1-16225,16225,https://zoningbylaw.edmonton.ca/dc1-16225,"This Provision is designed to accommodate the use and preservation of the Patrick Harvey Ashby Residence. This provision allows a Residential use within the existing building, while ensuring that any future alterations or construction of Accessory buildings are compatible with the architectural elements of the existing building."
dc1-16254,16254,https://zoningbylaw.edmonton.ca/dc1-16254,"To accommodate commercial and medium-density residential development and to promote a high-quality, integrated built form by adhering to architectural and urban design standards complementary to the prominence of the site as part of the Granville Neighborhood."
dc1-16261,16261,https://zoningbylaw.edmonton.ca/dc1-16261,"This Provision is designed to accommodate the use and preservation of the Otto Reiher Cottage, a Municipal Historic Resource. This provision allows a Residential use within the existing building, while ensuring that any future alterations to the Residence and existing Accessory building are compatible with the designation of this building as a Municipal Historic Resource."
dc1-16270,16270,https://zoningbylaw.edmonton.ca/dc1-16270,"The purpose of this Provision is to accommodate the creation of large lot, single detached residential development with full municipal services that establishes a transition and harmonious landscape relative to adjacent existing Country Residential Estate Development."
dc1-16281,16281,https://zoningbylaw.edmonton.ca/dc1-16281,"To accommodate low intensity commercial and residential mixed-use development and limit the range of commercial uses. To complement nearby Community Commercial, retail space shall not be provided on this site. Commercial uses are permitted on the first and second Storeys only. A mix of residential and commercial uses shall be maintained within both Area 1 and Area 2 of this site, as shown on"
dc1-16322,16322,https://zoningbylaw.edmonton.ca/dc1-16322,"This provision is designed to accommodate the use and preservation of the Marshall McLuhan Residence. This provision allows limited Residential, Commercial and Cultural Services uses within the Residence, while ensuring that any future alterations or construction are compatible with the architectural elements and historical significance of the Residence."
dc1-16343,16343,https://zoningbylaw.edmonton.ca/dc1-16343,The purpose of this Zone is to provide the opportunity for more efficient utilization of suburban areas through increased density of Single Detached Housing and by eliminating the requirement of one Side Yard per lot.
dc1-16367,16367,https://zoningbylaw.edmonton.ca/dc1-16367,"The purpose of this Zone is to allow for an intensive form of ground oriented residential development with attached Garages, providing opportunity for Single Detached Housing, Semi-detached Housing, and Secondary Suites."
dc1-16399,16399,https://zoningbylaw.edmonton.ca/dc1-16399,The purpose of this Zone is to provide the opportunity for more efficient utilization of suburban areas through increased density of Single Detached Housing by reducing one Side Yard Setback to zero metres.
dc1-16445,16445,https://zoningbylaw.edmonton.ca/dc1-16445,The purpose of this DC1 Direct Development Control Provision is to provide for business and commercial uses on sites with good visibility and accessibility along 137 Avenue and 142 Street.
dc1-16471,16471,https://zoningbylaw.edmonton.ca/dc1-16471,"To accommodate the development of medium density Residential with ground floor low-intensity pedestrian-oriented Commercial Uses where Residential Uses shall be permitted to be developed on their own, and where any Commercial Uses must be developed in combination with Residential development."
dc1-16473,16473,https://zoningbylaw.edmonton.ca/dc1-16473,"The purpose of this Provision is to accommodate the creation of large lot, single detached residential development with full municipal services that establishes a transition and harmonious landscape relative to adjacent existing Country Residential Estate development."
dc1-16535,16535,https://zoningbylaw.edmonton.ca/dc1-16535,"To establish a Direct Development Control Provision to provide for a limited range of Uses with development regulations that are suitable for the restoration and adaptive reuse, including the development of a sensitive addition and below grade parking structure, to a Provincially Designated Historic Resource (Le Marchand Mansion). 2. Area of Applicability This Provision shall apply to Lot 100, Block 15, Plan 1223405, located east of 116 Street NW and south of 100 Avenue NW, as shown on Schedule “A” of this Bylaw adopting this Provision, Oliver."
dc1-16547,16547,https://zoningbylaw.edmonton.ca/dc1-16547,"This Provision is designed to accommodate the preservation and rehabilitation of the Kelly Ramsey facades while providing for the comprehensive redevelopment of the Kelly Ramsey block as a high density and quality development that accommodates office, retail, service, institutional, residential, arts and entertainment Uses and meet the land use objectives for the Commercial Cultural Core."
dc1-16602,16602,https://zoningbylaw.edmonton.ca/dc1-16602,"of this Provision and would not adversely affect the amenities, use and enjoyment of neighbouring properties. Bylaw attachments Bylaw 16601 -"
dc1-16613,16613,https://zoningbylaw.edmonton.ca/dc1-16613,"To accommodate the development of a range of complementary business employment Uses. This Provision provides development controls and urban design regulations and guidelines to establish a high quality urban environment, to ensure that the development is well integrated with the adjacent Ambleside neighbourhood and to create an aesthetic and architecturally appealing development."
dc1-16693,16693,https://zoningbylaw.edmonton.ca/dc1-16693,The purpose of this Zone is to provide for Single Detached and Duplex Housing with attached Garages in a suburban setting that provides smaller lot sizes with reduced site widths allowing for a more efficient utilization of undeveloped land.
dc1-16763,16763,https://zoningbylaw.edmonton.ca/dc1-16763,"This Provision is designed to retain and preserve the John T. Ross Residence while accommodating a high density residential tower with street level accessed units in the form of row houses that provide a transition in scale and family oriented dwellings fronting onto 98 Avenue and 111 Street, with site specific design controls to reduce the mass, sun shadow, and view impacts of the tower on adjacent developments."
dc1-16784,16784,https://zoningbylaw.edmonton.ca/dc1-16784,To establish a Direct Development Control Provision to accommodate the development of an architecturally sensitive low density mixed use residential and parking structure on a site containing a building on the Inventory of Historic Resources in Edmonton converted to commercial Uses.
dc1-16797,16797,https://zoningbylaw.edmonton.ca/dc1-16797,"This Provision is designed to accommodate the use and preservation of the A.K. Buckham Residence. This Provision allows Residential and Residential-related Uses, while ensuring that any future alterations are compatible with the architectural elements and historical significance of the Residence."
dc1-16894,16894,https://zoningbylaw.edmonton.ca/dc1-16894,The purpose of this Provision is to accommodate the creation of large lot Single Detached Housing that establishes a transition from low density residential development to adjacent existing Country Residential Estate development.
dc1-17014,17014,https://zoningbylaw.edmonton.ca/dc1-17014,"To preserve the Hyndman Residence as a Municipal Historic Resource. To ensure Residential is the only permitted use within the existing building, and to ensure future alterations or the construction of an Accessory building are compatible with the designation of this building as a Municipal Historic Resource, under Designation Bylaw 13773."
dc1-17020,17020,https://zoningbylaw.edmonton.ca/dc1-17020,The purpose of this Provision is to provide the opportunity for more efficient utilization of suburban areas through increased density of Single Detached Housing by reducing the minimum site width of the Residential Small Lot Zone.
dc1-17028,17028,https://zoningbylaw.edmonton.ca/dc1-17028,To establish a Direct Development Control Provision to provide shallow lot Single Detached Housing uses with attached Garages that reduce the prominence of garages to the street and efficiently utilize undeveloped suburban areas.
dc1-17111,17111,https://zoningbylaw.edmonton.ca/dc1-17111,To establish a Site Specific Development Control district to accommodate a range of Public Utility uses on City owned property with the site specific development regulations to ensure that this site is remediated to the extent necessary to accommodate the intended uses and that continuation of ground water monitoring is undertaken.
dc1-17121-shallow-lot-0,17121 SL,https://zoningbylaw.edmonton.ca/dc1-17121-shallow-lot-0,To establish a Direct Development Control Provision to provide shallow lot Single Detached Housing that efficiently utilizes undeveloped suburban land.
dc1-17121-stacked-row-housing,17121 SRH,https://zoningbylaw.edmonton.ca/dc1-17121-stacked-row-housing,"To establish a Direct Control Provision to provide the opportunity for medium density back to back Stacked Row Housing with front attached garages, in a manner that is complimentary to the surrounding development."
dc1-17178,17178,https://zoningbylaw.edmonton.ca/dc1-17178,"To establish a Site Specific Development Control Provision to accommodate a high density residential tower with street level commercial units fronting onto 124 Street and 102 Avenue and reassembling, incorporating and maintaining three historic Buena Vista building Facades within the development."
dc1-17355,17355,https://zoningbylaw.edmonton.ca/dc1-17355,The purpose of this Zone is to establish a medium and high density mixed use and pedestrian oriented development with opportunities for a mix of Residential and Commercial Uses. This Zone will facilitate the creation of a vibrant transit-oriented community adjacent to the Desrochers light rail transit (LRT) station.
dc1-17382,17382,https://zoningbylaw.edmonton.ca/dc1-17382,"To establish a Direct Development Control Provision to accommodate a range of Public Utility, Commercial, and Community Service Uses on the Site; to establish site-specific development regulations to ensure that the Site is remediated to the extent necessary to accommodate the intended Uses; and to preserve, integrate and develop Site-sensitive criteria for the preservation and rehabilitation of the historic Canada Packers Chimney Stack as a publicly accessible Amenity Area, while also incorporating the Chimney Stack as a predominant structure on the Site and maintaining its visibility within "
dc1-17410,17410,https://zoningbylaw.edmonton.ca/dc1-17410,The purpose of this Zone is to provide the opportunity for more efficient utilization of suburban areas through increased density of Single Detached Housing and by eliminating the requirement of one Side Setback per lot.
dc1-17414,17414,https://zoningbylaw.edmonton.ca/dc1-17414,To accommodate a medium density residential development that provides for an active and inviting pedestrian oriented streetscape facing onto 26 Avenue and 104 Street.
dc1-17470-area-1,17470 (1),https://zoningbylaw.edmonton.ca/dc1-17470-area-1,To provide for shallow lot Single Detached Housing that efficiently utilizes undeveloped suburban land.
dc1-17470-area-2,17470 (2),https://zoningbylaw.edmonton.ca/dc1-17470-area-2,To allow Row Housing with expansive site coverage and private amenity area situated above the rear attached garage.
dc1-17485,17485,https://zoningbylaw.edmonton.ca/dc1-17485,"To preserve the Coates Residence as a Municipal Historic Resource. To provide for residential and residential-related uses, and to ensure future alterations, accessory buildings, subdivisions, and uses are compatible with the designation of this building as a Municipal Historic Resource, under Designation Bylaw 17419."
dc1-17646,17646,https://zoningbylaw.edmonton.ca/dc1-17646,"The purpose of this Zone is to provide for the restoration and redevelopment of a municipally designated historic building, the Phyllis Grocery Store, while allowing for limited commercial and residential Uses to operate within the building."
dc1-17690,17690,https://zoningbylaw.edmonton.ca/dc1-17690,The purpose of this Zone is to provide for smaller lot Single Detached Housing with attached Garages in a suburban setting that provides the opportunity for one Side Setback to be reduced to 0 m.
dc1-17829,17829,https://zoningbylaw.edmonton.ca/dc1-17829,To establish a Direct Development Control District to accommodate a limited range of uses such that by limiting the range of specific land uses and developing sensitive site development criteria the development will be compatible with the status of the Gem Theatre building facades as a Municipal Historic Resource.
dc1-17844,17844,https://zoningbylaw.edmonton.ca/dc1-17844,
dc1-17848,17848,https://zoningbylaw.edmonton.ca/dc1-17848,"To provide the opportunity for high density development that accommodates a wide variety of uses including pedestrian oriented commercial, high rise and ground oriented residential that contributes to an inviting “Whyte Avenue” pedestrian environment. 2. Application This Provision shall apply generally to the area located between 82 Avenue NW and 81 Avenue NW, both east and west of 106 Street NW as shown on Schedule “A” of the Bylaw adopting this Provision. This Provision is further divided into four smaller areas, Area 1, 2, 3 and 4, as identified in"
dc1-17874,17874,https://zoningbylaw.edmonton.ca/dc1-17874,"This Provision is designed to accommodate the use and preservation of the Hunt Residence as a designated Municipal Historic Resource. This Provision allows Residential and Residential-related Uses, while ensuring that any future alterations are compatible with the architectural elements and historical significance of the Residence."
dc1-17884,17884,https://zoningbylaw.edmonton.ca/dc1-17884,The purpose of this Zone is to provide the opportunity for more efficient utilization of suburban areas through increased density of Single Detached Housing and by eliminating the requirement of one Side Yard per lot.
dc1-17918,17918,https://zoningbylaw.edmonton.ca/dc1-17918,The purpose of this Provision is to preserve and enhance the unique visual identity and special character of Church Street. 2. Location This provision shall apply generally to properties along 96 Street NW between 106 Avenue NW and 111 Avenue NW as shown in
dc1-18049,18049,https://zoningbylaw.edmonton.ca/dc1-18049,"The purpose of this DC1 Direct Development Control Provision is to facilitate the development of a pedestrian-friendly and transit-supportive mixed use area that may accommodate a range of commercial, residential, office, entertainment, cultural and institutional uses such that development is appropriate in appearance and function to a Site adjacent to an arterial roadway, transit centre and low-density residential development, and containing a private Natural Area. The Provision is intended to accommodate Site development that will build out over time, intensifying gradually in response to th"
dc1-18099-area-1,18099,https://zoningbylaw.edmonton.ca/dc1-18099-area-1,"The purpose of this Provision is to facilitate the development of a pedestrian friendly and transit-supportive area that is characterized by its strong mix of retail, office, entertainment, and residential uses and its accessibility, open spaces, and sensitive interface between developments."
dc1-18099-area-2,18099,https://zoningbylaw.edmonton.ca/dc1-18099-area-2,"The purpose of this Provision is to facilitate the development of a pedestrian friendly and transit-supportive area that is characterized by its mix of commercial and residential uses, directing the most intensive development around station areas while creating a sensitive transition to the south."
dc1-18099-area-5,18099,https://zoningbylaw.edmonton.ca/dc1-18099-area-5,"The purpose of this Provision is to facilitate a mixed use area that encourages the retention of existing older residential structures and promotes a scale and design that is complementary to the existing low density residential dwellings in the area by providing opportunity for greater residential uses and small scale, low impact commercial uses."
dc1-18123,18123,https://zoningbylaw.edmonton.ca/dc1-18123,To guide the use and development of Boyle Renaissance Phases 1 and 2 which are divided into DC1 Subarea 1 and DC1 Subarea 2 as shown on
dc1-18136,18136,https://zoningbylaw.edmonton.ca/dc1-18136,The purpose of this Zone is to provide the opportunity for more efficient utilization of suburban areas through increased density of Single Detached Housing and by eliminating the requirement of one Side Setback per Lot.
dc1-18153,18153,https://zoningbylaw.edmonton.ca/dc1-18153,The purpose of this Zone is to provide the opportunity for more efficient utilization of suburban areas through increased density of Single Detached Housing and by eliminating the requirement of one Side Setback per Lot.
dc1-18175-hecla-block,18175,https://zoningbylaw.edmonton.ca/dc1-18175-hecla-block,To establish a Direct Development Control District to accommodate a limited range of uses such that by limiting the range of specific land uses that will be compatible with the designation of the Hecla Block as a Municipal Historic Resource.
dc1-18179,18179,https://zoningbylaw.edmonton.ca/dc1-18179,
dc1-18190,18190,https://zoningbylaw.edmonton.ca/dc1-18190,"The purpose of this Zone is to provide for the redevelopment of a municipally designated historic building, the Shop-Easy Grocery Store, while allowing for limited commercial and residential Uses on the site."
dc1-18203,18203,https://zoningbylaw.edmonton.ca/dc1-18203,"To provide a district for low density residential housing (“reverse housing”) whereby residential uses front onto a greenway and vehicular access is provided by a public Lane, providing an opportunity for a unique pedestrian-oriented development."
dc1-18205,18205,https://zoningbylaw.edmonton.ca/dc1-18205,The purpose of this Zone is to provide the opportunity for more efficient utilization of suburban areas through increased density of Single Detached Housing and by eliminating the requirement of one Side Setback per Lot.
dc1-18253,18253,https://zoningbylaw.edmonton.ca/dc1-18253,The purpose of this Zone is to provide for medium density housing with a rear lane.
dc1-18332,18332,https://zoningbylaw.edmonton.ca/dc1-18332,
dc1-18440,18440,https://zoningbylaw.edmonton.ca/dc1-18440,The purpose of this Zone is to provide the opportunity for more efficient utilization of land through increased Density of Single Detached Housing by reducing one Side Setback to zero metres.
dc1-18448,18448,https://zoningbylaw.edmonton.ca/dc1-18448,"This Provision is designed to accommodate the use and preservation of the Wallbridge Residence. This Provision allows Residential and Commercial Uses, while ensuring that any future alterations are compatible with the architectural elements and historical significance of the Residence."
dc1-18461,18461,https://zoningbylaw.edmonton.ca/dc1-18461,"To provide a Direct Development Control District to preserve and enhance a special heritage area comprised of historic, civic and cultural elements while permitting a wide range of general business commercial and residential opportunities. The District supports the adaptive reuse of historic buildings and provides guidelines for sympathetic infill development along Jasper Avenue and 97 Street. The District also creates a pedestrian-oriented linkage between major developments in the Downtown and the Chinatown areas in order to achieve the intent of Section 7.2.6 of the Boyle Street/McCauley Are"
dc1-18468,18468,https://zoningbylaw.edmonton.ca/dc1-18468,"To establish a Direct Development Control Provision to support a development primarily supporting extended medical treatment services that integrate well with the community. Supportive and complementary uses such as housing and a limited range of related retail, service and community uses are included. Specific development regulations will ensure a high quality development compatible with the adjacent residential and non-residential land uses."
dc1-18497,18497,https://zoningbylaw.edmonton.ca/dc1-18497,The purpose of this Zone is to provide the opportunity for more efficient utilization of suburban areas through increased density of Single Detached Housing and by allowing Zero Lot Line Development.
dc1-18559,18559,https://zoningbylaw.edmonton.ca/dc1-18559,The purpose of this zone is to provide for a range of commercial and business uses on a site that maintains high visibility and access to Mark Messier Trail NW.
dc1-18583,18583,https://zoningbylaw.edmonton.ca/dc1-18583,"To preserve and enhance the Gibbard Block, a municipally designated historic building, providing the opportunity for a mix of uses to operate within the building."
dc1-18591,18591,https://zoningbylaw.edmonton.ca/dc1-18591,"To accommodate a limited range of uses and to ensure the continued operation and preservation of the Rodd Apartments, a designated Municipal Historic Resource."
dc1-18597,18597,https://zoningbylaw.edmonton.ca/dc1-18597,To establish a Direct Development Control Provision for the development of a pre-existing shopping centre that serves the community and regional trade area in a manner that is compatible with adjacent non-commercial uses.
dc1-18607,18607,https://zoningbylaw.edmonton.ca/dc1-18607,"The purpose of this Zone is to provide for Single Detached and Semi-detached Housing, including Zero Lot Line Development, with front attached Garages, that provides the opportunity for more efficient utilization of land in the Edgemont neighbourhood."
dc1-18626,18626,https://zoningbylaw.edmonton.ca/dc1-18626,"To establish a (DC1) Direct Development Control Provision to accommodate a limited range of uses and development regulations that will ensure the continued operation and preservation of the Oblats Maison Provinciale, a designated Municipal Historic Resource."
dc1-18632,18632,https://zoningbylaw.edmonton.ca/dc1-18632,"The purpose of this Zone is to allow for zero lot line with front drive access of a collector roadway, and to provide the opportunity for more efficient utilization of land through increased Density of Single Detached Housing by reducing one Side Setback to zero metres."
dc1-18680,18680,https://zoningbylaw.edmonton.ca/dc1-18680,The purpose of this Provision is to facilitate the development of Single Detached Housing in the form of small lot sizes and increased density
dc1-18685-area,18685,https://zoningbylaw.edmonton.ca/dc1-18685-area,The purpose of this Direct Development Control Provision is to provide for smaller lot Single Detached Housing with attached garages in a suburban setting that provides the opportunity for Zero Lot Line Development.
dc1-18685-area-b,18685,https://zoningbylaw.edmonton.ca/dc1-18685-area-b,"The purpose of this Zone is to provide for smaller lot Single Detached Housing with access from a Lane, including Zero Lot Line Development that provides the opportunity for the more efficient utilization of land in developing neighbourhoods, while maintaining the privacy and independence afforded by Single Detached Housing forms."
dc1-18712,18712,https://zoningbylaw.edmonton.ca/dc1-18712,"To preserve and enhance the Alex Cormack Residence, a municipally designated historic building, and allow residential and residential-related uses."
dc1-18748,18748,https://zoningbylaw.edmonton.ca/dc1-18748,The purpose of this Zone is to provide the opportunity for more efficient utilization of suburban areas through increased density of Single Detached Housing by allowing Zero Lot Line Development.
dc1-18769,18769,https://zoningbylaw.edmonton.ca/dc1-18769,"The purpose of this Zone is to provide for Single Detached Housing with attached Garages in a suburban setting that provides smaller Lot sizes with reduced Site Widths, allowing for more efficient utilization of land through increased Density."
dc1-18795,18795,https://zoningbylaw.edmonton.ca/dc1-18795,"To provide for low density residential housing (“reverse housing”) whereby homes front onto a private greenway corridor and vehicular access is provided by a public lane, providing an opportunity for a unique pedestrian-oriented development."
dc1-18832,18832,https://zoningbylaw.edmonton.ca/dc1-18832,"This Provision is designed to accommodate the use and preservation of the Griffith Residence as a designated Municipal Historic Resource. This Provision allows Residential and Residential-related Uses, while ensuring that any future alterations are compatible with the architectural elements and historical significance of the Residence."
dc1-18836,18836,https://zoningbylaw.edmonton.ca/dc1-18836,"To establish a Direct Development Control Provision to provide for developments of an institutional or community service nature, and to mitigate risk around pipeline rights of way and abandoned well sites."
dc1-18848,18848,https://zoningbylaw.edmonton.ca/dc1-18848,"To allow for the existing building on-site as of the date of this bylaw to be used for commercial purposes while ensuring future buildings accommodate a transit-oriented development/high density residential mixed use node that creates a liveable “urban village” environment and generates an improved sense of place and quality development through the use of urban design regulations and the introduction of high density apartment housing adjacent to the Downtown area and future high speed transit corridors. Minor local commercial uses will be encouraged, but not required."
dc1-18885,18885,https://zoningbylaw.edmonton.ca/dc1-18885,"To accommodate the retention and adaptive reuse of the historic Street Railway Substation No. 600 building and the development of a new low-rise building with a limited range of commercial uses. 2. Area of Applicability This Provision shall apply to Lot 2, Block 24, Plan RN22 as shown on Schedule “A” of this Bylaw adopting this Provision, Westmount."
dc1-18890,18890,https://zoningbylaw.edmonton.ca/dc1-18890,"To establish a Direct Development Control Provision to accommodate utility systems or works limited to a Renewable Energy Device (solar power plant) and future water treatment plant and Community, Educational, Recreational and Cultural Services."
dc1-18922,18922,https://zoningbylaw.edmonton.ca/dc1-18922,"To provide for Row Housing with vehicular access from a Lane, increased Site Coverage, increased Height, and decreased side Setbacks."
dc1-18934,18934,https://zoningbylaw.edmonton.ca/dc1-18934,"To ensure that development is sensitively integrated with the historic context of the area and reinforces elements of the area’s character including the traditional pattern of single-detached development, urban design characteristics, and historic craftsman and foursquare architecture."
dc1-19022,19022,https://zoningbylaw.edmonton.ca/dc1-19022,"To accommodate the designation of Douglas Manor as a Municipal Historic Resource and to allow a mixed-use addition to the building that is sympathetic to, and compatible with, the existing building and the surrounding neighbourhood context."
dc1-19035,19035,https://zoningbylaw.edmonton.ca/dc1-19035,"To provide for a mix of commercial and residential uses organized along a central, publicly accessible private roadway."
dc1-19051,19051,https://zoningbylaw.edmonton.ca/dc1-19051,"To preserve and enhance the Stovel Block, a municipally designated historic building, while providing an active, pedestrian friendly frontage and accommodating a range of uses to operate within the building."
dc1-19066,19066,https://zoningbylaw.edmonton.ca/dc1-19066,"To provide for multi-unit housing, with taller heights and increased site coverage, serviced by a Public Roadway and a Lane."
dc1-19115,19115,https://zoningbylaw.edmonton.ca/dc1-19115,"To preserve and enhance the Hudson’s Bay Company Stables/Ortona Armoury, a designated Municipal Historic Resource, as an arts and community hub, including a sympathetic addition to the building to enclose the courtyard and improvements to site accessibility."
dc1-19135,19135,https://zoningbylaw.edmonton.ca/dc1-19135,"To preserve the Rossdale Brewery- a designated historic resource- and provide a district for a mix of residential, parks, commercial, entertainment, cultural and educational uses appropriate to its relationship to the downtown and the river edge and to the River Valley lands. A mixed-use urban environment with a balanced range of opportunities for living, working and recreation will be encouraged. Development will be sensitive to the existing scale and historic character of the Rossdale Brewery, incorporating it as the predominant structure. Commercial Uses will be concentrated in the Rossdale"
dc1-19186,19186,https://zoningbylaw.edmonton.ca/dc1-19186,"To provide a district for low density residential housing as Reverse Housing, providing an opportunity for a unique pedestrian-oriented development."
dc1-19232,19232,https://zoningbylaw.edmonton.ca/dc1-19232,To allow for the development of Multi-Unit Housing in the form of Row Housing to be developed on individual shallow lots.
dc1-19266,19266,https://zoningbylaw.edmonton.ca/dc1-19266,"To accommodate opportunities for the development of medium density residential uses on the Site. Prior to the issuance of a Development Permit an Environmental Impact Screening Report, in accordance with Schedule D of the North Saskatchewan River Valley Area Redevelopment Plan shall be submitted and approved by City Council for the construction of 16 Avenue, from Whispering River Drive to the Transportation Utility Corridor. City Council may require that any identified adverse impacts be eliminated, minimized or mitigated through design and landscaping measures."
dc1-19270,19270 (3),https://zoningbylaw.edmonton.ca/dc1-19270,
dc1-19308,19308,https://zoningbylaw.edmonton.ca/dc1-19308,"To provide for Multi-unit Housing in the form of Row Housing with increased height, site coverage, and reduced rear setbacks for detached garages."
dc1-19316,19316,https://zoningbylaw.edmonton.ca/dc1-19316,"To provide for Multi-unit Housing in the form of Row Housing with increased height, site coverage, and reduced rear setbacks for detached garages."
dc1-19331,19331,https://zoningbylaw.edmonton.ca/dc1-19331,"To provide for the preservation and restoration of Delton Grocery, a designated Municipal Historic Resource, while allowing for the development of complementary and compatible pedestrian friendly commercial and residential Uses on the remaining portions of the Site."
dc1-19382,19382,https://zoningbylaw.edmonton.ca/dc1-19382,To accommodate the development of medium density Residential with limited low intensity Commercial Uses.
dc1-19431,19431,https://zoningbylaw.edmonton.ca/dc1-19431,"The purpose of this DC1 Provision is to facilitate the development of a Community Commercial Centre in the Walker Neighbourhood that may accommodate a range of commercial, office, entertainment, cultural and institutional uses such that development is appropriate in appearance and function to a Site bounded by two arterial roadways, a collector roadway and a future Transit Priority Corridor."
dc1-19477,19477,https://zoningbylaw.edmonton.ca/dc1-19477,This Provision is designed to accommodate the use and preservation of the Walton L. Smith Residence as a designated Municipal Historic Resource. This Provision allows Residential and Residential-related Uses while ensuring that any future alterations are compatible with the architectural elements and historical significance of the Residence.
dc1-19485-area,19485,https://zoningbylaw.edmonton.ca/dc1-19485-area,"To provide for single detached housing uses on shallow lots with reduced prominence of garages along the streetscape, efficiently utilizing undeveloped suburban land."
dc1-19485-area-b,19485,https://zoningbylaw.edmonton.ca/dc1-19485-area-b,"To provide for semi-detached residential housing whereby homes front onto a public park space and vehicular access is provided by a public lane, providing the opportunity for pedestrian-oriented development."
dc1-19485-area-c,19485,https://zoningbylaw.edmonton.ca/dc1-19485-area-c,"To provide for residential development with front attached garages, in the form of back to back attached stacked row housing on small lots."
dc1-19485-area-d,19485,https://zoningbylaw.edmonton.ca/dc1-19485-area-d,To provide for ground oriented housing with slightly increased site coverage than the regulations found within the RF5 Row Housing Zone.
dc1-19505,19505,https://zoningbylaw.edmonton.ca/dc1-19505,To accommodate the development of the Hospital and Health Campus in keeping with the policies outlined in the Heritage Valley Neighbourhood 14 Neighbourhood Area Structure Plan (NASP).
dc1-19506,19506,https://zoningbylaw.edmonton.ca/dc1-19506,"To accommodate a limited range of institutional, office and personal services uses that will be compatible with the designation of the St. Francis of Assisi Friary / St. Anthony’s College as both a heritage site and a residential area that supports the ongoing use of the heritage building."
dc1-19509,19509,https://zoningbylaw.edmonton.ca/dc1-19509,"The purpose of this Zone is to provide for Multi-Unit Housing in the form of Row Housing, where some units may not be at Grade."
dc1-19546,19546,https://zoningbylaw.edmonton.ca/dc1-19546,"The purpose of this Zone is to provide for a Single Detached house, Secondary Suite, and Garden Suite to be constructed on the same lot, to allow for gentle Density increases."
dc1-19568,19568,https://zoningbylaw.edmonton.ca/dc1-19568,The purpose of this Zone is to provide for Single Detached Housing with front attached Garages and increased site coverage.
dc1-19570,19570,https://zoningbylaw.edmonton.ca/dc1-19570,"To provide for Row Housing, developed as individual lots with front attached garages and greater height and site coverage than allowed by the (RF5) Row Housing Zone."
dc1-19628,19628,https://zoningbylaw.edmonton.ca/dc1-19628,"To preserve Hangar 14, housing the Alberta Aviation Museum, a designated Municipal Historic Resource, as an museum and community hub, including additional signage opportunities and improvements to site accessibility."
dc1-19636,19636,https://zoningbylaw.edmonton.ca/dc1-19636,To provide for ground oriented Multi-unit Housing in the form of Row Housing with increased Site Coverage and Height.
dc1-19662,19662,https://zoningbylaw.edmonton.ca/dc1-19662,"To accommodate the retention of the historic facades and key character defining elements of the West End Telephone Exchange Building, the development of a new 2-storey commercial building, and the adaptive reuse of a former electrical substation building with a limited range of commercial uses. 2. Area of Applicability This Provision shall apply to Lot 17A, Block 20, Plan 1723133 and Lot 18 - 19, Block 20, Plan 4423AJ located east of 121 Street NW and south of 102 Avenue NW, as shown on Schedule “A” of this Bylaw adopting this Provision, Oliver."
dc1-19663,19663,https://zoningbylaw.edmonton.ca/dc1-19663,The purpose of this Zone is to provide the opportunity for the development of an RLD lot with wellsite development restrictions.
dc1-19674,19674,https://zoningbylaw.edmonton.ca/dc1-19674,To allow for the development of Multi-Unit Housing in the form of Row Housing to be developed on individual shallow lots.
dc1-19693,19693,https://zoningbylaw.edmonton.ca/dc1-19693,"To allow for the development of Multi-Unit Housing in the form of row housing with rear attached Garages, to be developed on individual lots."
dc1-19714,19714,https://zoningbylaw.edmonton.ca/dc1-19714,To accommodate the development of a mid-rise residential building and the historic preservation of the Canadian Pacific Railway Station designed to create a high-quality urban environment along Gateway Boulevard NW.
dc1-19719,19719,https://zoningbylaw.edmonton.ca/dc1-19719,
dc1-19743-area,19743,https://zoningbylaw.edmonton.ca/dc1-19743-area,The purpose of this Zone is to provide for low density housing types including Single and Semi-detached housing with rear garages and reduced site depth.
dc1-19743-area-b,19743,https://zoningbylaw.edmonton.ca/dc1-19743-area-b,The purpose of this Zone is to provide for a mix of low density housing types including Single Detached and Semi-detached housing with reduced side setbacks.
dc1-19755,19755,https://zoningbylaw.edmonton.ca/dc1-19755,To preserve the historic Ritchie Mill by accommodating a mix of commercial uses within the historic structure as well as a contextually appropriate building expansion.
dc1-19761,19761,https://zoningbylaw.edmonton.ca/dc1-19761,The purpose of this DC1 Direct Development Control Provision is to provide for business and commercial uses on sites with good visibility and accessibility along 137 Avenue and 142 Street.
dc1-19771,19771,https://zoningbylaw.edmonton.ca/dc1-19771,The purpose of this provision is to facilitate a Light Rail Transit Station with associated maintenance and park and ride facilities while incorporating the necessary drainage and ecological requirements to protect an adjacent natural area.
dc1-19789,19789,https://zoningbylaw.edmonton.ca/dc1-19789,"To preserve the Cecil Burgess Residence as a Designated Municipal Historic Resource and ensure future alterations, Accessory buildings, and uses are compatible with the historic building while allowing for a Garden Suite with limited Accessory Non-Residential Uses at the rear of the Site."
dc1-19798,19798,https://zoningbylaw.edmonton.ca/dc1-19798,"To establish a Direct Development Control Provision to provide for a business employment area with a mix of commercial, business, and light industrial Uses that carry out their operations such that no nuisance is created or apparent outside an enclosed building and are compatible with adjacent Residential, Commercial, and Urban Service Zones in accordance with the Lewis Farms Business Employment Neighbourhood Structure Plan. The site is intended to allow for low intensity commercial, office and service Uses located along the 215 Street arterial roadway. All Development shall be sensitive and i"
dc1-19816,19816,https://zoningbylaw.edmonton.ca/dc1-19816,
dc1-19827,19827,https://zoningbylaw.edmonton.ca/dc1-19827,The purpose of this Zone is to provide for low density housing types including Single and Semi-detached housing with rear garages and reduced site depth.
dc1-19835,19835,https://zoningbylaw.edmonton.ca/dc1-19835,"To accommodate the development of a range of commercial and institutional uses with additional opportunity for a complementary mix of residential in the form multi-unit housing. This establishes a high quality urban environment,that is well integrated with the adjacent Ambleside commercial and residential areas and to create an aesthetic and architecturally appealing development adjacent to Anthony Henday Drive."
dc1-19847,19847,https://zoningbylaw.edmonton.ca/dc1-19847,"The purpose of this Provision is to establish opportunities for a mix of residential and commercial uses and pedestrian oriented development within 400m of the Desrochers LRT station, while providing a transition in form and scale from higher to lower intensity and density development."
dc1-19860,19860,https://zoningbylaw.edmonton.ca/dc1-19860,"To accommodate a mixed use high rise development that is compatible in scale, function and built form with the surrounding historic warehouse area, contributing to an active streetscape and also incorporating the south and west Façades of the historic Horne &amp; Pitfield building."
dc1-19863,19863,https://zoningbylaw.edmonton.ca/dc1-19863,"To preserve the John L. Lang Apartments, a Municipal Historic Resource, to allow a mix of small-scale commercial and residential uses within the existing building."
dc1-19884,19884,https://zoningbylaw.edmonton.ca/dc1-19884,"The purpose of this Provision is to accommodate a commercial shopping centre with development controls and urban design regulations and guidelines to establish a high quality urban environment. Commercial, retail and office uses shall be included and will be developed as a larger shopping complex, a main street and stand-alone pads comprehensively designed to improve the pedestrian and shopping environment, and allow for limited opportunities for residential uses in the form of Multi-Unit Housing."
dc1-19887,19887,https://zoningbylaw.edmonton.ca/dc1-19887,"The purpose of this Provision is to provide shallow lot Single Detached Housing uses with attached Garages that reduce the prominence of garages to the street and efficiently utilize undeveloped suburban areas. 2. Application This Provision shall apply to Lot A, Plan 2056NY; Lots 2-31, Block 1, Plan 1820076; Lots 1-26 &amp; 28-48, Block 2 Plan 1820076; Lots 8-33, Block 2, Plan 1820076; and Lots 3-15, Block 4, Plan 1820076, located west of 91 Street SW and south of Orchards Drive SW, as shown on Schedule “A” of the Bylaw adopting this Provision. The Uses and Regulations as outlined in this prov"
dc1-19888,19888,https://zoningbylaw.edmonton.ca/dc1-19888,"To preserve the Barto Residence, a designated Municipal Historic Resource, while allowing for a mix of both Residential and Non-Residential Uses, which are compatible with and enhance the surrounding neighbourhood."
dc1-19932,19932,https://zoningbylaw.edmonton.ca/dc1-19932,To provide for Multi-unit Housing in the form of Row Housing.
dc1-19966,19966,https://zoningbylaw.edmonton.ca/dc1-19966,To allow Multi-unit housing to be developed in the form of Row Housing with increased Height on individual lots.
dc1-19988,19988,https://zoningbylaw.edmonton.ca/dc1-19988,"To preserve the unique architectural character of a portion of 81 Avenue NW, provide for new commercial and compatible mixed use development opportunities and, if possible, preserve the view of the historic Canadian Pacific Railway Station to the west. This provision creates a unique pedestrian commercial shopping district while ensuring future development is compatible with the character of buildings with historic false Façades."
dc1-19998,19998,https://zoningbylaw.edmonton.ca/dc1-19998,"To allow for the development of Multi-unit Housing in the form of Row Housing with reduced Site Depth, and increased Site Coverage and Height."
dc1-20060,20060,https://zoningbylaw.edmonton.ca/dc1-20060,"To allow Multi-unit Housing to be developed in the form of row housing on individual lots with taller heights and increased site coverage, serviced by a Public Roadway and a Lane."
dc1-20093,20093,https://zoningbylaw.edmonton.ca/dc1-20093,"The purpose of this Provision is to provide for a variety of low density housing types including Single and Semi-detached housing with, or without rear attached garages."
dc1-20124-area,20124,https://zoningbylaw.edmonton.ca/dc1-20124-area,"To provide for lane access, Single Detached Housing with either rear attached garages and reduced site depth or the opportunity to develop both Garden Suites and Secondary Suites in conjunction with the principal dwelling."
dc1-20124-area-b,20124,https://zoningbylaw.edmonton.ca/dc1-20124-area-b,"To provide a district for shallow lot Multi-unit Housing in the form of row housing, and Semi-detached Housing with rear attached garages."
dc1-20164-area-5,20164,https://zoningbylaw.edmonton.ca/dc1-20164-area-5,
dc1-20167,20167,https://zoningbylaw.edmonton.ca/dc1-20167,"To preserve the Magrath Mansion as a Designated Municipal Historic Resource and a Provincial Historic Resource, and ensure future alterations, Accessory Buildings, and Uses are compatible with the historic building."
dc1-20181,20181,https://zoningbylaw.edmonton.ca/dc1-20181,"To allow for the adaptive reuse of the historic Hangar 11 building as a mixed-use building, including alterations to the building’s interior and exterior."
dc1-20229,20229,https://zoningbylaw.edmonton.ca/dc1-20229,The purpose of this Zone is to facilitate the development of Single Detached Housing that allows for a unique configuration of minimum Side Setback requirements.
dc1-20285,20285,https://zoningbylaw.edmonton.ca/dc1-20285,"To allow for Single Detached Housing, Single Detached Housing - Zero Lot Line Development and Semi-detached Housing serviced by both a public roadway and a Lane with rear garages on lots with reduced Site depth."
dc1-20301,20301,https://zoningbylaw.edmonton.ca/dc1-20301,"The purpose of this Provision is to accommodate mid- and high-rise mixed-Use (but predominantly residential) development with active retail and residential street Frontages that is pedestrian friendly and compatible in scale, function, built form and design with surrounding developments and open space and/or accessible public assembly space for passive and active Use, all in accordance with Section 860 of the Zoning Bylaw, The Quarters Downtown Area Redevelopment Plan and The Quarters Downtown Urban Design Plan."
dc1-20340,20340,https://zoningbylaw.edmonton.ca/dc1-20340,"To facilitate the development of a pedestrian friendly Community Commercial Centre that may accommodate a range of commercial, residential, office, entertainment, cultural and institutional uses such that development is appropriate in appearance and function to a site bounded by two arterial roadways, a collector roadway, and a future Transit Priority Corridor, and abutting a natural area, a medium density residential site, and an existing religious assembly."
dc1-20354,20354,https://zoningbylaw.edmonton.ca/dc1-20354,To provide a district for shallow lot Multi-unit Housing in the form of row housing and Semi-detached Housing with rear attached garages.
dc1-20433,20433,https://zoningbylaw.edmonton.ca/dc1-20433,"To allow for a mixed use, high density, development that is compatible with the surrounding area and incorporates a mix of Uses in a pedestrian-friendly environment."
dc1-20460,20460,https://zoningbylaw.edmonton.ca/dc1-20460,To accommodate the continued use of the existing Loyal Orange Lodge No. 1654 for community and cultural uses.
dc1-20462,20462,https://zoningbylaw.edmonton.ca/dc1-20462,"The purpose of this (DC1) Direct Development Control Provision is to facilitate the development of a pedestrian oriented and transit-supportive mixed use area that may accommodate a range of commercial, residential, and office uses."
dc1-20477,20477,https://zoningbylaw.edmonton.ca/dc1-20477,"To accommodate the retention and redevelopment of the existing Transit Hotel as part of the infill and intensification strategy along Fort Road NW as a transit-oriented, ”urban village” within walking distance to the Belvedere LRT Station."
dc1-20518,20518,https://zoningbylaw.edmonton.ca/dc1-20518,"To facilitate the creation of a high density, mixed-use, urban village development adjacent to the Stadium LRT Station. This Zone allows for low, medium and high-rise residential development with high-rise Towers set back on podiums, integrated with limited commercial, office and service Uses in appropriate areas. The development will feature two Pocket Parks/Plazas at the north and south interface, a commercial main street to enhance the pedestrian environment and aesthetic quality, and strong pedestrian connections to the LRT Station via pedestrian-friendly streets and paths."
dc1-20538,20538,https://zoningbylaw.edmonton.ca/dc1-20538,To preserve the historic Balfour Manor by accommodating a mix of uses within the historic structure as well as a sympathetic addition that will provide an active and enhanced interface along 116 Street NW.
dc1-20649,20649,https://zoningbylaw.edmonton.ca/dc1-20649,The purpose of this Provision is to provide for Single Detached Zero Lot Line housing and Secondary Suites with rear detached garages and Garden Suites.
dc1-20650,20650,https://zoningbylaw.edmonton.ca/dc1-20650,"The purpose of this Provision is to provide for Zero Lot Line Development of Single Detached Housing with rear detached garages, Secondary Suites, and Garden Suites."
dc1-20651,20651,https://zoningbylaw.edmonton.ca/dc1-20651,"The purpose of this Provision is to provide for Zero Lot Line Development of Single Detached Housing with rear detached garages, Secondary Suites, and Garden Suites."
dc1-20692,20692,https://zoningbylaw.edmonton.ca/dc1-20692,"To accommodate development of a compatible and diverse mix of business industrial uses carried out within an enclosed building, and commercial uses, both with a high quality built form located at, and appropriate to the entrance to the Heritage Valley area and being visible from the Calgary Trail / Gateway Boulevard corridor."
dc1-20696,20696,https://zoningbylaw.edmonton.ca/dc1-20696,"To accommodate the creation of new lots and new local roads in a zone that supports a variety of single family, low-rise and medium scale building at a density consistent with the Neighbourhood Structure Plan and providing uses that meet the needs of the local community."
dc1-6220,6220,https://zoningbylaw.edmonton.ca/dc1-6220,
dc1-6380,6380,https://zoningbylaw.edmonton.ca/dc1-6380,
dc1-6502,6502,https://zoningbylaw.edmonton.ca/dc1-6502,"To provide a direct control district for detailed, sensitive control of the use, development, siting and design of buildings and disturbance of land where this is necessary to establish, preserve or enhance: a. areas of unique character or special concern, as identified and specified in an Area Structure Plan or Area Redevelopment Plan, or b. areas or sites of special historic, cultural, palaeontological, archaelogical, prehistoric, natural, scientific or aesthetic interest as designated under the Alberta Historical Resources Act (1973). 710.2 Application This district shall only be applied: a"
dc1-7085,7085,https://zoningbylaw.edmonton.ca/dc1-7085,"To provide a district for relatively low to medium density multiple family housing, generally as row housing on a specific site. 2. Permitted Uses Row Housing, including Linked Housing and Semi-detached housing, on a site of 1.4 ha. (3.46) acres or less in size. 3. Discretionary Uses row housing; home crafts; Offices-in-the-home; Daytime Child Care Services."
dc1-9508,9508,https://zoningbylaw.edmonton.ca/dc1-9508,To establish a site Specific Direct Control District for industrial and commercial business which carry out their operation such that no nuisance factor is created or apparent outside an enclosed building and such-that the district is compatible with surrounding land uses.
dc2-100,100,https://zoningbylaw.edmonton.ca/dc2-100,"To establish a Site Specific Development Control District to accommodate a day care centre and low to medium density multiple family housing, generally as row housing and to establish sensitive site development regulations that will ensure compatibility with surrounding land uses."
dc2-1002,1002,https://zoningbylaw.edmonton.ca/dc2-1002,"The purpose of this Zone is to provide for medium density housing in the form of Semi-detached, Row Housing, Stacked Row Housing and Apartment Housing, where some units may not be at Grade allowing for more efficient utilization of the site."
dc2-1006,1006,https://zoningbylaw.edmonton.ca/dc2-1006,"To allow for a mixed-use, mid-rise development, Spruce Avenue."
dc2-1007,1007,https://zoningbylaw.edmonton.ca/dc2-1007,To provide low-density housing with the opportunity to create an individually titled lot for a dwelling unit adjacent to the lane.
dc2-1008,1008,https://zoningbylaw.edmonton.ca/dc2-1008,To provide low-density housing with the opportunity to create an individually titled lot for a dwelling unit adjacent to the lane.
dc2-1009,1009,https://zoningbylaw.edmonton.ca/dc2-1009,"To establish a Site Specific Development Control Provision to accommodate a mixed use development consisting of residential, commercial, and limited Community Educational, Recreational and Cultural services Uses that builds upon the existing DC2 (G) Plaza 97 Development Agreement."
dc2-101,101,https://zoningbylaw.edmonton.ca/dc2-101,"To establish a site specific development control district to accommodate neighbourhood convenience commercial uses, including a private club and major indoor amusement establishment to be utilized for community fund-raising efforts, and to establish sensitive site development regulations that will ensure compatibility with surrounding land uses."
dc2-1010,1010,https://zoningbylaw.edmonton.ca/dc2-1010,"To accommodate a shopping center development that will allow for cannabis retail sales, retail, general commercial and office uses such that by establishing specific site development criteria, a compatible relationship with surrounding land uses will be achieved."
dc2-1014,1014,https://zoningbylaw.edmonton.ca/dc2-1014,To establish a Site Specific Development Control District for a range of commercial uses having site specific development regulations which will ensure compatibility with adjacent existing and proposed commercial and industrial Zonings and a high standard of appearance appropriate to the site’s location at the intersection of two major commercial corridors.
dc2-1015,1015,https://zoningbylaw.edmonton.ca/dc2-1015,"To allow a limited range of interim commercial, institutional and recreational uses in existing buildings such that the future development of these lands in accordance with the Griesbach Neighbourhood Area Structure Plan is not prejudiced."
dc2-1018,1018,https://zoningbylaw.edmonton.ca/dc2-1018,"The purpose of this provision is to provide for convenience commercial and personal service uses, including minor alcohol sales and cannabis retail sales, which are intended to serve the day to day needs of residents within the adjacent residential neighbourhood."
dc2-1019,1019,https://zoningbylaw.edmonton.ca/dc2-1019,To establish a Site Specific Control District to accommodate a mix of commercial and office uses and a limited range of residential uses with specific development regulations that will ensure compatibility with surrounding uses and to ensure a high standard of appearance appropriate to the site's location on major access routes into the Downtown core.
dc2-102,102,https://zoningbylaw.edmonton.ca/dc2-102,"To establish a Site Specific Development Control District to accommodate a limited range of general business uses in accordance with the 100 Avenue Land Use Study, with site development regulations that will ensure compatibility with existing and future adjacent land uses and the function of roadways adjacent to the site."
dc2-1020,1020,https://zoningbylaw.edmonton.ca/dc2-1020,"To facilitate the development of a high-rise, high density residential Tower within 200 m of the Grandin LRT station."
dc2-1024,1024,https://zoningbylaw.edmonton.ca/dc2-1024,The purpose of this provision is to provide for neighbourhood convenience commercial uses which are intended to serve the day to day needs of residents within the neighbourhood.
dc2-1025,1025,https://zoningbylaw.edmonton.ca/dc2-1025,To accommodate two high rise residential buildings with a commercial podium that provides for an active and inviting pedestrian oriented streetscape fronting onto 104 Street and 100 Avenue.
dc2-1027,1027,https://zoningbylaw.edmonton.ca/dc2-1027,"To accommodate a 21 Storey high-rise apartment building with the opportunity for ground commercial, with regulations to ensure a high quality, sustainable, transit oriented development that provides a vibrant pedestrian realm."
dc2-1028,1028,https://zoningbylaw.edmonton.ca/dc2-1028,"To establish a Site Specific Development Control Provision to accommodate industrial business uses, offices and a limited range of commercial uses that will ensure compatibility with residential land uses to the east and a high standard of appearance appropriate to the function of 91 Street."
dc2-1030,1030,https://zoningbylaw.edmonton.ca/dc2-1030,"To accommodate compatible non-industrial businesses, including a restricted amount of general retail to supplement the opportunity for industrial business uses that carry out their operations such that no nuisance is created or apparent outside an enclosed building."
dc2-1031,1031,https://zoningbylaw.edmonton.ca/dc2-1031,To accommodate a high- rise residential development that is compatible in scale with the surrounding area.
dc2-1032,1032,https://zoningbylaw.edmonton.ca/dc2-1032,To provide for a 12-bedroom Group Home with associated uses that is to be designed in a manner that is sensitive to the surrounding low density residential development.
dc2-1035,1035,https://zoningbylaw.edmonton.ca/dc2-1035,"To establish a Site Specific Development Control Provision accommodate a limited range of retail-business and highway commercial uses, with site development regulations that will ensure compatibility with future adjacent land uses and roadways adjacent to the site."
dc2-1036,1036,https://zoningbylaw.edmonton.ca/dc2-1036,"To establish a Site Specific Development Control Provision to accommodate a range of vehicle oriented commercial and general business uses and a medium rise residential development. Site regulations will ensure compatibility with the surrounding land uses, adjacent roadways, and a high standard of appearance appropriate to the site’s location on a major entrance route into the City."
dc2-1037,1037,https://zoningbylaw.edmonton.ca/dc2-1037,"To facilitate the development of a high-rise, low density apartment building within 200 m of the Grandin LRT station."
dc2-1038,1038,https://zoningbylaw.edmonton.ca/dc2-1038,To accommodate the development of a small scale neighbourhood commercial building that is compatible with the surrounding neighbourhood.
dc2-1039,1039,https://zoningbylaw.edmonton.ca/dc2-1039,To accommodate a high density residential tower on a podium allowing a mix of other uses with a design that ensures the integration of the building within the Warehouse Campus Neighbourhood including active and inviting pedestrian oriented streetscapes.
dc2-1040,1040,https://zoningbylaw.edmonton.ca/dc2-1040,"To establish a Site Specific Development Control District to accommodate a limited range of local convenience commercial and personal service uses which are intended to serve the day-to-day needs of the neighbourhood residents, with site development criteria to ensure that the commercial development will be compatible with the adjacent residential Zonings."
dc2-1041,1041,https://zoningbylaw.edmonton.ca/dc2-1041,"The purpose of this Provision is to provide for convenience commercial and personal service uses, including minor alcohol sales, which are intended to serve the day to day needs of residents within the residential neighbourhood."
dc2-1042,1042,https://zoningbylaw.edmonton.ca/dc2-1042,"To accommodate a low rise, residential development located approximately 400 metres from the Strathearn and Holyrood LRT Stops, that is compatible with the adjacent land uses and supports a pedestrian friendly streetscape."
dc2-1045,1045,https://zoningbylaw.edmonton.ca/dc2-1045,To accommodate the development of a Single Detached House on a small site.
dc2-1046,1046,https://zoningbylaw.edmonton.ca/dc2-1046,"To provide for a mix of small-scale commercial, retail, and office uses within an existing commercial building."
dc2-1047,1047,https://zoningbylaw.edmonton.ca/dc2-1047,"To accommodate limited retail, office and business uses, with development regulations that will require a visually attractive development along a major city corridor entrance."
dc2-1048,1048,https://zoningbylaw.edmonton.ca/dc2-1048,"To allow for a range of highway commercial, general retail and industrial business uses while requiring a high standard of appearance along a major city corridor."
dc2-1049,1049,https://zoningbylaw.edmonton.ca/dc2-1049,"To allow the existing Private Education Services use to expand on the site and to allow for future industrial businesses and limited, compatible non-industrial users. Any nuisance associated with such Uses should not generally extend beyond the boundaries of the site."
dc2-1050,1050,https://zoningbylaw.edmonton.ca/dc2-1050,To provide the opportunity for a medium density mixed use development that accommodates a wide variety of uses and contributes to an inviting pedestrian streetscape along 109 Avenue NW and 113 Street NW.
dc2-1051,1051,https://zoningbylaw.edmonton.ca/dc2-1051,To accommodate the development of a seniors’ residence with extended medical treatment services and institutional services with the opportunity for a limited number of small-scale commercial uses.
dc2-1053,1053,https://zoningbylaw.edmonton.ca/dc2-1053,To allow Row Housing to be developed on individual shallow lots with private amenity area within a fenced front yard.
dc2-1054,1054,https://zoningbylaw.edmonton.ca/dc2-1054,"To accommodate a low rise, high density residential development, that is compatible with adjacent land uses and supports a pedestrian friendly streetscape."
dc2-1055,1055,https://zoningbylaw.edmonton.ca/dc2-1055,To allow for low density infill development in the form of Row Housing that is compatible with the surrounding development and utilizes access from a combination of the lane and 94 Street NW.
dc2-1056,1056,https://zoningbylaw.edmonton.ca/dc2-1056,"To allow for the expansion and operation of the Derrick Golf and Winter Club as a year-round, family-oriented recreation facility that is integrated with the existing golf course and is sensitive to surrounding development."
dc2-1057,1057,https://zoningbylaw.edmonton.ca/dc2-1057,To establish a Site Specific Development Control Provision to accommodate low intensity residential development with Site development regulations which will ensure compatibility with surrounding residential land Uses.
dc2-1058,1058,https://zoningbylaw.edmonton.ca/dc2-1058,"To allow for redevelopment of the existing Bonnie Doon Shopping Centre into a comprehensive, mixed-use, transit-oriented town centre that encompasses: 1. a comprehensive, master-planned, and phased development; 2. land uses that support residents, transit, regional employment, and a shopping destination; 3. mixed use development with animated and active frontages; 4. a pedestrian oriented environment with supporting open space; and 5. a well designed, sustainable, integrated, high-density neighbourhood."
dc2-1059,1059,https://zoningbylaw.edmonton.ca/dc2-1059,"To accommodate a five storey mixed use commercial/residential development with opportunity for a limited range of commercial uses on the ground floor, residential use on next three floors and limited green space amenities on the fifth floor, with site specific development controls to achieve a pedestrian friendly environment and the development objectives in the Italian Village Commercial Sub-area."
dc2-106,106,https://zoningbylaw.edmonton.ca/dc2-106,"To provide a site specific development control district to accommodate convenience commercial and personal service uses which are intended to serve the day-to-day needs of local residents, and to prescribe development criteria which will ensure that commercial development is compatible with the residential uses in the immediate vicinity."
dc2-1060,1060,https://zoningbylaw.edmonton.ca/dc2-1060,"To create a mixed-use building with architectural design and streetscaping that will strengthen the city centre area with space that integrates immersive arts and entertainment experiences, education and outreach, limited residential uses and a district energy system to service buildings in the downtown core."
dc2-1061,1061,https://zoningbylaw.edmonton.ca/dc2-1061,"To accommodate a high quality, vehicle-oriented commercial development along a major commercial corridor, Stony Plain Road NW."
dc2-1062,1062,https://zoningbylaw.edmonton.ca/dc2-1062,To allow for the continuation and upgrading of general industrial uses while allowing for conversion and redevelopment of obsolete industrial uses to commercial office and general business uses.
dc2-1063,1063,https://zoningbylaw.edmonton.ca/dc2-1063,To establish a Site Specific Development Control Provision to accommodate a single detached housing or small scale health services use within an existing single detached house which is complementary in scale to surrounding development in the area.
dc2-1064,1064,https://zoningbylaw.edmonton.ca/dc2-1064,"To accommodate two high rise residential buildings with active podiums fronting onto Jasper Avenue, 115 Street NW and the adjacent east-west Lane and which contributes to an inviting main street and neighbourhood pedestrian environment."
dc2-1066,1066,https://zoningbylaw.edmonton.ca/dc2-1066,"To establish a Site Specific Development Control District for retail, general commercial and office Uses with specific Site development criteria that ensure a compatible relationship with the surrounding land Uses and achieve a high standard of building appearance appropriate to the entrance location of this Site."
dc2-1067,1067,https://zoningbylaw.edmonton.ca/dc2-1067,To accommodate two high rise residential towers that contain active residential and complementary non-residential uses in the podium that create a high quality pedestrian experience along 86 Avenue NW and 112 Street NW.
dc2-1068,1068,https://zoningbylaw.edmonton.ca/dc2-1068,"To establish a Site Development Control Provision to accommodate a mixed use development which includes two residential towers connected by a medium rise link building, and street related commercial uses fronting onto Jasper Avenue NW and 108 Street NW."
dc2-1069,1069,https://zoningbylaw.edmonton.ca/dc2-1069,"To accommodate a mixed use development comprised of a podium and Tower with ground oriented commercial uses that promote a walkable and vibrant public realm along 104 Street and is compatible in scale, function, built form and design with the historical, architectural and urban village character of the area"
dc2-107,107,https://zoningbylaw.edmonton.ca/dc2-107,"To establish a Site Specific Development Control District to accommodate single detached dwellings, with site development regulations which will ensure compatibility with surrounding residential land uses and the adjacent ravine."
dc2-1070,1070,https://zoningbylaw.edmonton.ca/dc2-1070,To allow for a mixed commercial and industrial area where no nuisance is created or apparent outside an enclosed building.
dc2-1074,1074,https://zoningbylaw.edmonton.ca/dc2-1074,"To establish a Comprehensive Site Specific Development Control Provision to accommodate the Edmonton Waste Management Centre (EWMC) which includes an integrated waste management Site, a receiving and administration Site, an electrical generating facility, and a wastewater treatment Site and its constituent elements, and to minimize the impacts of the EWMC on the surrounding land uses and the river valley."
dc2-1075,1075,https://zoningbylaw.edmonton.ca/dc2-1075,"The purpose of this Provision is to accommodate general commercial Uses and low intensity general business - office uses, with site specific development regulations that will ensure compatibility with the adjacent residential Uses (to the south and west) and to ensure a high standard of appearance along adjacent roadways."
dc2-1076,1076,https://zoningbylaw.edmonton.ca/dc2-1076,The purpose of this Provision is to establish a site-specific Development Control provision to accommodate for a wide range of commercial amenities. This Provision will provide for low intensity commercial; office and service Uses. Development shall be sensitive and in scale with existing development along the commercial street and any surrounding residential neighbourhood.
dc2-1078,1078,https://zoningbylaw.edmonton.ca/dc2-1078,The purpose of this Zone is to establish a site-specific Development Control Provision to allow for a mix of lower intensity Industrial and limited Commercial Uses on the site that allow for the industrial nature of the area to be maintained. Limited outdoor activities related to a principal use may occur provided the outdoor activities do not conflict with the primary purpose or dominate the use of the site.
dc2-1079,1079,https://zoningbylaw.edmonton.ca/dc2-1079,To allow for a commercial development that is compatible with adjacent residential development and to make provisions for enhancing the appearance of the commercial site from Manning Drive NW and 139 Avenue NW.
dc2-1081,1081,https://zoningbylaw.edmonton.ca/dc2-1081,To allow for the continued use of an existing mixed-use building with a focus on a high-quality pedestrian experience along Jasper Avenue NW.
dc2-1082,1082,https://zoningbylaw.edmonton.ca/dc2-1082,To accommodate mixed use development in accordance with the existing DC2(E) Hotel Macdonald Development Agreement and to allow for the development of residential high rise building with a commercial podium that provides for an active and inviting pedestrian oriented streetscape fronting onto Jasper Avenue and 100 Street NW and a sensitive interface with the historic Hotel MacDonald.
dc2-1083,1083,https://zoningbylaw.edmonton.ca/dc2-1083,"To accommodate a mixed use high rise development that provides an active streetscape and is compatible in scale, function, built form and design with the historical, architectural and urban village character to the area."
dc2-1084,1084,https://zoningbylaw.edmonton.ca/dc2-1084,"To accommodate a commercial development that serves the day-to-day needs of the community, with the opportunity for medium density residential Uses designed in a manner that is compatible with adjacent residential Uses."
dc2-1085,1085,https://zoningbylaw.edmonton.ca/dc2-1085,To accommodate a religious assembly and a medium-density residential development with sensitive site development regulations to ensure that a transition is provided to the surrounding properties.
dc2-1086,1086,https://zoningbylaw.edmonton.ca/dc2-1086,To accommodate a medium intensity commercial office building designed to achieve a high-quality development that is appropriate for the site’s location adjacent to 101 Street.
dc2-1087,1087,https://zoningbylaw.edmonton.ca/dc2-1087,"To establish a Site Specific Development Control District for low intensity commercial office, retail and service uses, such that by limiting the range of specific land uses and developing sensitive site development regulations, impacts on adjacent residential properties are minimized and a high standard of appearance is achieved."
dc2-1090,1090,https://zoningbylaw.edmonton.ca/dc2-1090,To accommodate the development of a mixed use building comprised of a podium and Tower with ground oriented Uses along Jasper Avenue NW and 123 Street NW that promote a walkable and vibrant public realm.
dc2-1092,1092,https://zoningbylaw.edmonton.ca/dc2-1092,"To establish a Site Specific Development Control Provision to accommodate seniors-oriented low rise apartments, with site development regulations to ensure that development will be compatible with the adjacent residential development."
dc2-1095,1095,https://zoningbylaw.edmonton.ca/dc2-1095,"The purpose of this zone is to provide for residential development on a surplus school site, including row housing and low-rise apartment housing, with at Grade Dwellings and a built form that sensitively transitions to the surrounding community."
dc2-1096,1096,https://zoningbylaw.edmonton.ca/dc2-1096,"To facilitate the development of general business and commercial uses, and limited business industrial uses."
dc2-1097,1097,https://zoningbylaw.edmonton.ca/dc2-1097,To accommodate a unique lot configuration for single detached residential dwellings with site regulations that will facilitate unique building envelopes and opportunities for zero lot line development.
dc2-11,11,https://zoningbylaw.edmonton.ca/dc2-11,"To provide a Direct Control District for the creation of a Site Specific Commercial District for the lands between 104 Street and the residential portion of Steinhauer Neighbourhood, providing land use and development regulations to ensure minimum negative visual and noise impacts on adjacent residential properties."
dc2-1100,1100,https://zoningbylaw.edmonton.ca/dc2-1100,"To accommodate a mixed use node adjacent to the 149 Street LRT Stop by allowing transit-oriented development in a range of built forms, integrated with ground floor commercial Uses in appropriate areas to create a walkable, human-scaled development."
dc2-1102,1102,https://zoningbylaw.edmonton.ca/dc2-1102,"The purpose of this Zone is to provide for General Industrial Uses that create no nuisance outside the existing building, Commercial Uses appropriate for the high traffic location, and ensure future redevelopment of the site will include appropriate Environmental reviews."
dc2-1103,1103,https://zoningbylaw.edmonton.ca/dc2-1103,To allow Multi-unit Housing to be developed on individual shallow lots.
dc2-1104,1104,https://zoningbylaw.edmonton.ca/dc2-1104,"The purpose of this Zone is to provide the opportunity for small scale commercial Uses and residential Uses while promoting a design that is complementary to residential development in the area. Site specific regulations are intended to enhance the pedestrian environment by incorporating pedestrian scaled architecture, design and amenities."
dc2-1105,1105,https://zoningbylaw.edmonton.ca/dc2-1105,To allow Multi-unit Housing in the form of Row Housing to be developed on individual shallow lots.
dc2-1106,1106,https://zoningbylaw.edmonton.ca/dc2-1106,To allow a low density residential development in the form of a single detached dwelling with a commercial component that is compatible with the surrounding low density housing and commercial businesses.
dc2-1107,1107,https://zoningbylaw.edmonton.ca/dc2-1107,"To establish a Site Specific Control Provision to accommodate a range of highway commercial and general commercial uses, with site development regulations that will ensure a high standard of appearance appropriate to the site’s location on a major entrance route to the City and future arterial roadway (Parsons Road)."
dc2-1108,1108,https://zoningbylaw.edmonton.ca/dc2-1108,To establish a Site Specific Control Provision to accommodate a range of highway commercial and general commercial uses with site development regulations that will ensure a high standard of appearance appropriate to the site’s location on a major entrance route to the City and arterial roadway (Parsons Road).
dc2-1110,1110,https://zoningbylaw.edmonton.ca/dc2-1110,"To accommodate a range of highway commercial and general commercial uses, with site development regulations that will ensure a high standard of appearance appropriate to the site’s location at the intersection of a major entrance route to the City and a major arterial (23 Avenue)."
dc2-1112,1112,https://zoningbylaw.edmonton.ca/dc2-1112,"To establish a Site Specific Development Control Provision to accommodate a range of highway commercial and general commercial uses, with site development regulations that will ensure a high standard of appearance appropriate to the site’s location on a major entrance route to the City."
dc2-1113,1113,https://zoningbylaw.edmonton.ca/dc2-1113,"To allow for a limited range of commercial, light industrial, automotive and service uses that operate in such a manner that no nuisance factor is created or apparent outside an enclosed building with development regulation to ensure compatibility with surrounding land Uses."
dc2-1114,1114,https://zoningbylaw.edmonton.ca/dc2-1114,"To establish a site specific development control provision to allow for the development of parking on a temporary basis for events or other users under agreement with the City from time to time. The parking areas shall be developed in a manner that is compatible with the adjacent residential neighbourhoods, and recognizing the City’s standards and requirements for shared use of the facilities."
dc2-1116,1116,https://zoningbylaw.edmonton.ca/dc2-1116,"To accommodate a mixed-use, primarily residential, development with limited Commercial Uses that support a pedestrian-friendly streetscape."
dc2-1118,1118,https://zoningbylaw.edmonton.ca/dc2-1118,To establish a Site Specific Development Control District to accommodate a range of commercial Uses with the application of sensitive site development regulations designed to ensure an effective transition to the surrounding residential development and result in appropriate development for the Site.
dc2-1119,1119,https://zoningbylaw.edmonton.ca/dc2-1119,To accommodate a high quality commercial development with the opportunity to develop medium density residential Uses designed in a manner to support a pedestrian-friendly and functional environment.
dc2-112,112,https://zoningbylaw.edmonton.ca/dc2-112,"To establish a Site Specific Development Control District to accommodate a range of industrial business and commercial uses, and to establish site development regulations that will provide for the specific requirements of an automotive dealership and sales complex and ensure compatibility with surrounding land uses."
dc2-1120,1120,https://zoningbylaw.edmonton.ca/dc2-1120,"To provide for a multi-residential tiny home community with communal amenity and support spaces, designed in a manner that is sensitive to the surrounding low density residential development."
dc2-1121,1121,https://zoningbylaw.edmonton.ca/dc2-1121,"To accommodate a multi-unit, mid-rise development that is compatible with its surrounding context and addresses 91 Street NW prominently through building design and façade articulation."
dc2-1122,1122,https://zoningbylaw.edmonton.ca/dc2-1122,To accommodate a low-rise residential building with the opportunity for neighbourhood scaled commercial uses.
dc2-1123,1123,https://zoningbylaw.edmonton.ca/dc2-1123,"To allow Multi-unit housing to be developed in the form of Row Housing on shallow lots with reduced Site Area, Site Width, Site Depth, and landscaping, and increased Height."
dc2-1125,1125,https://zoningbylaw.edmonton.ca/dc2-1125,To provide for a mixed use development consisting of Multi-Unit Housing and ground floor commercial uses that are compatible with adjacent development.
dc2-1127,1127,https://zoningbylaw.edmonton.ca/dc2-1127,"To accommodate a mid rise, high density residential development, that is compatible with adjacent land uses and supports a pedestrian friendly streetscape."
dc2-1128,1128,https://zoningbylaw.edmonton.ca/dc2-1128,To accommodate the development of low-intensity Commercial Uses that are sensitive to the surrounding development.
dc2-1129,1129,https://zoningbylaw.edmonton.ca/dc2-1129,To accommodate the development of low-intensity Commercial Uses that are sensitive to the surrounding development.
dc2-113,113,https://zoningbylaw.edmonton.ca/dc2-113,"To establish a Site Specific Development Control District for a gas bar and convenience commercial uses, such that by limiting the range of specific land uses and developing sensitive site development regulations impacts on adjacent residential properties are minimized."
dc2-1130,1130,https://zoningbylaw.edmonton.ca/dc2-1130,To establish a Site Specific Development Control District to accommodate convenience commercial and related business uses which are intended to serve the day to day needs of residents and to prescribe development regulations which will ensure compatibility with existing and proposed adjacent residential development .
dc2-1131,1131,https://zoningbylaw.edmonton.ca/dc2-1131,"To provide a Site Specific Development Control District to accommodate religious assembly, private education services and related accessory uses with site development criteria that will ensure the development is compatible with the surrounding residential uses."
dc2-1132,1132,https://zoningbylaw.edmonton.ca/dc2-1132,The purpose of this provision is to provide the opportunity for variety of commercial uses that serve the community and are compatible with the neighbourhood plan.
dc2-1136,1136,https://zoningbylaw.edmonton.ca/dc2-1136,"To establish a Site Specific Development Control Provision to provide for neighborhood convenience and personal service uses capable of meeting the needs of the surrounding communities, while being compatible with adjacent surrounding low density residential and institutional uses."
dc2-1137,1137,https://zoningbylaw.edmonton.ca/dc2-1137,"To establish a Site-Specific Development Control District to allow for large lot single detached residential, with appropriate development criteria to ensure compatibility with the character of the existing residential lots."
dc2-1138,1138,https://zoningbylaw.edmonton.ca/dc2-1138,"To accommodate the redevelopment of a large Site which was previously utilized as the Charles Camsell Hospital, with Site specific development regulations applied in a manner sensitive in scale and design to surrounding existing developments, primarily for Multi-unit Housing such that: The number of Dwelling Units are limited; and the Height of the development is no greater than the existing former Camsell Hospital"
dc2-1139,1139,https://zoningbylaw.edmonton.ca/dc2-1139,To establish a Site Specific Development Control District for non-residential uses that create an enhanced image for the Calgary Trail corridor and a compatible relationship with surrounding land uses.
dc2-1140,1140,https://zoningbylaw.edmonton.ca/dc2-1140,"To provide for low-intensity, non-residential uses, which are intended to serve the day-to-day needs of residents within the MacEwan neighbourhood."
dc2-1142,1142,https://zoningbylaw.edmonton.ca/dc2-1142,"To accommodate a mid-rise residential development with ground-oriented dwellings and the opportunity for limited neighbourhood commercial at the ground level, which supports a pedestrian-friendly streetscape."
dc2-1143,1143,https://zoningbylaw.edmonton.ca/dc2-1143,"To establish a Site Specific Direct Control Provision to accommodate retail uses and a limited range of general commercial uses, with site development regulations that will ensure compatibility with adjacent land uses and comply with the development objectives of the Mill Woods Station Area Redevelopment Plan for the ""Main Street"" commercial component."
dc2-1145,1145,https://zoningbylaw.edmonton.ca/dc2-1145,"The purpose of this Provision is to provide the opportunity for convenience commercial, which are intended to serve the day-to-day needs of residents within residential neighbourhoods."
dc2-1146,1146,https://zoningbylaw.edmonton.ca/dc2-1146,"To establish a Site-Specific Development Control District for a shopping centre such that, by limiting the range of uses and establishing specific site development criteria, a compatible relationship with surrounding land uses will be achieved."
dc2-1147,1147,https://zoningbylaw.edmonton.ca/dc2-1147,"The purpose of this zone is to provide for Single Detached Housing, as part of a Multi-unit Project Development on shallow Lots in the Desrochers neighbourhood."
dc2-1148,1148,https://zoningbylaw.edmonton.ca/dc2-1148,The purpose of this provision is to provide for convenience commercial uses which are intended to serve the day-to-day needs of residents within the neighbourhood.
dc2-1149,1149,https://zoningbylaw.edmonton.ca/dc2-1149,"To accommodate limited neighborhood convenience commercial and personal service uses within the existing building on-site as of the date of passage of this bylaw, and to allow for the opportunity for future commercial or residential redevelopment of the property that is compatible with the low density residential character of the surrounding community."
dc2-115,115,https://zoningbylaw.edmonton.ca/dc2-115,"To provide a site specific development control district to accommodate low intensity commercial, office and service uses in compliance with the Queen Mary Park Area Redevelopment Plan."
dc2-1150-area-a,1150,https://zoningbylaw.edmonton.ca/dc2-1150-area-a,"To accommodate community commercial development with site development regulations to ensure that development will be compatible with the adjacent low density residential development through the use of berms, fencing, and landscaping and restrictions on access from 22 Avenue."
dc2-1150-area-b,1150,https://zoningbylaw.edmonton.ca/dc2-1150-area-b,"To accommodate community commercial development with site development regulations to ensure that development will be compatible with the adjacent low density residential development through the use of berms, fencing, and landscaping and restrictions on access from 22 Avenue."
dc2-1151,1151,https://zoningbylaw.edmonton.ca/dc2-1151,To accommodate the comprehensive development of a publicly owned health care facility that includes a variety of institutional uses and complementary commercial uses.
dc2-1152,1152,https://zoningbylaw.edmonton.ca/dc2-1152,"To allow for the development of a transit-oriented, mid-rise apartment building with street oriented residential uses and a pedestrian scale fronting onto University Avenue NW."
dc2-1154,1154,https://zoningbylaw.edmonton.ca/dc2-1154,"To facilitate the development of a mid-rise residential building with a variety of Dwelling types, including street-oriented Dwellings at ground level adjacent to 86 Avenue NW."
dc2-1155-area-a,1155,https://zoningbylaw.edmonton.ca/dc2-1155-area-a,"To establish a Site Specific Development Control District for retail, general commercial and office uses with specific site development criteria that will ensure a compatible relationship with the adjacent residential uses and achieve a high standard of building appearance appropriate to the location of this site."
dc2-1155-area-b,1155,https://zoningbylaw.edmonton.ca/dc2-1155-area-b,"To establish a Site Specific Development Control District for retail, general commercial and office uses with specific site development criteria that will ensure a compatible relationship with the adjacent residential uses and achieve a high standard of building appearance appropriate to the location of this site."
dc2-1158,1158,https://zoningbylaw.edmonton.ca/dc2-1158,To provide for residential development with dwellings attached at the sides and/or rear with individual access at ground level.
dc2-1159,1159,https://zoningbylaw.edmonton.ca/dc2-1159,"To create the opportunity for small scale residential and limited commercial uses in a manner that is compatible with, and maintains, the existing residential character of the surrounding neighbourhood."
dc2-116,116,https://zoningbylaw.edmonton.ca/dc2-116,"To provide a Site Specific Development Control District to accommodate medium density, single storey residential development consisting of row housing, linked housing and semi-detached housing with development criteria that will ensure that development will be compatible with surrounding residential development."
dc2-1160,1160,https://zoningbylaw.edmonton.ca/dc2-1160,To accommodate the development of a residential high-rise that provides an active streetscape and a high-quality pedestrian experience along 108A Street NW and the adjacent Lane to the north.
dc2-1161,1161,https://zoningbylaw.edmonton.ca/dc2-1161,To allow for the development of Multi-unit Housing in the form of row housing with rear detached Garages and vehicle access from a Lane.
dc2-1164,1164,https://zoningbylaw.edmonton.ca/dc2-1164,To allow Multi Unit Housing in the form of Row Housing to be developed on individual shallow lots.
dc2-1165,1165,https://zoningbylaw.edmonton.ca/dc2-1165,To create a horizontal mixed-use Site including standalone shopping centre commercial Uses that service the community and medium Density residential housing as a stand-alone buildings within the Site with opportunities for main floor commercial within residential buildings.
dc2-1166,1166,https://zoningbylaw.edmonton.ca/dc2-1166,"To accommodate a medium-rise residential development with ground-oriented dwellings, in a manner that creates a sympathetic and pedestrian friendly environment to the surrounding neighbourhood context"
dc2-1167,1167,https://zoningbylaw.edmonton.ca/dc2-1167,To accommodate a multi-unit residential development that is compatible in use and scale with the surrounding area and contributes to a pedestrian-friendly streetscape.
dc2-1168,1168,https://zoningbylaw.edmonton.ca/dc2-1168,"To accommodate a range of commercial uses that are intended to serve the day-to-day needs of local residents and commuters, and establish regulations that will be compatible with surrounding land uses."
dc2-1169,1169,https://zoningbylaw.edmonton.ca/dc2-1169,To accommodate the development of a six (6) storey mixed use building with 112 residential units and an option for development of either residential or commercial units at grade level.
dc2-1171,1171,https://zoningbylaw.edmonton.ca/dc2-1171,"To accommodate a mixed-use node with medical, commercial and residential uses in a range of built forms, integrated with ground floor commercial Uses in appropriate areas to create a walkable, human-scaled development."
dc2-1174,1174,https://zoningbylaw.edmonton.ca/dc2-1174,"The purpose of this Zone is to provide for small lot Single Detached Housing serviced by both a Public Roadway and a Lane, including Zero Lot Line Development and the opportunity to develop both Garden Suites and Secondary Suites in conjunction with the principal dwelling."
dc2-1176,1176,https://zoningbylaw.edmonton.ca/dc2-1176,To provide a Zone for low rise Multi-unit Housing with opportunities for institutional and commercial uses.
dc2-1177,1177,https://zoningbylaw.edmonton.ca/dc2-1177,"To accommodate a mixed-use development with commercial and residential uses that provides for an active and inviting pedestrian-oriented streetscape fronting onto 104 Avenue NW and 112 Street NW, while creating a sensitive transition to the south."
dc2-1179,1179,https://zoningbylaw.edmonton.ca/dc2-1179,"To accommodate a low-rise residential development with ground-oriented dwellings fronting onto both 88 Avenue NW and 110 Street NW that is compatible with adjacent land uses, provides a transition between low and higher density housing, and supports a pedestrian friendly streetscape."
dc2-118,118,https://zoningbylaw.edmonton.ca/dc2-118,To establish a Site Specific Development Control District to accommodate a low intensity commercial development and to establish sensitive site development regulations that will ensure compatibility with surrounding residential and commercial land uses.
dc2-1180,1180,https://zoningbylaw.edmonton.ca/dc2-1180,"To create a mixed-use site with the opportunity for standalone residential medium rise apartments, medium rise apartments with main floor commercial, or standalone commercial uses."
dc2-1181,1181,https://zoningbylaw.edmonton.ca/dc2-1181,"To establish a Site Specific Development Control Provision to accommodate low to medium density residential development consisting of semi-detached housing, and row housing and to establish sensitive site development regulations to ensure that development will be compatible with the surrounding residential development."
dc2-1182,1182,https://zoningbylaw.edmonton.ca/dc2-1182,To establish a Site Specific Development Control Provision to accommodate a community level commercial development and to establish sensitive site development regulations that will ensure compatibility with surrounding low density residential land uses.
dc2-1184,1184,https://zoningbylaw.edmonton.ca/dc2-1184,"To accommodate a mid-rise residential development with ground-oriented dwellings and the opportunity for limited neighbourhood commercial at the ground level, which supports a pedestrian-friendly streetscape."
dc2-1185,1185,https://zoningbylaw.edmonton.ca/dc2-1185,To accommodate a high rise residential building that is architecturally unique with high quality design and that provides a pedestrian friendly streetscape.
dc2-1186,1186,https://zoningbylaw.edmonton.ca/dc2-1186,"To accommodate a comprehensive redevelopment of Clifton Place into a mixed use site, primarily residential, with row housing and high rise apartment housing. The built form will achieve a high standard of appearance and urban design through the use of a slim high-rise tower setback on a low rise podium, pedestrian connectivity, and ground oriented residential frontages."
dc2-1188,1188,https://zoningbylaw.edmonton.ca/dc2-1188,"To accommodate a mixed use development that provides for one mid-rise residential building with ground floor commercial uses (Building A), and one low rise commercial building (Building B) developed in a manner that is compatible and sympathetic to each building and the surrounding uses."
dc2-1189,1189,https://zoningbylaw.edmonton.ca/dc2-1189,To establish a Site Specific Development Control Provision for retail commercial and office uses and to establish site development regulations that will ensure compatibility with surrounding land uses.
dc2-1190,1190,https://zoningbylaw.edmonton.ca/dc2-1190,"To accommodate the development of a large general retail store with complementary commercial uses attached to the structure and on the site, while ensuring that development is compatible with the scale and use of neighbouring residential, park and school development and potential use and traffic conflicts are mitigated."
dc2-1191,1191,https://zoningbylaw.edmonton.ca/dc2-1191,"To establish a Site Specific Development Control Provision to accommodate a range of highway commercial and general commercial uses, with site development regulations that will ensure a high standard of appearance appropriate to the site’s location on a major entrance route to the City."
dc2-1192,1192,https://zoningbylaw.edmonton.ca/dc2-1192,"To establish a Site Specific Development Control Provision to accommodate a range of highway commercial and general commercial uses, with site development regulations that will ensure a high standard of appearance appropriate to the site’s location on a major entrance route to the City."
dc2-1194,1194,https://zoningbylaw.edmonton.ca/dc2-1194,To accommodate the development of two row housing buildings that provide a pedestrian oriented streetscape and high-quality architecture compatible with the surrounding low-density residential.
dc2-1195,1195,https://zoningbylaw.edmonton.ca/dc2-1195,
dc2-1196,1196,https://zoningbylaw.edmonton.ca/dc2-1196,"To provide a Zone for low rise Multi-unit Housing with appropriate development setbacks to an abandoned well site. 2. Application This Provision shall apply to 1.49 ha of N.W. ¼ Sec. 36-52-26-4, located south of Secord Boulevard NW and west of 225 Street NW, as shown on Schedule “A” of the Bylaw adopting this Provision."
dc2-1198,1198,https://zoningbylaw.edmonton.ca/dc2-1198,"To accommodate a variety of uses including commercial, office and professional services, health care services, residential, community, recreational, entertainment and educational uses with specific development criteria that will achieve a compatible relationship between the subject site, currently known as West Edmonton Mall, and surrounding land uses; and establish a high standard of building appearance appropriate to the Site’s proximity to residential development."
dc2-12,12,https://zoningbylaw.edmonton.ca/dc2-12,"To provide a site specific development control district to accommodate commercial development on the site in a way which recognizes access constraints on the site and roadway constraints adjacent to the site, and is compatible with neighbouring residential and commercial uses."
dc2-1200,1200,https://zoningbylaw.edmonton.ca/dc2-1200,"To accommodate a mix of commercial uses, including Extended Medical Treatment Services, in a location with good visibility and accessibility along Calgary Trail NW and Gateway Boulevard NW."
dc2-1201,1201,https://zoningbylaw.edmonton.ca/dc2-1201,"To accommodate a commercial development with uses to serve the local community and surrounding areas and to promote high quality, integrated built form complementary to the prominence of the site as part of the Secord Neighbourhood."
dc2-1202,1202,https://zoningbylaw.edmonton.ca/dc2-1202,To provide for ground oriented Multi-unit Housing in the form of Row Housing with increased Site Coverage and Height.
dc2-1204,1204,https://zoningbylaw.edmonton.ca/dc2-1204,"To provide for industrial businesses that carry out their operations such that no nuisance is created or apparent outside an enclosed building and such that the Zone is compatible with any adjacent non-industrial Zone, to accommodate limited, compatible non-industrial businesses, and to provide direction on environmental remediation for the site."
dc2-1205,1205,https://zoningbylaw.edmonton.ca/dc2-1205,To allow Multi-unit Housing in the form of Row Housing to be developed on individual shallow lots.
dc2-1206,1206,https://zoningbylaw.edmonton.ca/dc2-1206,To accommodate a unique lot configuration for single detached residential dwellings with site regulations that will facilitate unique building envelopes and opportunities for zero lot line development.
dc2-1207,1207,https://zoningbylaw.edmonton.ca/dc2-1207,"To create a commercial site with the opportunity for mixed-use development on a portion of the site in the form of standalone residential medium-rise apartments, or medium rise apartments with main floor commercial uses."
dc2-1208,1208,https://zoningbylaw.edmonton.ca/dc2-1208,To establish a Site Specific Development Control Provision to accommodate a range of auto-oriented and shopping centre-type uses intended to serve a regional trade area.
dc2-1209,1209,https://zoningbylaw.edmonton.ca/dc2-1209,"To accommodate a mixed-use development which includes a high rise, ground-oriented Dwellings, and street-related commercial Uses fronting onto 121 Street NW and 102 Avenue NW."
dc2-1210,1210,https://zoningbylaw.edmonton.ca/dc2-1210,"To provide for industrial businesses that carry out their operations such that no nuisance is created or apparent outside an enclosed building and such that the Zone is compatible with any adjacent non-industrial Zone, and to accommodate limited, compatible non-industrial businesses."
dc2-1211,1211,https://zoningbylaw.edmonton.ca/dc2-1211,"The purpose of this Zone is to provide for low intensity commercial, office and service uses, and limited Residential-related Uses to serve the needs of the surrounding communities."
dc2-1212,1212,https://zoningbylaw.edmonton.ca/dc2-1212,To provide for street-oriented Multi-unit Housing in the form of row housing with increased Site Coverage and Height.
dc2-1213,1213,https://zoningbylaw.edmonton.ca/dc2-1213,To accommodate the development of a medical office and treatment facility with commercial uses that are integrated with surrounding commercial and industrial developments.
dc2-1215,1215,https://zoningbylaw.edmonton.ca/dc2-1215,To accommodate family-oriented development in the form of small scale housing that is compatible with surrounding land uses.
dc2-1216,1216,https://zoningbylaw.edmonton.ca/dc2-1216,To accommodate family-oriented development in the form of small scale housing that is compatible with surrounding land uses.
dc2-1217,1217,https://zoningbylaw.edmonton.ca/dc2-1217,The purpose of this zone is to provide for a 6-storey multi-family residential development with one level of structured parking. The development will be designed in a manner that is sensitive to the street environment to enhance the vibrancy of 100 Avenue and Bellamy Hill Road.
dc2-1218,1218,https://zoningbylaw.edmonton.ca/dc2-1218,"To accommodate opportunities for education services, commercial, office, and light industrial uses that have no nuisance created outside an enclosed building, on a site at the periphery of an industrial area."
dc2-1219,1219,https://zoningbylaw.edmonton.ca/dc2-1219,"To establish a Site Specific Development Control Provision to accommodate a range of medium Density residential housing forms with the opportunity for small scale commercial uses. The Site design will be based on principles of sustainability and will include public pedestrian connections to the top of bank, located along the Whitemud Creek Ravine."
dc2-122,122,https://zoningbylaw.edmonton.ca/dc2-122,"To establish a Site Specific Development Control District to accommodate a religious assembly and related religious and social uses, and to establish sensitive site development regulations that will ensure compatibility with surrounding low density residential land uses"
dc2-1220,1220,https://zoningbylaw.edmonton.ca/dc2-1220,"To create a mixed-use Site including residential Multi-unit Housing with opportunity for main floor commercial, and stand-alone commercial uses in the Edgemont Neighbourhood."
dc2-1222,1222,https://zoningbylaw.edmonton.ca/dc2-1222,To provide for low and medium rise Multi-unit Housing with access from a service road on 111 Avenue NW.
dc2-1223,1223,https://zoningbylaw.edmonton.ca/dc2-1223,"To provide for Single Detached Housing, Semi-detached Housing and Duplex Housing as part of a Multi-unit Project Development with private roadways and pedestrian connections, with private and common amenity areas."
dc2-1224,1224,https://zoningbylaw.edmonton.ca/dc2-1224,"To provide for Single Detached Housing, Semi-detached Housing and Duplex Housing, with Area B being developed as part of a Multi-unit Project Development, in the Windermere neighbourhood."
dc2-1226,1226,https://zoningbylaw.edmonton.ca/dc2-1226,"The purpose of this Zone is to provide for multi-unit housing developments including row housing and mid-rise apartment housing, and standalone commercial development along Victoria Trail NW to appropriately transition with adjacent sites."
dc2-1227,1227,https://zoningbylaw.edmonton.ca/dc2-1227,"To allow for the development of low intensity commercial, office and service uses and to establish setbacks from the existing adjacent rail line."
dc2-1229,1229,https://zoningbylaw.edmonton.ca/dc2-1229,"To establish a Site Specific Development Control Provision to accommodate a high density residential apartment building within a walkable neighbourhood that supports active transportation, transit, and an active streetscape with Dwellings provided on the ground floor facing onto 118 Street NW and east-west lane."
dc2-123,123,https://zoningbylaw.edmonton.ca/dc2-123,"To establish a Site Specific Development Control District to accommodate convenience commercial uses and a limited range of general business uses such that by limiting the range of specific land uses and developing sensitive site development regulations, impacts on adjacent residential properties are minimized and development will be compatible with the Terra Losa Site Design, Landscape and Architectural Guidelines and the Terra Losa Land Use and Development Restrictive Covenant Caveat Schedule."
dc2-1230,1230,https://zoningbylaw.edmonton.ca/dc2-1230,"To accommodate a medium-rise, high density residential transit oriented development, with ground-oriented residential and limited commercial units fronting onto the 114 Street NW shared-use path that is compatible with adjacent land uses and supports a pedestrian friendly streetscape."
dc2-1231,1231,https://zoningbylaw.edmonton.ca/dc2-1231,To allow Multi-unit Housing in the form of Row Housing to be developed on individual shallow lots.
dc2-1232,1232,https://zoningbylaw.edmonton.ca/dc2-1232,To accommodate the development of a medium-rise building with ground-oriented units fronting onto 113 Street NW and 100 Avenue NW.
dc2-1233,1233,https://zoningbylaw.edmonton.ca/dc2-1233,"To allow for the development of a low-rise apartment building complex suitable for seniors which will accommodate a mix of uses including residential, institutional, assisted living, extended medical treatment services and limited neighbourhood level commercial uses."
dc2-1234,1234,https://zoningbylaw.edmonton.ca/dc2-1234,"To provide for industrial businesses that carry out their operations such that no nuisance is created or apparent outside an enclosed building and such that development is compatible with any adjacent non-industrial Zone, and to accommodate limited, compatible non-industrial businesses including Public Education Services and Private Education Services. This Zone should normally be located on the periphery of industrial areas and adjacent to arterial or major collector roadways. 2. Areas of Application This Provision shall apply to Lot 1A, Block 1, Plan 0324647, located on the Northwest corner "
dc2-1235,1235,https://zoningbylaw.edmonton.ca/dc2-1235,To allow for the development of small scale infill housing with the opportunity to create two individually titled lots.
dc2-1236,1236,https://zoningbylaw.edmonton.ca/dc2-1236,"To accommodate a mid-rise, residential development with a unique shape that provides appropriate transitions to adjacent properties and the public realm."
dc2-1237,1237,https://zoningbylaw.edmonton.ca/dc2-1237,"To accommodate live theatre, an industrial/railway exhibit, and compatible accessory uses on the Bus Barns site in a manner that complements the area’s cultural, commercial and tourism functions, and is architecturally sensitive to adjacent historic buildings."
dc2-1238,1238,https://zoningbylaw.edmonton.ca/dc2-1238,To accommodate medium density development that will include Multi-Unit Housing for a broad demographic. The comprehensive site development will apply urban design elements and architectural features to ensure a high quality of appearance and compatibility with surrounding land uses.
dc2-1240,1240,https://zoningbylaw.edmonton.ca/dc2-1240,"To allow for the development of a commercial shopping centre with opportunities for indoor self-storage, office, entertainment and cultural activities to serve the local and regional trade area and to ensure development is compatible with the adjacent rail line."
dc2-1241,1241,https://zoningbylaw.edmonton.ca/dc2-1241,"To provide the opportunity for high density mixed-use development that accommodates a wide variety of uses and comprised of pedestrian oriented commercial and high rise residential that contributes to an inviting pedestrian environment and streetscape along 80 Avenue NW, 81 Avenue NW and 105 Street NW."
dc2-1242,1242,https://zoningbylaw.edmonton.ca/dc2-1242,To accommodate a residential development consisting of two buildings separated by a Public Amenity Space and with limited non-Residential Uses at ground level.
dc2-1243,1243,https://zoningbylaw.edmonton.ca/dc2-1243,"To accommodate a variety of uses including commercial, office and professional services, health care services, community, recreational, entertainment and educational uses, with specific development criteria to establish a high standard of building appearance appropriate to the Site’s location adjacent to Gateway Boulevard NW, which serves as an entrance route to the City."
dc2-1244,1244,https://zoningbylaw.edmonton.ca/dc2-1244,"To establish a medium density, comprehensively designed and planned high quality development to accommodate Multi-Unit housing and a multi-use walkway adjacent to the Blackmud Creek Ravine."
dc2-1245,1245,https://zoningbylaw.edmonton.ca/dc2-1245,"To provide for industrial businesses that carry out their operations such that no nuisance is created or apparent outside an enclosed building and such that development is compatible with any adjacent non-industrial Zone, and can accommodate limited, compatible non-industrial businesses including Public Education Services and Private Education Services located adjacent to a collector roadway."
dc2-1247,1247,https://zoningbylaw.edmonton.ca/dc2-1247,To provide for a veterinary hospital and boarding facility with ancillary apartment hotels and complementary commercial activities within the same structure and to otherwise enable medium industrial development.
dc2-1248,1248,https://zoningbylaw.edmonton.ca/dc2-1248,"To provide the opportunity for low intensity commercial, office and service uses which are intended to serve the day-to-day needs of residents, with site development regulations requiring to be sensitive and in scale with the existing development along 120 Avenue NW."
dc2-128,128,https://zoningbylaw.edmonton.ca/dc2-128,To provide a Site Specific Development Control District to accommodate Non-accessory Parking as an additional use to the existing RA7 District on a site with regulations that would ensure compatibility with adjacent areas.
dc2-129,129,https://zoningbylaw.edmonton.ca/dc2-129,To provide a Site Specific Development Control District to accommodate redevelopment on the site in the form of a high rise residential/commercial development that will be compatible with the objectives of the Old Strathcona Area Redevelopment Plan.
dc2-132,132,https://zoningbylaw.edmonton.ca/dc2-132,"To provide a site specific development control district in compliance with the Ormsby Place Neighbourhood Structure Plan Bylaw No. 8177 (As Amended), to accommodate a limited range of commercial uses intended to serve primarily the local residents. The site development regulations will reduce negative impacts on the surrounding residential development."
dc2-133,133,https://zoningbylaw.edmonton.ca/dc2-133,"To establish a Site Specific Development Control District to accommodate convenience commercial uses and a limited range of general business uses such that by limiting the range of specific land uses and developing sensitive site development criteria the development will be compatible with the Terra Losa Site Design, Landscape and Architectural Guidelines and the Terra Losa Land Use and Development Restrictive Covenant Caveat Schedule, as amended, being part of Bylaw 6616."
dc2-135,135,https://zoningbylaw.edmonton.ca/dc2-135,To establish a Site Specific Development Control District for convenience commercial and personal service uses which are intended to serve the day-to-day needs of local residents and to prescribe development criteria which will ensure that the commercial development is compatible with the adjacent residential uses.
dc2-136,136,https://zoningbylaw.edmonton.ca/dc2-136,To establish a Site Specific Development Control District for convenience commercial and personal service uses which are intended to serve the day-to-day needs of local residents and to prescribe development criteria which will ensure that the commercial development is compatible with the adjacent residential uses.
dc2-14,14,https://zoningbylaw.edmonton.ca/dc2-14,"To provide a site specific development control district to accommodate residential redevelopment on the site in the form of multiple family housing and low and medium rise apartment housing, and to control the height, density and location of the buildings within the site so as to ensure compatibility between this development and the surrounding low density residential development."
dc2-140,140,https://zoningbylaw.edmonton.ca/dc2-140,"To establish a Site Specific Direct Control District to accommodate a combined retail grocery and drug store development, highway commercial uses and a limited range of general commercial uses, with site development regulations that will ensure compatibility with future adjacent land uses and comply with the development objectives of the Place LaRue Neighbourhood Area Structure Plan, as amended."
dc2-142,142,https://zoningbylaw.edmonton.ca/dc2-142,"To provide a Site Specific Development Control District to accommodate the renovation of an existing warehouse for the purpose of housing the program and administrative activities of the Bissell Centre Society, an outreach ministry of the United Church of Canada providing assistance, educational, social and recreational programs for the disadvantaged in the inner city."
dc2-144,144,https://zoningbylaw.edmonton.ca/dc2-144,"To establish a site specific development control district for low intensity institutional and professional office uses such that by establishing specific site development criteria, a compatible relationship with surrounding land uses will be achieved."
dc2-147,147,https://zoningbylaw.edmonton.ca/dc2-147,"To establish a Site Specific Development Control District to accommodate a religious assembly and low rise apartment housing for senior citizen accommodation, and to establish sensitive site development regulations that will ensure compatibility with surrounding land uses."
dc2-148,148,https://zoningbylaw.edmonton.ca/dc2-148,To provide a Site Specific Development Control District to accommodate low to medium density residential development consisting of row housing and to establish sensitive site development criteria to ensure that development will be compatible with the surrounding residential development.
dc2-150,150,https://zoningbylaw.edmonton.ca/dc2-150,To establish a Site Specific Development Control District to accommodate a gas bar and convenience store and to establish sensitive site development regulations that will ensure compatibility with surrounding land uses.
dc2-151,151,https://zoningbylaw.edmonton.ca/dc2-151,"To establish a Site Specific Development Control District to accommodate low to medium density residential development consisting of single detached housing, semi-detached housing and row housing and to establish sensitive site development regulations to ensure that development will be compatible with the surrounding residential development."
dc2-154,154,https://zoningbylaw.edmonton.ca/dc2-154,To provide a Site Specific Development Control district to accommodate semi-detached and single family housing with sensitive site development criteria to ensure that development will be compatible with the surrounding residential development.
dc2-162,162,https://zoningbylaw.edmonton.ca/dc2-162,"To provide a Site Specific Development Control District to accommodate religious assembly, private education services and related accessory uses with development criteria that will ensure that development will be compatible with the surrounding residential and industrial business uses, and the Terra Losa Site Design, Landscape and Architectural Guidelines and the Terra Losa Land Use and Development Restricted Covenant Caveat Schedule, as amended, being part of Bylaw 6616."
dc2-163,163,https://zoningbylaw.edmonton.ca/dc2-163,"To establish a Site Specific Development Control District to accommodate a limited range of general business-office uses, with site specific development regulations that will ensure compatibility with future adjacent land uses and the alignment of existing and proposed roadways adjacent to the site, and ensure a high standard of appearance appropriate to the site's location on a major entrance route to the City."
dc2-165,165,https://zoningbylaw.edmonton.ca/dc2-165,"To establish a Site Specific Development Control District to accommodate highway commercial uses, with site development regulations that will ensure compatibility with future adjacent land uses and roadways adjacent to the site."
dc2-166,166,https://zoningbylaw.edmonton.ca/dc2-166,"To establish a Site Specific Development Control District to accommodate a two level parkade designed to complement the operations of the automotive dealership located on Lots 26 to 36, inclusive, Block 131, Plan IV, such that, by developing sensitive site development regulations, impacts on surrounding residential areas are minimized."
dc2-170,170,https://zoningbylaw.edmonton.ca/dc2-170,"To establish a Site Specific Development Control District to accommodate the development of a day care support business, intended to screen and approve private homes for the placement of children in addition to providing for the permitted and discretionary uses of the previous RF3 District of the site and to establish sensitive site development criteria to ensure that development will be compatible with the surrounding low density residential land uses."
dc2-171,171,https://zoningbylaw.edmonton.ca/dc2-171,"To establish a Site Specific Development Control District to accommodate an automotive repair facility, and to exclude all other uses other than the repair of automobile brakes, for the operation of Brake Check, and to establish sensitive site development criteria to ensure that development will be compatible with surrounding low density residential land uses."
dc2-173,173,https://zoningbylaw.edmonton.ca/dc2-173,"To establish a Site Specific Development Control District to accommodate a 156 bed nursing home with accessory administrative, recreational, and rehabilitative service areas, and to establish 9107 sensitive site development criteria to ensure that development will be compatible with surrounding low density residential land uses."
dc2-175,175,https://zoningbylaw.edmonton.ca/dc2-175,To establish a Site Specific Development Control District to accommodate low to medium density residential development consisting of semi-detached housing and row housing and to establish sensitive site development regulations to ensure that development will be compatible with the surrounding residential development.
dc2-176,176,https://zoningbylaw.edmonton.ca/dc2-176,"To provide a Site Specific Development Control District to expand the uses of the former RF1 (Single Detached Residential) District to include ""Conversion of Single Detached Dwellings to Professional Offices"" and ""Conversion of Single Detached Dwellings to Low Intensity Specialty Retail Stores"", and ""Conversion of Single Detached Dwellings to Personal Service Shops"", with appropriate development criteria for such uses to better achieve land use compatibility with adjacent residential uses."
dc2-177,177,https://zoningbylaw.edmonton.ca/dc2-177,"To establish a Site Specific Development Control District to accommodate a truck and mobile home sales operation and a flea market in addition to a range of industrial business and commercial uses, and to establish site development criteria to ensure the development will be compatible with surrounding industrial and non-industrial development."
dc2-17a,17,https://zoningbylaw.edmonton.ca/dc2-17a,"To provide a district for semi-detached, duplex and row housing development so as to allow appropriate transition from the single detached development to the east of the site."
dc2-17b,17,https://zoningbylaw.edmonton.ca/dc2-17b,To provide a district for the creation of a gradation of height away from the town centre in a medium rise apartment form to comply with the objectives of the Beaumaris Neighbourhood Outline Plan.
dc2-180,180,https://zoningbylaw.edmonton.ca/dc2-180,"To establish a Site Specific Development Control District for a mixed industrial business district and compatible hotel facilities such that by limiting the range of uses and establishing specific site development criteria, a compatible relationship with surrounding land uses will be achieved."
dc2-181,181,https://zoningbylaw.edmonton.ca/dc2-181,"To establish a site specific development control district to accommodate specified commercial and general business uses such that by limiting the range of specific land uses, the development of the site will be compatible with the adjacent properties and sensitive to neighbouring communities."
dc2-183,183,https://zoningbylaw.edmonton.ca/dc2-183,"To establish a Site Specific Development Control District to accommodate a limited range of convenience commercial and personal service uses which are intended to serve the day-to-day needs of the residents of Duggan, with site development regulations that will ensure compatibility with future adjacent land uses and the alignment of existing and proposed roadways adjacent to the site."
dc2-184-area-2,184,https://zoningbylaw.edmonton.ca/dc2-184-area-2,To establish a Site Specific Control District to accommodate low to medium density residential development consisting of semi-detached housing and row housing and to establish sensitive site development regulations to ensure that development will be compatible with the surrounding residential development.
dc2-186,186,https://zoningbylaw.edmonton.ca/dc2-186,To provide a Site Specific Development Control District to accommodate 16 town homes with a Victorian theme that will be compatible with the surrounding low density residential neighbourhood.
dc2-188,188,https://zoningbylaw.edmonton.ca/dc2-188,"To establish a Site Specific Development Control District to accommodate low intensity retail, commercial, office and service uses and to establish sensitive site development criteria to ensure that development will be compatible with surrounding residential, commercial, and institutional uses."
dc2-189,189,https://zoningbylaw.edmonton.ca/dc2-189,"To establish a Site Specific Development Control district for retail, general commercial and office uses such that by establishing specific site development criteria, a compatible relationship with surrounding land uses will be achieved."
dc2-19,19,https://zoningbylaw.edmonton.ca/dc2-19,"To establish a site specific direct control district for a shopping centre such that, by limiting the range of specific land uses and establishing sensitive site development regulations, the negative traffic, noise and visual impacts on nearby residential properties located east and south of the site are minimized."
dc2-190,190,https://zoningbylaw.edmonton.ca/dc2-190,To provide a Site Specific Development Control District to accommodate a limited range of general business and personal service uses with appropriate development criteria for such uses to better achieve land use compatibility with adjacent residential uses.
dc2-196,196,https://zoningbylaw.edmonton.ca/dc2-196,"To establish a Site Specific Development Control District for convenience commercial, personal service and religious assembly uses which are intended to serve the day to day needs of local residents and to prescribe development criteria which will ensure that the commercial development is compatible with adjacent residential uses."
dc2-197,197,https://zoningbylaw.edmonton.ca/dc2-197,"To provide a Site Specific Development Control District to expand the uses of the RF1 (Single Detached Residential) District to include ""Conversion of Single Detached Dwellings to Low Intensity Specialty Retail Stores"", and ""Conversion of Single Detached Dwellings to Personal Service Shops"", with appropriate development criteria for such uses to better achieve land use compatibility with adjacent residential uses."
dc2-198,198,https://zoningbylaw.edmonton.ca/dc2-198,To establish a Site Specific Development Control District to accommodate low to medium density residential development consisting of semi-detached housing and row housing and to establish sensitive site development regulations to ensure that development will be compatible with the surrounding residential development.
dc2-20,20,https://zoningbylaw.edmonton.ca/dc2-20,To provide a Site Specific Development Control District to accommodate an existing high rise apartment building and allow a variety of commercial uses which are compatible with the existing residential structure and the surrounding residential development.
dc2-204,204,https://zoningbylaw.edmonton.ca/dc2-204,To provide a Site Specific Development Control district to accommodate semi-detached and single family housing with sensitive site development criteria to ensure that development will be compatible with the surrounding residential development.
dc2-205,205,https://zoningbylaw.edmonton.ca/dc2-205,"To establish a Site Specific Development Control District to accommodate a limited range of retail business and highway commercial uses, with site development regulations that will ensure compatibility with future adjacent land uses and roadways adjacent to the site."
dc2-206,206,https://zoningbylaw.edmonton.ca/dc2-206,"To establish a Site Specific Development Control District to accommodate low to medium density multiple family housing consisting of semi-detached housing, row housing and stacked row housing, and to establish sensitive site development regulations that will ensure compatibility with adjacent residential development."
dc2-21,21,https://zoningbylaw.edmonton.ca/dc2-21,"To provide a site specific development control district to accommodate a multiple family housing development at a maximum density of 64.6 dwellings/ha (26.2 dwellings/ac), in a variety of housing forms including row housing, stacked townhousing, and apartments."
dc2-212,212,https://zoningbylaw.edmonton.ca/dc2-212,To establish a Site Specific Development Control District to accommodate low to medium density residential development consisting of row housing with sensitive site development regulations to ensure that development will be compatible with the surrounding residential development.
dc2-214,214,https://zoningbylaw.edmonton.ca/dc2-214,"To establish a Site Specific Development Control District to accommodate low rise apartment housing, including amenity facilities related to the operation of the apartment housing, and non-accessory parking for an abutting church site and to establish site development regulations which will ensure compatibility with surrounding land uses and a high quality of appearance."
dc2-216,216,https://zoningbylaw.edmonton.ca/dc2-216,"To establish a Site Specific Development Control District to incorporate the US (Urban Services) District provisions, with an additional criterion regulating the maximum number of units to be allowed for the Youth Emergency Shelter."
dc2-217,217,https://zoningbylaw.edmonton.ca/dc2-217,"To provide a Site Specific Development Control District to accommodate the continuing use of the former commercial development in an existing building for speciality retail or personal service uses while ensuring compatibility with adjacent residential land uses, and to continue the opportunity for Single Detached Housing use in accordance with the regulations of the RF1 (Single Detached Residential) District."
dc2-218,218,https://zoningbylaw.edmonton.ca/dc2-218,To establish a Site Specific Development Control District to accommodate low to medium density residential development consisting of semi-detached housing and row housing and to establish sensitive site development regulations to ensure that development will be compatible with the surrounding residential development.
dc2-221,221,https://zoningbylaw.edmonton.ca/dc2-221,"To establish a district for accessory parking for an existing Religious Assembly and Private Education Service, abutting this site to the north (Lot 74, Block 3, Plan 852-2447), such that the surface parking lot allowed by the district will be compatible with the adjacent low density residential development."
dc2-223,223,https://zoningbylaw.edmonton.ca/dc2-223,"To establish a site specific development control district to accommodate a daytime child care services centre and row housing, and to establish sensitive site development regulations to ensure compatibility with the surrounding development."
dc2-224,224,https://zoningbylaw.edmonton.ca/dc2-224,"To establish a Site Specific Development Central District with development criteria that recognizes the as built form and siting characteristics of existing Townhouses, Row Houses and High Rise Apartment units on the site, having regard to the future subdivision of the site in accordance with"
dc2-226,226,https://zoningbylaw.edmonton.ca/dc2-226,"To establish a Site Specific Development Control District to accommodate a three storey low rise seniors apartment with limited neighbourhood, professional and personal services offices on the main floor."
dc2-229,229,https://zoningbylaw.edmonton.ca/dc2-229,"To establish a Site Specific Development Control District to accommodate a high rise apartment and a limited range of ancillary uses, with site specific development criteria to ensure a high standard of appearance appropriate to the site's location on Saskatchewan Drive, and to ensure negative impacts on adjacent residential areas are minimized."
dc2-230-area,230,https://zoningbylaw.edmonton.ca/dc2-230-area,"To establish a Site Specific Development Control District for convenience commercial and personal service use which are intended to serve the day today needs of local residents, and to prescribe development criteria which will ensure that the commercial development is compatible with the adjacent residential uses."
dc2-230-area-b,230,https://zoningbylaw.edmonton.ca/dc2-230-area-b,To establish a Site Specific Development Control District to accommodate low to medium density residential development consisting of semi-detached housing and row housing and to establish site development regulations to ensure that development will be compatible with the surrounding residential development.
dc2-231,231,https://zoningbylaw.edmonton.ca/dc2-231,"To establish a Site Specific Development Control District to accommodate medium density residential development consisting of semi-detached and row housing, with sensitive site development regulations to ensure that development will be compatible with the surrounding residential development."
dc2-232,232,https://zoningbylaw.edmonton.ca/dc2-232,"To establish a Site Specific Direct Control District to accommodate a small retail commercial development, having a range of general commercial uses, with site development regulations that will ensure compatibility with adjacent land uses and comply with the development objectives of the Mill Woods Town Centre Neighbourhood Area Structure Plan, as amended."
dc2-234,234,https://zoningbylaw.edmonton.ca/dc2-234,To establish a site specific development control district to allow for the development of a religious assembly use and to prescribe development criteria which will ensure that the development is compatible with adjacent residential uses.
dc2-236,236,https://zoningbylaw.edmonton.ca/dc2-236,To establish a Site Specific Development Control District to accommodate semi-detached housing and to establish sensitive site development regulations to ensure that development will be compatible with the surrounding residential development.
dc2-238,238,https://zoningbylaw.edmonton.ca/dc2-238,"To establish a Site Specific Development Control District to accommodate medium rise apartment housing and to establish site development regulations which will ensure both compatibility with surrounding land uses and a high quality of appearance that will ensure compliance with the Mill Woods Town Centre Area Structure Plan, as amended."
dc2-240,240,https://zoningbylaw.edmonton.ca/dc2-240,"To establish a Site Specific Direct Control District to accommodate small retail development, having a range of general commercial uses, with site development regulations that will ensure compatibility with adjacent land uses and comply with the development objectives of the Mill Woods Town Centre Neighbourhood Area Structure Plan, as amended."
dc2-241,241,https://zoningbylaw.edmonton.ca/dc2-241,"To establish a Site Specific Development Control District to accommodate a limited range of convenience commercial and personal service uses which are intended to serve the day to day needs of neighbourhood residents, with site development regulations requiring the achievement of a residential character so that the development will be compatible with the surrounding residential land uses."
dc2-242,242,https://zoningbylaw.edmonton.ca/dc2-242,"To establish a Site Specific Development Control District to accommodate medium density multiple family housing consistent with the regulations of the former RF6* (Medium Density Multiple Family) District, and to allow the use of the existing structure for conversion to Professional Offices, with development regulations designed to ensure the existing and future developments will be compatible with surrounding uses."
dc2-244,244,https://zoningbylaw.edmonton.ca/dc2-244,"To establish a Site Specific Development Control District to accommodate a high rise apartment and a limited range of ancillary uses, with site specific development criteria to ensure a high standard of appearance appropriate to the site's location, and to ensure compatibility with surrounding residential uses."
dc2-250,250,https://zoningbylaw.edmonton.ca/dc2-250,"To establish a Site Specific Development Control District to accommodate medium intensity office developments consistent with the regulations of the former CO (Commercial Office) District, and to allow the use of the existing structure for conversion to Religious Assembly uses, with development regulations designed to ensure the existing and future developments will be compatible with surrounding uses."
dc2-256-area-1,256,https://zoningbylaw.edmonton.ca/dc2-256-area-1,"To provide a district for the development of a surface parking lot to meet the needs for the Ritchie Mill and the End-of-Steel Park, minimizing the potential intrusion of this surface parking facility into the historically-oriented End-of-the-Steel Park."
dc2-256-area-2,256,https://zoningbylaw.edmonton.ca/dc2-256-area-2,To implement amendments to the Old Strathcona A.R.P. by providing public parking for the developments within the existing Bus Barns Building and other patrons of the area in general.
dc2-256-area-3,256,https://zoningbylaw.edmonton.ca/dc2-256-area-3,To provide the opportunity for continued use of the existing Bus Barns building for marketing and culturally-oriented uses.
dc2-259,259,https://zoningbylaw.edmonton.ca/dc2-259,"To establish a Site Specific Development Control District to accommodate a limited range of convenience commercial and personal service uses which are intended to serve the day to day needs of neighbourhood residents, with site development regulations requiring the achievement of a residential character so that the development will be compatible with the surrounding residential land uses."
dc2-261,261,https://zoningbylaw.edmonton.ca/dc2-261,"To establish a Site Specific Development Control District to accommodate a limited range of residential uses and residential related uses, including religious assembly, with the application of sensitive site development regulations that will ensure the effective transition to commercial uses to the south and east, and result in a high quality development appropriate for the site."
dc2-263,263,https://zoningbylaw.edmonton.ca/dc2-263,"To provide a Site Specific Development Control District to accommodate a mixed use development in the form of high rise apartment housing, stacked row housing, linked housing, low rise apartment housing, a limited range of commercial uses oriented to a major arterial roadway, and a limited range of convenience commercial uses plus religious assembly to serve the residential uses, with site specific development controls designed to integrate and reduce any impact, and result in a high quality development appropriate for the site. These regulations will also provide for the development of a Priv"
dc2-269,269,https://zoningbylaw.edmonton.ca/dc2-269,"To establish a Site Specific Development Control District to accommodate the development of industrial business uses allowed by the IB District as well as Spectator Entertainment Establishments, with specific landscaping and development criteria to ensure a compatible relationship with surrounding land uses."
dc2-270,270,https://zoningbylaw.edmonton.ca/dc2-270,"To establish a Site Specific Development Control District for a limited range of commercial uses typical of the CSC District with site specific development criteria, that will ensure a compatible relationship with surrounding land uses."
dc2-272,272,https://zoningbylaw.edmonton.ca/dc2-272,To establish a Site Specific Development Control District to accommodate a waste management facility as defined and regulated by the public health and environmental laws and regulations of Alberta and to allow for ancillary waste processing facilities and other industrial uses with site development regulations to ensure compatibility with surrounding uses.
dc2-273,273,https://zoningbylaw.edmonton.ca/dc2-273,"To establish a Site Specific Development Control District to accommodate low rise apartment housing consistent with the regulations of the RA7 District and to allow the development of a Health Services Use, with development regulations designed to ensure that future development will be compatible with surrounding uses."
dc2-277,277,https://zoningbylaw.edmonton.ca/dc2-277,To establish a Site Specific Development Control District to accommodate low to medium density residential development consisting of semi-detached housing and row housing and a religious assembly uses and to establish site development regulations to ensure compatibility with the surrounding proposed residential development.
dc2-279,279,https://zoningbylaw.edmonton.ca/dc2-279,"To establish a Site Specific Development Control District to accommodate low rise apartment housing consistent with the regulations of the RA7 District and to allow the development of a Health Services Use, with development regulations designed to ensure that future development will be compatible with surrounding uses."
dc2-28,28,https://zoningbylaw.edmonton.ca/dc2-28,To provide a Direct Control District for the creation of a Site Specific Commercial District fronting onto the Calgary Trail Southbound providing land use and development regulations to ensure minimum negative visual and noise impacts on adjacent residential properties.
dc2-281,281,https://zoningbylaw.edmonton.ca/dc2-281,To establish a Site Specific Control District to accommodate a mix of commercial and office uses and a limited range of residential uses with specific development regulations that will ensure compatibility with surrounding uses and to ensure a high standard of appearance appropriate to the site's location on major access routes into the Downtown core.
dc2-283-area-b,283,https://zoningbylaw.edmonton.ca/dc2-283-area-b,"To establish a Site Specific Development Control District to accommodate the development of a hi-rise residential development, with site specific development controls designed to be compatible with the scale and use of the surrounding lands and result in a high quality development appropriate for the site."
dc2-284,284,https://zoningbylaw.edmonton.ca/dc2-284,To establish a Site Specific Development Control District to accommodate Low Rise Apartment development and to establish sensitive site development regulations to ensure that development will be compatible with surrounding residential development.
dc2-287,287,https://zoningbylaw.edmonton.ca/dc2-287,"To establish a Site Specific Development Control District to accommodate the development of a low rise apartment development, with site specific development controls designed to integrate well with the scale and use of the surrounding lands and result in a high quality development appropriate for the site."
dc2-288,288,https://zoningbylaw.edmonton.ca/dc2-288,To establish a Site Specific Development Control District to accommodate low to medium density residential development consisting of row housing and other residential and residential related uses with a maximum of 12 dwelling units permitted on the site.
dc2-289,289,https://zoningbylaw.edmonton.ca/dc2-289,"To establish a site specific development control district to accommodate a low intensity medical office park development with limited ancillary commercial uses intended to serve the medical office development and to accommodate temporary shelter services, as well as to establish sensitive site development regulations to ensure compatibility with surrounding land uses."
dc2-290,290,https://zoningbylaw.edmonton.ca/dc2-290,To establish a Site Specific Development Control District to accommodate a limited range of residential uses and related residential uses with the application of sensitive site development regulations that will ensure the effective transition to commercial uses to the south and to ensure that development on the site will have a high standard of appearance.
dc2-291,291,https://zoningbylaw.edmonton.ca/dc2-291,"To establish a Site Specific Direct Control District to accommodate small retail development, having a range of general commercial uses, with site development regulations that will ensure compatibility with adjacent land uses."
dc2-292,292,https://zoningbylaw.edmonton.ca/dc2-292,"To establish a Site Specific Direct Control District to accommodate a district station for the Edmonton Police Services, with site development criteria that will ensure compatibility with existing and future adjacent land uses as well as the function of existing roadways adjacent to the site."
dc2-293,293,https://zoningbylaw.edmonton.ca/dc2-293,To establish a Site Specific Development Control District to accommodate a limited range of residential and residential related uses with the application of sensitive site development regulations to ensure the effective transition to the lower density residential uses to the east and result in a high quality development appropriate to the site.
dc2-295,295,https://zoningbylaw.edmonton.ca/dc2-295,To establish a Site Specific Development Control District to accommodate the development of Funeral Services and Cremation and Interment Services with site specific landscaping and development criteria that will ensure compatibility with existing and future adjacent land uses.
dc2-299,299,https://zoningbylaw.edmonton.ca/dc2-299,"To establish a Site Specific Development Control District for convenience commercial, minor automotive service and rapid drive-through vehicle services with site specific development criteria that will ensure a compatible relationship with adjacent residential land uses."
dc2-305-area-c,305,https://zoningbylaw.edmonton.ca/dc2-305-area-c,"The general purpose of the following Site Specific Development Control Districts is to provide for low to medium density multiple family housing while addressing the integration of, and transition with, surrounding land uses. The Districts make provisions for a variety of housing types including semi-detached, duplex, row linked, stacked row and apartment housing. The following development regulations have been divided into Areas A, B and C so as to provide specific regulations for the three development cells proposed. Areas A &amp; B superseded by Bylaw 10926 (5.379 &amp; 5.380). DC2 Area C O"
dc2-306,306,https://zoningbylaw.edmonton.ca/dc2-306,To establish a Specific Development Control District to accommodate medium density residential development consisting of row housing and low rise apartments with site development regulations to ensure that development will be compatible with the surrounding residential development. 2. Area A - Row Housing Open All
dc2-309,309,https://zoningbylaw.edmonton.ca/dc2-309,To establish a Site Specific Development Control District to accommodate a broad range of commercial and office uses with site specific development regulations that will ensure compatibility with surrounding land uses and achieve a high standard of building appearance appropriate to the location of this site.
dc2-31,31,https://zoningbylaw.edmonton.ca/dc2-31,"To provide a Site Specific Development Control District to accommodate four dwelling units within an existing building, constructed under development permit number 82-08459-0."
dc2-310,310,https://zoningbylaw.edmonton.ca/dc2-310,To establish a Site Specific Development Control District to accommodate an ambulance station for the City of Edmonton Emergency Medical Services with site development regulations that will minimize negative impacts on surrounding land uses and allow a development that complies with the 100 Avenue Planning Study.
dc2-312-area,312,https://zoningbylaw.edmonton.ca/dc2-312-area,To establish a Site Specific Development Control District for low density multiple family residential to prescribed development criteria which will ensure that the development is compatible with the adjacent residential uses.
dc2-312-area-b,312,https://zoningbylaw.edmonton.ca/dc2-312-area-b,"To establish a Site Specific Development Control District for convenience commercial, personal service and religious assembly uses which are intended to serve the day to day needs of local residents and to prescribe development criteria which will ensure that the commercial development is compatible with the adjacent residential uses."
dc2-315-area-b-east-side,315,https://zoningbylaw.edmonton.ca/dc2-315-area-b-east-side,"To establish a Site Specific Development Control District to accommodate low to medium density residential development consisting of semi-detached housing and row housing, and to establish site development regulations to ensure that development will be compatible with the surrounding residential development."
dc2-315-area-west-side,315,https://zoningbylaw.edmonton.ca/dc2-315-area-west-side,To establish a Site Specific Development Control District in a portion of the NW 30-51-24-4 to accommodate medium density residential development consisting of semi-detached housing and row housing and to establish site development regulations to ensure that development will be compatible with the surrounding residential development.
dc2-316,316,https://zoningbylaw.edmonton.ca/dc2-316,"To establish a Site Specific Development Control District to accommodate the development of industrial business uses allowed by the IB District as well as an Animal Hospital and Shelter, with specific landscaping and development criteria to ensure a compatible relationship with surrounding land uses."
dc2-319,319,https://zoningbylaw.edmonton.ca/dc2-319,"To provide a site specific development control district to accommodate commercial development on the site and, in particular, given the development constraints and unique character of the site, to accommodate an automotive dealership."
dc2-320,320,https://zoningbylaw.edmonton.ca/dc2-320,To provide a Site Specific Development Control District to accommodate a mixed use development in the form of low density residential use and a limited range of neighbourhood oriented commercial uses.
dc2-323,323,https://zoningbylaw.edmonton.ca/dc2-323,To establish a Site Specific Development Control District to accommodate a limited range of residential use and residential related uses with site specific development controls designed to integrate well with the scale and use of the surrounding land and result in a high quality development appropriate for the site.
dc2-324,324,https://zoningbylaw.edmonton.ca/dc2-324,"To establish a Site Specific Development Control District for retail commercial, amusement and office uses with provisions for landscaping and exterior building treatments which will ensure a high standard of appearance, consistent with the objectives of the Calgary Trail Land Use Study."
dc2-325,325,https://zoningbylaw.edmonton.ca/dc2-325,To provide a Site Specific Development Control District for businesses which require large sites and a location with good visibility and accessibility along a major public roadway which is sensitive to principles of Crime Prevention through Environmental Design (CPTED) and the pedestrianisation of 118 Avenue.
dc2-326,326,https://zoningbylaw.edmonton.ca/dc2-326,To establish a Site Specific Development Control District to accommodate a range of neighbourhood convenience commercial uses and to allow the development of Automobile and Minor Recreation Vehicle Sales/Rentals.
dc2-327,327,https://zoningbylaw.edmonton.ca/dc2-327,To accommodate a Site Specific Development Control District which will accommodate a low rise walkup apartment development. The regulations will establish sensitive site development regulations that will ensure compatibility with the adjacent residential and commercial land uses and that will provide for design and landscaping elements to establish a sense of continuity in the Clareview Town Centre.
dc2-328,328,https://zoningbylaw.edmonton.ca/dc2-328,To accommodate a Site Specific Development Control District to accommodate a medium rise apartment development. The regulations will establish sensitive site development regulations that will ensure compatibility with the adjacent residential and commercial land uses and that will provide for design and landscaping elements to establish a sense of continuity in the Clareview Town Centre.
dc2-329,329,https://zoningbylaw.edmonton.ca/dc2-329,To accommodate a Site Specific Development Control District which will accommodate a Medium Density Stacked Townhouse development. The regulations will establish sensitive site development regulations that will ensure compatibility with the adjacent residential and commercial land uses and that will provide for design and landscaping elements to establish a sense of continuity in the Clareview Town Centre.
dc2-332,332,https://zoningbylaw.edmonton.ca/dc2-332,To establish a Direct Control District for retail and highway commercial uses with good visibility and accessibility along Calgary Trail Southbound.
dc2-334,334,https://zoningbylaw.edmonton.ca/dc2-334,"To provide a site specific development control district to allow for the continued use of an existing building for commercial, community, educational, recreational or cultural uses with appropriate development criteria to ensure compatibility with the adjacent uses and compliance with the Old Strathcona Area Redevelopment Plan."
dc2-335,335,https://zoningbylaw.edmonton.ca/dc2-335,"To provide a Site Specific Development Control District that will accommodate a wide range of general business uses on a single large site adjacent to a major public roadway, and that will utilize appropriate development criteria to ensure compatibility with surrounding land uses."
dc2-336,336,https://zoningbylaw.edmonton.ca/dc2-336,To establish a Site Specific Development Control District to accommodate low to medium density residential development consisting of semi-detached housing and row housing and to establish sensitive site development regulations to ensure that development will be compatible with the surrounding residential land uses.
dc2-338,338,https://zoningbylaw.edmonton.ca/dc2-338,To establish a Site Specific Development Control District to accommodate low to medium density residential development consisting of semi-detached housing and row housing and to establish sensitive site development regulations to ensure that development will be compatible with the surrounding residential land uses.
dc2-339,339,https://zoningbylaw.edmonton.ca/dc2-339,To establish a Site Specific Development Control District to accommodate low to medium density residential development consisting of semi-detached housing and row housing and to establish sensitive site development regulations to ensure that development will be compatible with the surrounding residential land uses.
dc2-340,340,https://zoningbylaw.edmonton.ca/dc2-340,"To establish a Site Specific Development Control District for retail commercial, amusement and office uses with provisions for landscaping and exterior building treatments which will ensure a high standard of appearance, consistent with the objectives of the Calgary Trail Land Use Study."
dc2-342,342,https://zoningbylaw.edmonton.ca/dc2-342,"To establish a Site Specific Development Control District for a range of institutional uses, to accommodate a prison facility for Federally Sentenced Women, having specific development regulations which will ensure compatibility with the existing and future surrounding industrial land uses."
dc2-343,343,https://zoningbylaw.edmonton.ca/dc2-343,"To establish a Site Specific Development Control District to accommodate a range of retail business and highway commercial uses, with site development regulations that will ensure compatibility with land uses and roadways adjacent to the site, and ensure a high standard of appearance appropriate to the sites' location on a major entrance route to the City."
dc2-345,345,https://zoningbylaw.edmonton.ca/dc2-345,"To establish a Site Specific Development Control District for an office building and highway commercial uses with an increased building height and floor area ratio for the office component over that permitted by the CHY District, and with landscaping and setback requirements to implement the appearance objectives of the Calgary Trail Land Use Study and the Major Commercial Corridor Overlay."
dc2-348,348,https://zoningbylaw.edmonton.ca/dc2-348,"To establish a Site Specific Development Control District to accommodate the development of funeral services, and cremation and interment services with site specific landscaping and development criteria that will ensure compatibility with existing and future adjacent land uses and roadways surrounding the site and to ensure a high standard of appearance appropriate to a site located on a major entrance route to the city."
dc2-349,349,https://zoningbylaw.edmonton.ca/dc2-349,"To provide a Site Specific Development Control District which will accommodate a low rise apartment development. The regulations will establish sensitive site development regulations that will allow a slightly higher Floor Area Ratio than conventional low rise apartment districting, while ensuring compatibility with the adjacent residential land uses and providing for design and landscaping elements to foster a sense of community."
dc2-350,350,https://zoningbylaw.edmonton.ca/dc2-350,"To establish a District for the development of a Tourist Campsite, to recognize an existing banquet facility and to describe a range of use class opportunities that could be developed on the site such that the uses would be accessory to the Tourist Campsite and would not represent freestanding commercial opportunities. The District also establishes development regulations for all potential uses recognizing the absence of permanent servicing infrastructure, the location of the site relative to the existing and potential industrial uses on adjoining properties, and the need to establish siting c"
dc2-351,351,https://zoningbylaw.edmonton.ca/dc2-351,"To establish a Site Specific Development Control District for retail, general commercial and office uses with site specific development criteria that will ensure a compatible relationship with surrounding land uses and achieve a high standard of building appearance appropriate to the entrance location of this site."
dc2-36,36,https://zoningbylaw.edmonton.ca/dc2-36,"To provide a site specific development control district allowing convenience commercial uses within an existing building until the site is redeveloped, at which time residential development to the maximum density permitted by the RA7 (Low Rise Apartment) District will be allowed."
dc2-360,360,https://zoningbylaw.edmonton.ca/dc2-360,To establish a Site Specific Development Control District to accommodate a three bay district ambulance station for the City of Edmonton Emergency Medical Services with site development regulations that will minimize negative impacts on the surrounding land uses and the function of 111 Street as an arterial roadway.
dc2-364,364,https://zoningbylaw.edmonton.ca/dc2-364,"To provide a Site Specific Development Control District to accommodate the renovation of an existing building to allow a Religious Assembly with accessory uses including a bookstore, and associated ministry, educational, social and recreational programs."
dc2-367,367,https://zoningbylaw.edmonton.ca/dc2-367,To establish a Site Specific Development Control District to allow community service uses and a limited range of low intensity commercial uses to operate from an existing building with site and building regulations that will ensure compatibility with the adjacent land uses.
dc2-369,369,https://zoningbylaw.edmonton.ca/dc2-369,"To establish a Site Specific Development Control District to accommodate rural residential development on lots a minimum of 0.4 ha in size, without the full range of piped urban utility services. The proposed District provides an interim solution to fulfil City Council's directive that Mooncrest Park be designated as a residential development, recognizing the current rural unserviced nature of the area and the long term likelihood of neighbourhood area structure plans being prepared for the Mooncrest Park Subdivision and adjacent areas, as proposed in the Kinokamau Plains Servicing Concept Des"
dc2-370,370,https://zoningbylaw.edmonton.ca/dc2-370,"To establish a Site Specific Development Control District with development regulations to ensure a compatible relationship with surrounding existing and proposed land uses, and to achieve a high standard of building appearance appropriate with the location of the site. The proposed District allows for low density single detached rural residential development and legally existing commercial or light industrial uses on a lot approximately 0.4 ha in size, without the full range of piped urban utility services. The proposed District provides an interim solution to fulfil City Council's direc"
dc2-371,371,https://zoningbylaw.edmonton.ca/dc2-371,"To establish a Site Specific Development Control District with development regulations to ensure a compatible relationship with surrounding existing and proposed land uses, and to achieve a high standard of building appearance appropriate with the location of the site. The proposed District allows for low density single detached rural residential development and legally existing commercial or light industrial uses on a lot approximately 0.4 ha in area, without the full range of piped urban utility services. The proposed District provides an interim solution to fulfil City Council's direc"
dc2-372,372,https://zoningbylaw.edmonton.ca/dc2-372,"To establish a Site Specific Development Control District with development regulations to ensure a compatible relationship with surrounding existing and proposed land uses and to achieve a high standard of building appearance appropriate with the location of the site. The proposed District allows for low density single detached rural residential development and legally existing commercial or light industrial uses on a lot approximately 0.5 ha in area, without the full range of piped urban utility services. The proposed District provides an interim solution to fulfil City Council's direct"
dc2-373,373,https://zoningbylaw.edmonton.ca/dc2-373,"To establish a Site Specific Development Control District with development regulations to ensure a compatible relationship with surrounding existing and proposed land uses and to achieve a high standard of building appearance appropriate with the location of the site. The proposed District allows for low density single detached rural residential development and legally existing commercial or light industrial uses on a lot approximately 1.2 ha in area, without the full range of piped urban utility services. The proposed District provides an interim solution to fulfil City Council's direct"
dc2-376,376,https://zoningbylaw.edmonton.ca/dc2-376,To provide a Site Specific Development Control District to accommodate an innovative form of family-oriented housing that incorporates three dwelling units on the lot. The intent is to provide attractive and affordable housing for families that minimizes negative impacts on the adjacent land uses.
dc2-378,378,https://zoningbylaw.edmonton.ca/dc2-378,To establish a Site Specific Development Control District to allow a range of residential uses containing up to a maximum of four Dwellings.
dc2-379,379,https://zoningbylaw.edmonton.ca/dc2-379,To establish a Site Specific Development Control District to accommodate medium density multiple family housing with sensitive site development regulations to ensure that development will be compatible with surrounding development.
dc2-380,380,https://zoningbylaw.edmonton.ca/dc2-380,"The general purpose of the following Site Specific Development Control Districts is to provide for medium density multiple family housing while addressing the integration of, and transition with, surrounding land uses. The District makes provision for a variety of housing types including semi-detached, duplex, row linked, stacked row and apartment housing"
dc2-384,384,https://zoningbylaw.edmonton.ca/dc2-384,To establish a Site Specific Development Control District for a limited range of general business and retail uses having specific site Development Criteria which will ensure compatibility with existing and proposed surrounding commercial land uses and promote the orderly development of a high quality urban environment. This District also contains Development Criteria consistent with the intent of the Major Commercial Corridor Overlay.
dc2-385,385,https://zoningbylaw.edmonton.ca/dc2-385,"To provide a Site Specific Development Control District to accommodate a medium density residential development with site specific development controls designed to ensure that the proposed development is integrated into the surrounding residential development and is sensitive to the Mill Creek Ravine, flanking the east portion of the site. The general intent is to provide a maximum of 154 units (residential and commercial inclusive) within low rise apartment and/or multiple family housing buildings."
dc2-386,386,https://zoningbylaw.edmonton.ca/dc2-386,"To provide a Site Specific Development Control District to accommodate low density multiple family housing development with site specific development controls designed to establish and maintain a sense of community with the residential development south and west of the site and be sensitive to the Mill Creek Ravine to the east of the site. The general intent is to provide a maximum of 26 residential units with row housing, linked housing and semi-detached housing forms."
dc2-393,393,https://zoningbylaw.edmonton.ca/dc2-393,To provide a district which allows specific private or public owned facilities of an institutional or community service nature.
dc2-394,394,https://zoningbylaw.edmonton.ca/dc2-394,"To establish a Site Specific Development Control District for neighbourhood convenience and highway commercial uses, such that by limiting the range of specific land uses and developing sensitive site development regulations, impacts on adjacent properties are minimized."
dc2-396,396,https://zoningbylaw.edmonton.ca/dc2-396,"To establish a Site Specific Development Control District to accommodate vehicle orientated commercial uses, with site development regulations that will ensure that development will be compatible with adjacent land uses and roadways and will ensure a high standard of appearance appropriate to the sites location on a major entrance route to the City."
dc2-399,399,https://zoningbylaw.edmonton.ca/dc2-399,To provide a site specific development control district to accommodate general business development on the site as well as a Vehicle Body Repair and Paint Shops Use which is accessory to an Automotive and Minor Recreational Vehicle Sales/Rentals Use.
dc2-400,400,https://zoningbylaw.edmonton.ca/dc2-400,"To establish a Site Specific Development Control District to permit Suburban Estate Lots to be developed in part of the Northwest Quarter of Section 33-53-23-W4M, in a manner that is compatible with neighbouring uses and in a manner that is not unduly prejudicial to the continuing agricultural character of the surrounding area."
dc2-401,401,https://zoningbylaw.edmonton.ca/dc2-401,"To establish a Site Specific Development Control District for convenience commercial, personal service and minor alcohol sales uses which are intended to serve the day-to-day needs of local residents, with site specific criteria which will ensure that the commercial development is compatible with the adjacent residential uses."
dc2-403,403,https://zoningbylaw.edmonton.ca/dc2-403,"To establish a Site Specific Development Control District to accommodate a medium density residential development with site specific development controls designed to ensure that transitional forms of innovative housing are both integrated into and compatible with surrounding land uses, in compliance with the Garneau Area Redevelopment Plan."
dc2-404,404,https://zoningbylaw.edmonton.ca/dc2-404,To establish a site specific direct control district for industrial business developments which carry out their operations such that no nuisance factor is created or apparent outside an enclosed building.
dc2-406,406,https://zoningbylaw.edmonton.ca/dc2-406,To establish a Site Specific Development Control District to accommodate a limited range of commercial uses with site specific development regulations that will ensure compatibility with surrounding uses and with the function of the roadways adjacent to the site while ensuring a high standard of appearance appropriate to its prominent location at the intersection of two major roadways.
dc2-410,410,https://zoningbylaw.edmonton.ca/dc2-410,To establish a Site Specific Development Control District to accommodate seniors-oriented medium density row housing with site development will be compatible with the adjacent residential development.
dc2-412,412,https://zoningbylaw.edmonton.ca/dc2-412,"To establish a Site Specific Development Control District for Medium Density Multiple Family Housing, with the opportunity for ancillary Personal Service Shops and Health Services."
dc2-413,413,https://zoningbylaw.edmonton.ca/dc2-413,"To establish a Site Specific Development Control District that would accommodate the conversion of the existing Apartment building on this site, at the time of passage of this Bylaw, to commercial uses while establishing site development regulations that will ensure compatibility with existing and future adjacent land uses and the function of roadways adjacent to the site, in accordance with the 100 Avenue Land Use Study."
dc2-415,415,https://zoningbylaw.edmonton.ca/dc2-415,To establish a Site Specific Development Control District to accommodate a low rise apartment development with sensitive site development regulations to ensure that development will be compatible with surrounding residential and commercial development.
dc2-418,418,https://zoningbylaw.edmonton.ca/dc2-418,To establish a District for a range of medium industrial uses and to provide the opportunity for Private.
dc2-420,420,https://zoningbylaw.edmonton.ca/dc2-420,"To establish a Site Specific Development Control District to accommodate a limited range of general business uses in accordance with the 100 Avenue Planning Study, with site development regulations that will ensure compatibility with existing and future adjacent land uses and the function of roadways adjacent to the site."
dc2-421,421,https://zoningbylaw.edmonton.ca/dc2-421,To establish a site specific development control district to accommodate a limited range of warehousing functions to service general retail stores along with site specific development criteria to ensure compatibility with the surrounding residential development and to ensure a high standard of appearance appropriate to the area.
dc2-422,422,https://zoningbylaw.edmonton.ca/dc2-422,"To establish a District which allows private or public recreation, institutional and community service uses."
dc2-423,423,https://zoningbylaw.edmonton.ca/dc2-423,To provide a Direct Control District to accommodate Non-accessory Parking as an additional use to the existing RA7 District on a site with regulations that would ensure compatibility with adjacent areas.
dc2-426,426,https://zoningbylaw.edmonton.ca/dc2-426,To establish a Site Specific Development Control District to accommodate existing and proposed accessory surface parking on a site adjacent to Meadowlark Place Professional Centre with site development regulations that will minimize negative impacts on adjacent residential development.
dc2-427,427,https://zoningbylaw.edmonton.ca/dc2-427,"To provide a site specific development control district for a mixed use residential development including semi-detached, row housing and low rise apartments, with special regulations to ensure an appropriate transition between existing single family development to the south, and major commercial corridor development to the north."
dc2-429,429,https://zoningbylaw.edmonton.ca/dc2-429,"To provide a Site Specific Development Control District to accommodate a variety of commercial uses on a large site and a location with good visibility and accessibility along a major public roadway, which are compatible with the surrounding commercial, residential and industrial uses."
dc2-43,43,https://zoningbylaw.edmonton.ca/dc2-43,"To provide a Site Specific Development Control District to accommodate general business uses such that development in this district is compatible with adjacent commercial, institutional and low density residential development."
dc2-432,432,https://zoningbylaw.edmonton.ca/dc2-432,To establish a Site Specific Development Control District for single family residential development based on the RSL (Residential Small Lot) District with sensitive site development criteria to ensure the integrity of the Northwestern Utilities gas pipeline located adjacent to 34 Street by prohibiting front drive access to lots adjacent to 34 Street and by requiring the provision of a laneway for access and servicing of lots fronting onto 34 Street.
dc2-433,433,https://zoningbylaw.edmonton.ca/dc2-433,"To establish a Site Specific Development Control District that would accommodate the development of a landscaped parking area to serve the northerly abutting commercial site, in accordance with the Highlands Neighbourhood Planning Study."
dc2-435,435,https://zoningbylaw.edmonton.ca/dc2-435,To accommodate a range of Industrial and Business Uses and Casinos and Other Gaming Establishments.
dc2-436,436,https://zoningbylaw.edmonton.ca/dc2-436,"This area is intended to provide a mixture of at grade retailing and associated office space. It also is intended to provide medium rise residential development adjacent to the open space corridor. This residential use will help support commercial activities, provide housing in the proximity of Grant MacEwan Community College, benefit from the open space corridor and provide casual surveillance to the public open space."
dc2-437,437,https://zoningbylaw.edmonton.ca/dc2-437,To establish a Site Specific Development Control District for highway commercial and limited industrial uses with site specific development criteria that will ensure a compatible relationship with surrounding land uses and achieve a high standard of building and yard appearance appropriate to the location of this site adjacent to the Yellowhead Trail.
dc2-439,439,https://zoningbylaw.edmonton.ca/dc2-439,To establish a Site Specific Development Control District to accommodate single detached residential housing on lots less than 9.0 m in width. This district establishes sensitive site development regulations to ensure that development will be compatible with the surrounding residential development and will comply with the Larkspur East design brief architectural and site planning guidelines. Dwellings will be developed primarily in the neo-traditional style and will include design elements and architectural details to enhance the appearance of development.
dc2-440,440,https://zoningbylaw.edmonton.ca/dc2-440,To establish a Site Specific Development Control District to accommodate low to medium density residential development consisting of semi-detached housing and row housing. Development regulations will ensure development will be compatible with the surrounding residential development and transportation infrastructure and will comply with the Larkspur East design brief architectural and site planning guidelines.
dc2-445,445,https://zoningbylaw.edmonton.ca/dc2-445,"To establish a Site Specific Development Control District to accommodate non-family, adult-oriented, residential development which is fully integrated with the adjacent Religious Assembly with site specific development regulations to ensure that development will be compatible with surrounding land uses."
dc2-448,448,https://zoningbylaw.edmonton.ca/dc2-448,To establish a Site Specific Development Control District to accommodate medium density housing consisting of semi-detached housing and row housing with site sensitive development regulations to ensure that development will be compatible with surrounding development and to ensure that the public walkway/bikeway that bisects the site is maintained as part of the neighbourhood circulation system.
dc2-449,449,https://zoningbylaw.edmonton.ca/dc2-449,To establish a Site Specific Development Control District to accommodate general business uses that will provide employment opportunities with site specific development criteria that will ensure a compatible relationship with adjacent residential land uses and will achieve a high standard of appearance appropriate for the sites prominent location adjacent to a major entrance route to the city.
dc2-452,452,https://zoningbylaw.edmonton.ca/dc2-452,"To accommodate a large shopping centre intended to serve a community or regional trade area. Possible uses within the development include residential, office, entertainment and cultural uses, along with casinos and other gaming establishments."
dc2-455,455,https://zoningbylaw.edmonton.ca/dc2-455,To establish a Site Specific Development Control District for convenience commercial uses which are intended to serve the day-to-day needs of residents with development regulations to ensure an appropriate transition with the low density residential development to the north of this site.
dc2-457,457,https://zoningbylaw.edmonton.ca/dc2-457,To establish a Site Specific Control District for low intensity commercial office/retail and service uses and developing sensitive site development regulations such that impact on adjacent residential properties are minimized.
dc2-458,458,https://zoningbylaw.edmonton.ca/dc2-458,To establish a Site Specific Development Control District to accommodate a commercial and industrial business area such that by establishing site specific development criteria a compatible relationship with surrounding uses will be achieved.
dc2-46,46,https://zoningbylaw.edmonton.ca/dc2-46,"To provide a Site Specific Development Control District to recognize the existing and continued truck, automotive and minor/recreational vehicle sales/rental use (including servicing, leasing, part sales) on the site at the time of adoption of the Queen Mary Park Area Redevelopment Plan. In addition, in the event of the redevelopment of the site to other uses, to provide a District for low intensity business uses on the first 60.96 metres (200 ft.) back from 107 Avenue and for low rise, medium density residential uses on the remainder of the site to conform to the Policies of the Queen Mary Pa"
dc2-460,460,https://zoningbylaw.edmonton.ca/dc2-460,"To establish a Site Specific Control District for Medium Density Multiple Family Housing, with the opportunity for ancillary Personal Service Shops and Health Services."
dc2-462,462,https://zoningbylaw.edmonton.ca/dc2-462,To establish a Site Specific Development Control District to accommodate a 3 - bay district ambulance station for the City of Edmonton Emergency Medical Services with site developments regulations that will minimize any negative impacts on the surrounding land uses.
dc2-463,463,https://zoningbylaw.edmonton.ca/dc2-463,"To establish a site specific development control district to accommodate the development of an entertainment centre that includes a hotel, casino, dinner theatre, nightclub, restaurants and a facility for conventions and spectator entertainment events."
dc2-466,466,https://zoningbylaw.edmonton.ca/dc2-466,To establish a Site Specific Development Control District to accommodate general commercial uses and low intensity general business - office uses with specific development regulations that will ensure compatibility with the adjacent residential land uses and to ensure a high standard of appearance from the adjacent roadways.
dc2-467,467,https://zoningbylaw.edmonton.ca/dc2-467,To establish a Site Specific Development Control District to accommodate the conversion of an existing office building to Apartment Housing with a range of Commercial/Business/Office uses. This District also provides development regulations for the site in the event that the original building is demolished.
dc2-468,468,https://zoningbylaw.edmonton.ca/dc2-468,"To establish a Site Specific Development Control District for a low intensity, professional office development that may include a single apartment dwelling unit, and is compatible with the adjacent single family residential development."
dc2-470,470,https://zoningbylaw.edmonton.ca/dc2-470,To establish a Site Specific Development Control District to accommodate a limited range of convenience commercial uses with site development regulations to ensure a high standard of appearance and compatibility with surrounding low density residential neighbourhoods and with the function of the three arterial roadways adjacent to the site.
dc2-472,472,https://zoningbylaw.edmonton.ca/dc2-472,"To create a mixed housing district which includes row housing, low/medium/high rise apartment and limited commercial uses onto the Civic Space Corridor and 111 Street. These residential developments will provide an additional residential population within the Downtown and with unique open space corridor create a vibrant downtown community."
dc2-474,474,https://zoningbylaw.edmonton.ca/dc2-474,"The general purpose of the proposed DC5 District would be to establish a District for Convenience Commercial and Personal Service Uses, including Minor Alcohol Sales. The services to be provided in the shopping centre are intended to serve the day to day needs of residents within the established La Perle neighbourhood."
dc2-475,475,https://zoningbylaw.edmonton.ca/dc2-475,To establish a Site Specific Development Control District for industrial businesses which carry out their operations such that no nuisance factor is created or apparent outside an enclosed building and such that the District is compatible with any adjacent District.
dc2-478,478,https://zoningbylaw.edmonton.ca/dc2-478,The general purpose of the proposed DC5 District would be to establish a District for Convenience Commercial and Personal Service Uses. The services to be provided in the shopping centre are intended to serve the day to day needs of residents within the established Homesteader neighbourhood.
dc2-483,483,https://zoningbylaw.edmonton.ca/dc2-483,To establish a District for industrial businesses which carry out their operations such that no nuisance factor is created or apparent outside an enclosed building and such that the District is compatible with any adjacent District.
dc2-484,484,https://zoningbylaw.edmonton.ca/dc2-484,"To establish a Site Specific Development Control District to accommodate low density multiple family housing consisting of semi-detached housing and row housing, and to establish appropriate site development regulations that will ensure compatibility with adjacent residential development."
dc2-485,485,https://zoningbylaw.edmonton.ca/dc2-485,"To accommodate a large shopping centre intended to serve a community or regional trade area. Possible uses within the development include residential, commercial, office, entertainment and cultural uses, along with a limited form of casinos and other gaming establishments."
dc2-486,486,https://zoningbylaw.edmonton.ca/dc2-486,To establish a Site Specific Development Control District to accommodate a hotel.
dc2-489,489,https://zoningbylaw.edmonton.ca/dc2-489,"To establish a Site Specific Development Control District for neighbourhood convenience commercial and personal service uses to serve the day-to-day commercial needs of residents within the surrounding community and to ensure the site""s compatibility with the surrounding low density residential neighbourhood."
dc2-490,490,https://zoningbylaw.edmonton.ca/dc2-490,"To establish a Site Specific Development Control District for a range of commercial uses having specific site development regulations which will ensure compatibility with adjacent existing and proposed commercial and residential land uses, and a high standard of appearance appropriate to the site’s location on a major commercial corridor."
dc2-491,491,https://zoningbylaw.edmonton.ca/dc2-491,"To establish a Site Specific Development Control District for a range of commercial uses having specific site development regulations which will ensure compatibility with adjacent existing and proposed commercial and residential land uses, and a high standard of appearance appropriate to the site""s location on a major commercial corridor."
dc2-497,497,https://zoningbylaw.edmonton.ca/dc2-497,"To establish a Site Specific Development Control District to accommodate a limited range of medium density residential and related uses and to establish site development criteria that will ensure compatibility with surrounding residential, commercial and institutional development and transportation infrastructure."
dc2-501,501,https://zoningbylaw.edmonton.ca/dc2-501,"To establish a Site Specific Development Control District to accommodate Commercial Use Classes with Residential; Residential-Related; Basic Services; Community Educational; Recreational and Cultural Services use Classes; and Office Use Classes according to the guidelines of the Downtown Area Redevelopment Plan. The Site Specific Development regulations will ensure compatibility with existing and proposed land uses and ensure a high standard of appearance appropriate to the site""s location in the Downtown Core."
dc2-505,505,https://zoningbylaw.edmonton.ca/dc2-505,"To provide a Site Specific Development Control District for medium density residential, commercial and open space development, consistent with the 1997 Oliver Area Redevelopment Plan, as amended."
dc2-511,511,https://zoningbylaw.edmonton.ca/dc2-511,"To establish a Site Specific Development Control District for Casinos and Other Gaming Establishments, as well as industrial businesses which carry out their operations such that no nuisance factor is created or apparent outside an enclosed building, and the District and its uses are compatible with any adjacent Non-industrial District and in compliance with the Yellowhead Corridor Area Structure Plan."
dc2-515,515,https://zoningbylaw.edmonton.ca/dc2-515,"To establish a Site Specific Development Control District that accommodates a wide range of commercial uses on a large site with good visibility and access to a major arterial, and also recognizes the need to limit the range of commercial, residential or other sensitive uses in order to provide protection for any future users from environmental contamination on the site."
dc2-516,516,https://zoningbylaw.edmonton.ca/dc2-516,"To establish a site specific development control district based upon the IM (Medium Industrial) District to accommodate the development of medium industrial uses with the addition of Private Clubs, Community Recreation Services, and Cultural Centre with office space for community groups."
dc2-520,520,https://zoningbylaw.edmonton.ca/dc2-520,To establish a District for industrial businesses which carry out their operations such that no nuisance factor is created or apparent outside an enclosed building and such that the District is compatible with any adjacent District.
dc2-522,522,https://zoningbylaw.edmonton.ca/dc2-522,"To establish a Site Specific Development Control District to accommodate an auxiliary hospital, and accessory rehabilitation, administration, pastoral care and other support service areas; and to establish sensitive site development criteria to ensure that development will be compatible with surrounding land uses."
dc2-523,523,https://zoningbylaw.edmonton.ca/dc2-523,"To establish a Site Specific Development Control District to accommodate a regional level commercial development and to establish comprehensive design and sensitive site development regulations that will ensure compatibility with surrounding residential land uses, in order to achieve the intent of Section 3.5 of the Larkspur Neighbourhood Structure Plan."
dc2-524,524,https://zoningbylaw.edmonton.ca/dc2-524,To establish a Site Specific Development Control District to accommodate an outdoor oil field equipment museum and associated private club with site specific development regulations that will ensure compatibility with adjacent agricultural and residential development
dc2-527,527,https://zoningbylaw.edmonton.ca/dc2-527,To establish a Site Specific Development Control District to accommodate the development of a religious assembly and its accessory uses and housing for senior citizens and to establish sensitive site development regulations that will ensure compatibility with surrounding land uses.
dc2-529,529,https://zoningbylaw.edmonton.ca/dc2-529,"To establish a Site Specific Development Control District to accommodate senior""s housing and an extended care lodge facility with associated commercial, residential-related, and community, educational, recreational and cultural services, and with site specific development regulations that will ensure compatibility with the adjacent land uses and a high standard of appearance appropriate to the site""s location in the French quarter."
dc2-530,530,https://zoningbylaw.edmonton.ca/dc2-530,To establish a Site Specific Development Control District to accommodate a limited range of medium density residential and related uses and to establish site development criteria that will ensure compatibility with surrounding residential and commercial development.
dc2-531,531,https://zoningbylaw.edmonton.ca/dc2-531,"To establish a Site Specific Development Control District to accommodate a limited range of medium density residential, assisted living and related uses and to establish site development criteria that will ensure compatibility with surrounding residential and commercial development."
dc2-533,533,https://zoningbylaw.edmonton.ca/dc2-533,"To establish a Site Specific Development Control District to accommodate a limited range of convenience commercial and personal service uses, including a gas bar, a convenience retail store, a drive-through car wash, and a drive-in food establishment, with appropriate development regulations to achieve a high quality development consistent with the Haddow NASP objectives, to reduce potential impacts and ensure compatibility with the adjacent residential land uses."
dc2-535,535,https://zoningbylaw.edmonton.ca/dc2-535,"To provide a Site Specific Development Control District to incorporate specific provisions for the accommodation of a greenhouse and plant nursery, tree farm, general retail store, home occupation, accessory residential development, and accessory uses, in a manner that is compatible with adjacent land uses."
dc2-536,536,https://zoningbylaw.edmonton.ca/dc2-536,"To establish a Site Specific Development Control District to accommodate a limited range of non-family, medium density residential and related uses and to establish site development criteria that will ensure compatibility with surrounding residential and commercial development."
dc2-537,537,https://zoningbylaw.edmonton.ca/dc2-537,To establish a Site Specific Development Control District for Casinos and Other Gaming Establishments in addition to the uses and regulations provided for in the IB (Industrial Business) District. The additional Site Specific Development Control regulations for Casinos and Gaming Establishments will ensure compatibility with surrounding land uses and ensure a high standard of appearance appropriate to the site's location adjacent to a major arterial street.
dc2-54,54,https://zoningbylaw.edmonton.ca/dc2-54,"To provide a Site Specific Development Control District to accommodate a 200-bed auxiliary hospital with accessory administrative, support and rehabilitative services, which will replace the existing 200bed Good Samaritan Auxiliary Hospital and which will be compatible in scale and character with surrounding low density residential development."
dc2-544,544,https://zoningbylaw.edmonton.ca/dc2-544,"To establish a Site Specific Development Control District to accommodate extended medical treatment services and medium density housing, including a limited range of convenience commercial and personal service uses, with specific development regulations to achieve a high quality development that will ensure compatibility with the adjacent residential and institutional land uses."
dc2-545,545,https://zoningbylaw.edmonton.ca/dc2-545,"To establish a Site Specific Development Control District to accommodate medium density housing, with specific development regulations to achieve a high quality development that will ensure compatibility with the adjacent residential and institutional land uses."
dc2-546,546,https://zoningbylaw.edmonton.ca/dc2-546,To establish a Site Specific Development Control District in accordance with the Eaux Claires Neighborhood Structure Plan to accommodate single and semi-detached residential development. The single detached use within this District shall comply with the standard RSL District while the semi-detached use shall be distinct from the RF4 District.
dc2-547,547,https://zoningbylaw.edmonton.ca/dc2-547,To establish a District for Convenience Commercial and Personal Service uses including minor alcohol sales which are intended to serve the day-to-day needs of residents within the Forest Heights neighbourhood.
dc2-550,550,https://zoningbylaw.edmonton.ca/dc2-550,"To establish a Site Specific Development Control District to accommodate single family residential development in a rural setting, generally without the full range of urban utility services, with appropriate development criteria to ensure compatibility with the character of the surrounding area."
dc2-551,551,https://zoningbylaw.edmonton.ca/dc2-551,To establish a District for Convenience Commercial and Personal Service uses which are intended to serve the day to day needs of residents within the neighbourhood.
dc2-552,552,https://zoningbylaw.edmonton.ca/dc2-552,"To establish a District for convenience commercial, personal service, and minor alcohol sales uses located along arterial roadways that border residential areas and to allow for the development of a medical/dental clinic ."
dc2-553,553,https://zoningbylaw.edmonton.ca/dc2-553,To establish a Site Specific Development Control District to accommodate a limited range of commercial uses with site specific development regulations that will ensure compatibility with surrounding uses adjacent to the site while ensuring a high standard of appearance appropriate to its prominent location at the intersection of two major roadways.
dc2-554,554,https://zoningbylaw.edmonton.ca/dc2-554,"To establish a Site Specific Development Control District to accommodate an office support service use and semi-detached housing, and to establish sensitive site development criteria to ensure that this development will be compatible with the surrounding low density residential land uses."
dc2-555,555,https://zoningbylaw.edmonton.ca/dc2-555,"To provide a site specific development control district to accommodate the development of family orientated dwellings, which includes semi-detached, duplex and row housing with site specific development controls designed to ensure that the proposed development is integrated into the Central McDougall neighbourhood and meets the intent of the Prince of Wales Armoury Site Revised Community Objectives of the Central McDougall/Queen Mary Park Area Redevelopment Plan"
dc2-556,556,https://zoningbylaw.edmonton.ca/dc2-556,To provide a Direct Development Control District to accommodate the development of low density residential uses and to establish site development criteria that will ensure compatibility with surrounding residential development.
dc2-557,557,https://zoningbylaw.edmonton.ca/dc2-557,"To accommodate the conversion of the ground floor of an existing building from commercial use to Apartment Housing while allowing for some small-scale, low-impact commercial development on the ground floor. This District also provides development regulations for the site in the event that the existing building is demolished."
dc2-559,559,https://zoningbylaw.edmonton.ca/dc2-559,"To establish a Site Specific Development Control District to accommodate small scale retail development, having a range of general commercial uses, with site development regulations that will ensure compatibility with adjacent land uses and to ensure a high standard of appearance as prescribed in the Mill Woods Town Centre Area Structure Plan, as amended."
dc2-560,560,https://zoningbylaw.edmonton.ca/dc2-560,"To establish a Site Specific Development Control District to accommodate low rise apartment housing and to establish site development regulations which will ensure both compatibility with surrounding land uses and a high quality of appearance that will ensure compliance with the Mill Woods Town Centre Area Structure Plan, as amended."
dc2-561,561,https://zoningbylaw.edmonton.ca/dc2-561,"To establish a Site Specific Development Control District to accommodate large scale retail business and general commercial uses, with site development regulations that will ensure compatibility with future adjacent land uses and roadways adjacent to the site, and to ensure a high standard of appearance as prescribed in the Mill Woods Town Centre Area Structure Plan, as amended."
dc2-562,562,https://zoningbylaw.edmonton.ca/dc2-562,"To establish a District for businesses which require large sites and a location with good visibility and accessibility along, or adjacent to, major public roadways."
dc2-563,563,https://zoningbylaw.edmonton.ca/dc2-563,"To establish a site specific development control provision to accommodate a low rise apartment development with regulations to ensure that this development will be compatible with the surrounding residential development, and to address pedestrian access between the commercial area to the west and the Beaumaris Lake pedestrian system."
dc2-566,566,https://zoningbylaw.edmonton.ca/dc2-566,To accommodate a limited range of medium density residential and residential-related uses with development regulations intended to ensure compatibility with surrounding residential development.
dc2-567,567,https://zoningbylaw.edmonton.ca/dc2-567,To accommodate a range of commercial/business uses including low intensity business uses and general retail uses with development regulations that will ensure that development is compatible with the surrounding existing and future commercial land uses and will ensure a high standard of appearance appropriate to the site's location adjacent to a major arterial roadway.
dc2-569,569,https://zoningbylaw.edmonton.ca/dc2-569,"The purpose of this Provision is to accommodate low and medium density housing, with specific development regulations that will ensure compatibility with the adjacent residential land uses and to ensure a high standard of appearance from the adjacent roadways."
dc2-573,573,https://zoningbylaw.edmonton.ca/dc2-573,"To allow continued operation of current uses on the site, accommodate a limited range of compatible automobile oriented commercial uses, and restrict sensitive uses due to environmental conditions on the site."
dc2-574,574,https://zoningbylaw.edmonton.ca/dc2-574,"To provide for industrial businesses in Areas A, B and C that carry out their operations such that no nuisance factor is created nor apparent outside an enclosed building; and, to provide for medium industrial uses in Areas D and E, including manufacturing, processing, assembly, distribution, service and repair uses, that carry out a portion of their operation outdoors or require outdoor storage areas in a manner such that any associated nuisance factors should not extend beyond the boundaries of the site. Additionally, industrial business uses within Areas B and C, and medium industrial uses "
dc2-575,575,https://zoningbylaw.edmonton.ca/dc2-575,"The purpose of this DC2 is to provide direct control over a call centre facility by combining a Professional, Financial, and Office Support use class with the compatible Commercial Schools use."
dc2-577,577,https://zoningbylaw.edmonton.ca/dc2-577,"The purpose of this provision is to accommodate medium to high density housing in the form of Row Housing, Stacked Row Housing and High Rise Apartment limited to eight storeys, with development regulations designed to minimize the impact on the adjacent woodlot, ensure compatibility with the surrounding residential land uses and ensure a high standard of appearance appropriate to the site's location adjacent to the commercial focal point."
dc2-583,583,https://zoningbylaw.edmonton.ca/dc2-583,To provide a Site Specific Development Control Provision to allow for a mix of general industrial and a limited number of industrial business uses that carry out their operations such that no nuisance is created or apparent outside an enclosed building.
dc2-589,589,https://zoningbylaw.edmonton.ca/dc2-589,To accommodate low density residential development consisting of semi-detached dwellings with specific development regulations to ensure that a transition is provided between the proposed development and the existing single detached residential development to the east of the subject site.
dc2-591,591,https://zoningbylaw.edmonton.ca/dc2-591,"To establish a Site Specific Development Control Provision to: a. accommodate a residential building suitable for people such as seniors who may require on-site communal facilities such as a dining hall, convenience commercial and personal service uses; b. and to establish sensitive site development criteria to ensure that development will be compatible with the site’s prominent location abutting a public park and the Mill Creek Ravine, and low density residential land uses located north and east of the site."
dc2-593,593,https://zoningbylaw.edmonton.ca/dc2-593,"To accommodate a commercial development for Automotive and Minor Recreational Vehicle Sales/Rentals and related uses and to establish site development criteria that will address the specific development issues related to concerns raised by the community, south of 100 Ave and to ensure compatibility with the surrounding commercial developments."
dc2-594,594,https://zoningbylaw.edmonton.ca/dc2-594,"To accommodate assisted living accommodation for senior citizens ranging in form and level of care from aging in place independent seniors housing to geriatric care, including but not limited to assisted living, convalescent care and palliative care, with site specific development regulations that will ensure a compatible relationship with surrounding residential, institutional and commercial land uses, and will achieve a high standard of appearance appropriate for the site’s prominent location adjacent to a major entrance route to the city."
dc2-596,596,https://zoningbylaw.edmonton.ca/dc2-596,The purpose of this Provision is to provide for the development of a Medium Rise Apartment in a manner responsive to the site conditions adjacent to a railroad shunt yard.
dc2-602,602,https://zoningbylaw.edmonton.ca/dc2-602,The purpose of this provision is to accommodate a Low Rise Apartment building with additional regulations to address an increased floor area ratio.
dc2-603,603,https://zoningbylaw.edmonton.ca/dc2-603,"To establish a Site Specific Development Control Provision to accommodate the development of a coffee shop with drive-through services (Speciality and Drive-In Food Services), with regulations to ensure that the development will be compatible with the surrounding low density residential development and the site’s prominent location abutting 50 Street and 44 Avenue."
dc2-604,604,https://zoningbylaw.edmonton.ca/dc2-604,To establish a Site Specific Development Control Provision to accommodate the development of surface parking in support of an adjacent religious assembly use with regulations to ensure that the development will be compatible with the surrounding low density residential development and the site’s prominent location abutting 50 Street and 44 Avenue.
dc2-607,607,https://zoningbylaw.edmonton.ca/dc2-607,To accommodate apartment housing in accordance with the 100 Avenue Planning Study with site development regulations that will ensure compatibility with adjacent land uses.
dc2-608,608,https://zoningbylaw.edmonton.ca/dc2-608,To accommodate apartment housing in accordance with the 100 Avenue Planning Study with site development regulations that will ensure compatibility with adjacent land uses.
dc2-609,609,https://zoningbylaw.edmonton.ca/dc2-609,"To establish a Site Specific Development Control Provision to accommodate general business and office uses in accordance with the 100 Avenue Planning Study, with site development regulations that will ensure compatibility with adjacent land uses and the function of existing roadways adjacent to the site."
dc2-61,61,https://zoningbylaw.edmonton.ca/dc2-61,"To establish a Site Specific Development Control District to accommodate a limited range of low intensity business and commercial uses, having specific site development regulations which will ensure compatibility with existing and proposed surrounding commercial and residential land uses, minimize negative visual impacts associated with commercial developments, and promote the orderly development of a high quality urban environment."
dc2-612,612,https://zoningbylaw.edmonton.ca/dc2-612,"To accommodate a commercial development for Automotive and Minor Recreation Vehicle Sales/Rentals and a limited list of related uses, and to establish site development criteria that will ensure compatibility with the surrounding commercial developments and provide attractive design adjacent to the arterial roadway while excluding the opportunity for any uses sensitive to environmental contamination."
dc2-614,614,https://zoningbylaw.edmonton.ca/dc2-614,"To accommodate low and medium density housing uses, with site specific development regulations applied in a manner sensitive in scale and design to surrounding existing developments, while maintaining the character and pedestrian streetscape of this established neighbourhood."
dc2-615,615,https://zoningbylaw.edmonton.ca/dc2-615,"To accommodate medium density residential and related uses consisting of low rise apartment units with sensitive site development regulations to ensure that development on the site will be compatible with the immediately surrounding apartment and duplex developments and the low density residential, commercial, and school uses in the surrounding neighbourhood."
dc2-616,616,https://zoningbylaw.edmonton.ca/dc2-616,"To establish a Site Specific Development Control provision to accommodate low-rise, low density apartment housing and to establish site development regulations, which will ensure compatibility with surrounding land uses and a high quality of appearance."
dc2-618,618,https://zoningbylaw.edmonton.ca/dc2-618,To accommodate accessory parking for a religious assembly and to develop a residential row housing development in a manner that ensures compatibility with the adjacent low density residential zone and minimises the impacts of parking and the adjacent arterial on the residential uses.
dc2-619,619,https://zoningbylaw.edmonton.ca/dc2-619,To accommodate a Recycling Depot and provide for small scale commercial land uses appropriate for the small site and compatible with the surrounding commercial and residential land uses.
dc2-620,620,https://zoningbylaw.edmonton.ca/dc2-620,To accommodate a four-storey low rise residential development which is responsive to adjacent development.
dc2-626,626,https://zoningbylaw.edmonton.ca/dc2-626,To accommodate a commercial development for Automotive and Minor Recreational Vehicle Sales/Rentals and related Uses and to establish Site development criteria that will address the specific development issues within the Place La Rue Neighbourhood and to ensure compatibility with the surrounding commercial developments.
dc2-631,631,https://zoningbylaw.edmonton.ca/dc2-631,"To accommodate the development of low and medium rise residential apartment housing, and establish development regulations that will achieve compatibility with the low and medium density residential uses to the west and south, and provide walkway and vehicular connections to the abutting commercial development."
dc2-632,632,https://zoningbylaw.edmonton.ca/dc2-632,"To accommodate an existing shopping centre development and a new commercial building in the south east portion of the site, and establish development regulations that will buffer the site from the residential development to the south and ensure compatibility with the residential development to the west."
dc2-633,633,https://zoningbylaw.edmonton.ca/dc2-633,To accommodate a mixed use commercial/residential development that will ensure compatibility with adjacent land uses and achieve a pedestrian friendly environment.
dc2-635,635,https://zoningbylaw.edmonton.ca/dc2-635,"To allow the development of surface parking within an approved expansion area for Northlands Park, in a manner that will be compatible with Borden Park and adjacent residential areas."
dc2-636,636,https://zoningbylaw.edmonton.ca/dc2-636,"To establish a Site Specific Development Control Provision to accommodate the development of administrative space, an outpatient seniors health service facility and associated uses in an existing building while addressing the parking requirements of these uses by including the development of a parkade that is compatible with surrounding low and medium density residential land uses."
dc2-637,637,https://zoningbylaw.edmonton.ca/dc2-637,"To establish a Site Specific Development Control Provision to allow for the development of a funeral, cremation and internment facility, having specific site development regulations that will ensure compatibility with the adjacent cemetery site and future surrounding land uses."
dc2-63a,63,https://zoningbylaw.edmonton.ca/dc2-63a,"To establish a Site Specific Development Control District to accommodate a limited range of general business and highway commercial uses, with site development regulations that will ensure compatibility with future adjacent land uses and the alignment of existing and proposed roadways adjacent to the site."
dc2-641,641,https://zoningbylaw.edmonton.ca/dc2-641,"To establish a Site Specific Development Control Provision for retail, general commercial, office and indoor storage uses with specific site development criteria that will ensure a compatible relationship with surrounding land uses and achieve a high standard of building appearance appropriate to the entrance location of this site."
dc2-643,643,https://zoningbylaw.edmonton.ca/dc2-643,"To accommodate the development of ”Area A” and ”Area B”, as shown on Schedule ”C” Map of this Bylaw, as a part of a shopping centre with site specific development regulations designed to ensure that it is compatible with the scale and use of neighbouring park and school development by mitigating potential use and traffic conflicts. Area A and Area B together create a comprehensive planned shopping centre with shared parking between the two separately titled parcels. Area A Open All"
dc2-644,644,https://zoningbylaw.edmonton.ca/dc2-644,To establish a Site Specific Development Control Provision to accommodate the expansion of an existing Casino facility and associated uses with appropriate regulations to ensure a high standard of appearance and sufficient on-site parking appropriate to the site’s location in the Girard Industrial area.
dc2-645,645,https://zoningbylaw.edmonton.ca/dc2-645,"To develop an office building to accommodate a Professional, Financial and Office Support Services use, and establish development regulations that ensure the development is pedestrian friendly, has street presence from 45 Avenue, and is compatible with surrounding residential uses in terms of scale, massing, and landscaping."
dc2-648,648,https://zoningbylaw.edmonton.ca/dc2-648,To accommodate a limited range of low intensity business uses as well as apartment housing uses. This Provision contains development regulations that will ensure that development is compatible with surrounding existing and future residential uses and a high standard of appearance appropriate to the site’s location in North Chinatown.
dc2-650,650,https://zoningbylaw.edmonton.ca/dc2-650,"The purpose of this Site Specific Development Control Provision is to allow for a religious assembly use with site specific controls to provide for noise attenuation, physical separation and visual screening along the adjacent railroad line."
dc2-654,654,https://zoningbylaw.edmonton.ca/dc2-654,"To accommodate a range of commercial uses and industrial business uses which carry out their operations such that no nuisance factor is created or apparent outside an enclosed building, and such that future users are protected from environmental contamination of this site."
dc2-655,655,https://zoningbylaw.edmonton.ca/dc2-655,"To accommodate general retail stores on the site, and establish development regulations that will ensure that future users are protected from environmental contamination of this site."
dc2-66,66,https://zoningbylaw.edmonton.ca/dc2-66,To establish a Site Specific Development Control District for general business uses and to specify development criteria that recognize existing site development.
dc2-660,660,https://zoningbylaw.edmonton.ca/dc2-660,To accommodate the development of the Traditional Burial Grounds/Fort Edmonton Cemetery and a public park and to establish regulations to ensure that the site is developed in a manner that is culturally sensitive and compatible with the historic nature of the area.
dc2-661,661,https://zoningbylaw.edmonton.ca/dc2-661,"To establish a Site Specific Direct Control Provision to accommodate retail uses and a limited range of general commercial uses, with site development regulations that will ensure compatibility with adjacent land uses and comply with the development objectives of the Mill Woods Town Centre Area Structure Plan for the ""Main Street"" commercial component."
dc2-663,663,https://zoningbylaw.edmonton.ca/dc2-663,To establish a Site Specific Development Control Provision to accommodate residential development to ensure that development will be compatible with the surrounding residential and commercial development.
dc2-664,664,https://zoningbylaw.edmonton.ca/dc2-664,"To provide for the development of low rise apartment housing with restrictions to density and parking ratios to reduce the impact on adjacent low density residential development, in conformance with the requirements of the Leger NASP."
dc2-666,666,https://zoningbylaw.edmonton.ca/dc2-666,"To accommodate a low rise apartment building that achieves a high standard of appearance while ensuring compatibility, in mass and scale, with adjacent land uses while maintaining the pedestrian-friendly character and streetscape of the area."
dc2-668,668,https://zoningbylaw.edmonton.ca/dc2-668,"To provide for the development of two prestige office buildings with a limited range of complementary business support services, health services, commercial and commercial related uses designed to ensure compatibility with surrounding land uses and reflecting a high quality office park environment."
dc2-67,67,https://zoningbylaw.edmonton.ca/dc2-67,"To provide a District to expand the range of uses on the former IH (Heavy Industrial) District, to include the following three additional use classes: a. Private Educational b. Community Recreational c. Private Clubs"
dc2-671,671,https://zoningbylaw.edmonton.ca/dc2-671,To establish a district that will allow for the continuation and upgrading of general industrial uses while allowing for conversion and redevelopment of obsolete industrial uses to commercial office and general business uses.
dc2-673,673,https://zoningbylaw.edmonton.ca/dc2-673,"To accommodate a six Storey above-Grade Parking Garage for Accessory Parking for an Extended Medical Treatment Services Use (the Royal Alexandra Hospital), Accessory Parking and display and storage of vehicles for an Automotive and Minor Recreation Vehicle Sales/Rentals Use on Lots 475-481, Block 1, Plan 7540AH, and general Non-accessory Parking."
dc2-675,675,https://zoningbylaw.edmonton.ca/dc2-675,"To establish a Provision for a cultural centre (La Cite Francophone) that allows for selected commercial, educational, health, office and administrative uses that complement the concept of a cultural centre."
dc2-676,676,https://zoningbylaw.edmonton.ca/dc2-676,"To accommodate the development of a public school with a limited range of accessory and complimentary institutional or community service uses, with regulations to ensure that the development will be compatible with the surrounding low density residential development and the site’s prominent location within the community."
dc2-68,68,https://zoningbylaw.edmonton.ca/dc2-68,"To establish a Site Specific Development Control District to accommodate convenience commercial and office uses, generally consistent with the provisions of a previously approved DC1 District which has now expired, and to develop sensitive site development regulations to ensure compatibility with adjacent land uses."
dc2-684,684,https://zoningbylaw.edmonton.ca/dc2-684,"To permit Extended Medical Treatment Services, residences for seniors including designated assisted living accommodation, and institutional uses and support services consistent with the objectives of the Griesbach Neighbourhood Area Structure Plan."
dc2-686,686,https://zoningbylaw.edmonton.ca/dc2-686,To provide for the development of a medium rise office building with a limited range of complementary business support and commercial uses.
dc2-687,687,https://zoningbylaw.edmonton.ca/dc2-687,"The purpose of this Site Specific Development Control Provision is to accommodate the existing shopping centre (Southgate Centre) and additional retail, parking and on-site improvements that will provide for a variety of uses intended to serve a community or regional trade area, including commercial, office and professional services, health services, community and educational uses; acknowledge the shopping centre’s existing yards, building setbacks and parking arrangements, and provide specific development criteria that will achieve a compatible relationship between the subject site and surrou"
dc2-688,688,https://zoningbylaw.edmonton.ca/dc2-688,"To accommodate medium density residential uses, with site specific development regulations applied in a manner sensitive in scale and design to surrounding existing developments, while maintaining the character and pedestrian streetscape of the established Athlone neighbourhood."
dc2-689,689,https://zoningbylaw.edmonton.ca/dc2-689,To accommodate the development of a medium density residential development in the form of an apartment with site specific development controls designed to achieve a high quality development fully integrated with the scale and context of the surrounding properties in the Sub-area.
dc2-695,695,https://zoningbylaw.edmonton.ca/dc2-695,To establish a district that will allow for conversion and redevelopment of obsolete industrial uses to commercial office and general business uses along a main street commercial format.
dc2-696,696,https://zoningbylaw.edmonton.ca/dc2-696,To establish a district that will allow for the continuation and upgrading of general industrial uses while allowing for conversion and redevelopment of obsolete industrial uses to commercial office and general business uses.
dc2-697,697,https://zoningbylaw.edmonton.ca/dc2-697,"The purpose of this Site Specific Development Control Provision is to accommodate Professional, Financial and Office Support Services, Convenience Commercial uses, Personal Service uses and Public Libraries and Cultural Exhibits which are intended to serve the day to day needs of residents within new or established neighbourhoods."
dc2-698,698,https://zoningbylaw.edmonton.ca/dc2-698,"To provide for low density housing with innovative access and building orientation, in accordance with the design objectives in the Griesbach Neighbourhood Area Structure Plan."
dc2-699,699,https://zoningbylaw.edmonton.ca/dc2-699,"To accommodate the development of an Outdoor and Indoor Participant Recreation area, providing mentally, physically and financially challenged children and families an opportunity for active and passive recreational activities with accessory uses including a riding stable, overnight camping facilities, cabins, exhibition and convention facilities, camp office, self-serving utility services, and environmental preservation area in conformance with Plan Edmonton and the North Saskatchewan River Valley Area Redevelopment Plan."
dc2-7,7,https://zoningbylaw.edmonton.ca/dc2-7,"To provide a site specific development control district to allow for the construction of a parking lot to serve the abutting commercial site to the south (Lots 1 and 2, Block 30, Plan XLIII) in a manner that will be compatible with the surrounding low density residential neighbourhood."
dc2-70,70,https://zoningbylaw.edmonton.ca/dc2-70,To establish a site specific development control district to accommodate a rapid Drive-through vehicle service and certain neighbourhood convenience commercial uses in a way which is compatible with neighbouring residential uses.
dc2-700,700,https://zoningbylaw.edmonton.ca/dc2-700,"The purpose of this Site Specific Development Control Provision is to accommodate general industrial uses, warehouse sales and a limited range of other compatible uses including a restaurant/banquet facility."
dc2-704,704,https://zoningbylaw.edmonton.ca/dc2-704,To accommodate a low rise apartment building and a community recreation services use on an infill site designed to be compatible in scale and character with adjacent developments.
dc2-717,717,https://zoningbylaw.edmonton.ca/dc2-717,"To accommodate the development of a cemetery and associated funeral, cremation and internment facility and accessories uses, with specific site development regulations that will ensure compatibility with the surrounding land uses."
dc2-718,718,https://zoningbylaw.edmonton.ca/dc2-718,"To develop a four storey low rise apartment building that will ensure compatibility with adjacent land uses, achieve a high standard of appearance and enhance the pedestrian friendly streetscape."
dc2-719,719,https://zoningbylaw.edmonton.ca/dc2-719,"The purpose of this Site Specific Development Control Provision is to accommodate the development of a 16 storey high quality, sustainable, mixed use building consisting of a 14 storey residential tower above a 2 storey office/ commercial podium with underground parking that corresponds with the scale of development as envisioned in The Quarters Downtown as approved by Council on September 26, 2006, and provides on-site amenities and off-site improvements that recognize the unique locational characteristics of the site."
dc2-720,720,https://zoningbylaw.edmonton.ca/dc2-720,To establish a Site Specific Development Control Provision to accommodate a medium density residential apartment complex that will ensure compatibility with the surrounding residential and commercial development through the use of strict architectural controls and sympathetic urban design.
dc2-721,721,https://zoningbylaw.edmonton.ca/dc2-721,"To provide for the sympathetic conversion of an existing five storey building on the site into a six storey apartment housing with development controls to ensure compatibility, with adjacent land uses and maintaining the pedestrian-friendly streetscape of the area."
dc2-724,724,https://zoningbylaw.edmonton.ca/dc2-724,"To accommodate the development of high density residential housing with family oriented dwellings at street level and establish development regulations that will support the urban village concept of development fronting onto 104 Street, a pedestrian link to the river valley trails, the character envisioned for Heritage Trail, and also achieve compatibility with existing apartment development to the north, east and south."
dc2-725,725,https://zoningbylaw.edmonton.ca/dc2-725,To provide for the development of Apartment Housing with development controls designed to ensure that the development is integrated into existing and future commercial and residential development within Pembina neighbourhood.
dc2-726,726,https://zoningbylaw.edmonton.ca/dc2-726,"To provide a Provision for the development of Row Housing residential Dwellings with development controls designed to provide transition and integration between the existing single detached residential development to the north of the Site, and existing medium density residential and commercial development to the south of the Site."
dc2-727,727,https://zoningbylaw.edmonton.ca/dc2-727,The purpose of this provision is to provide for an area of public land for active and passive recreational uses; stormwater management; the conservation of Natural Area (SE 132) within the site; and to allow for remediation of the contaminated portions within the site.
dc2-728,728,https://zoningbylaw.edmonton.ca/dc2-728,"To establish a Site Specific Development Control Provision to accommodate an 80 meter tall, 26 storey, residential apartment building within the Downtown Area Redevelopment Plan - McKay Avenue Area, Sub Area 1, that is compatible with the surrounding residential high-rise developments and the historic McKay Avenue School Site. The tower design will be such that impacts on adjacent sites are minimized through the use of detailed design and massing controls. Public realm improvements, street-oriented residential units, with direct access at grade, public art contributions, and additional on and "
dc2-732,732,https://zoningbylaw.edmonton.ca/dc2-732,To accommodate an existing high density mixed use commercial and residential development that is designed to provide a pedestrian oriented retail environment on 82 Avenue and 112 Street and maintain the character of the adjacent Garneau community and University lands.
dc2-736,736,https://zoningbylaw.edmonton.ca/dc2-736,"The purpose of this Provision is to provide for the development of row housing with site specific development regulations to address the site’s configuration and location abutting 91 Street, a neighbourhood commercial development, and a major utility corridor."
dc2-738,738,https://zoningbylaw.edmonton.ca/dc2-738,To establish a Site Specific Control District to accommodate a range of low intensity neighbourhood convenience commercial uses through site development regulations that will ensure development is of a high standard of appearance and compatible with the surrounding low density residential uses and roadways adjacent to the site.
dc2-740,740,https://zoningbylaw.edmonton.ca/dc2-740,To accommodate a low rise apartment development that achieves a high standard of appearance while ensuring compatibility in mass and scale with surrounding residential and commercial development while ensuring a pedestrian-friendly character and streetscape.
dc2-745,745,https://zoningbylaw.edmonton.ca/dc2-745,To establish a medium rise single structure apartment house of 6 storeys with underground parking (21 parking stalls).
dc2-747,747,https://zoningbylaw.edmonton.ca/dc2-747,To establish a Site Specific Development Control Provision with enhanced design guidelines to allow for a two-storey building that can accommodate either Single Detached Housing or Professional and Office Support Service while remaining compatible with surrounding residential uses.
dc2-75,75,https://zoningbylaw.edmonton.ca/dc2-75,"To establish a Site Specific Development Control District to accommodate general business and highway commercial uses, with site development regulations that will ensure compatibility with future adjacent land uses and the alignment of existing and proposed roadways adjacent to the site."
dc2-750,750,https://zoningbylaw.edmonton.ca/dc2-750,"To accommodate the development of a 29 Storey high-rise apartment building with family oriented dwelling units on the main floor, with site specific development controls designed to reduce the mass, sun shadow and view impacts of the tower on adjacent developments and create an active and inviting pedestrian oriented streetscape compatible with surrounding residential high-rise developments at the east edge of Jasper Avenue."
dc2-751,751,https://zoningbylaw.edmonton.ca/dc2-751,"To establish a Site Specific Development Control Provision will accommodate a religious assembly building and associated uses, and provide an opportunity to allow for future industrial business uses on the remaining unused western portion of the site."
dc2-754,754,https://zoningbylaw.edmonton.ca/dc2-754,"To accommodate the redevelopment of a Regional Health Services Campus, providing an opportunity for uses related to the provision of health care, continuing care, extended care treatment, medical treatment and institutional facilities; with ancillary commercial, professional office, research, training, and personal service uses related to the delivery of health care. This Provision also provides regulations for environmental recovery for specific areas of the site."
dc2-756,756,https://zoningbylaw.edmonton.ca/dc2-756,"To redevelop a vacant site situated adjacent to a neighbourhood school and park, with a comprehensively planned, high quality low rise residential development. The development consists of stacked row housing (3 storeys) and low-rise apartments (4 storeys), underground parking, and a variety of outdoor amenity spaces for residents and their visitors. The site has been purposefully designed to be compatible with adjacent land uses by sensitively locating and transitioning a mix of building profiles, and by mitigating the impact of building scale and massing through built form."
dc2-757,757,https://zoningbylaw.edmonton.ca/dc2-757,"To accommodate the development of a low rise apartment with a Density and Floor Area Ratio greater than the RA7 Zone, and establish development regulations to ensure compatibility with the surrounding residential development."
dc2-761,761,https://zoningbylaw.edmonton.ca/dc2-761,To establish a Site Specific Development Control Provision to accommodate a medium density apartment building that includes family-oriented ground floor units and applies architectural and urban design principles to create an attractive residential development that is compatible with its surroundings.
dc2-768,768,https://zoningbylaw.edmonton.ca/dc2-768,To accommodate a high quality four storey apartment building with commercial uses on the ground floor designed to provide an active pedestrian environment fronting onto 111 Avenue.
dc2-769,769,https://zoningbylaw.edmonton.ca/dc2-769,To develop a facility primarily for seniors comprised of Assisted Living and Designated Assisted Living units as well as supportive accessory commercial uses designed as an integral component of the development and to be compatible with surrounding residential development.
dc2-771,771,https://zoningbylaw.edmonton.ca/dc2-771,"To accommodate the development of a commercial use, limited to a hair care business, within an existing single detached house in a mature neighbourhood, adjacent to 109 Street. The DC2 Provision contains development regulations to increase compatibility with surrounding residential development, and to provide the opportunity to revert the commercial use back to single detached housing in accordance with the regulations of the RF3 Zone."
dc2-773,773,https://zoningbylaw.edmonton.ca/dc2-773,To provide for the development of a medium rise office building with a limited range of complementary business support and commercial uses.
dc2-774,774,https://zoningbylaw.edmonton.ca/dc2-774,"To accommodate the development of a high density residential tower that will enhance the pedestrian character of Bellamy Hill with attractive sidewalks, planters, patios and artwork and to establish developmental regulations that will achieve compatibility with surrounding developments while at the same time establishing a high benchmark for architectural design within the Downtown Edmonton Skyline."
dc2-775,775,https://zoningbylaw.edmonton.ca/dc2-775,"To accommodate the development of a four storey, low-rise high density apartment building with design regulations to ensure compatibility and fit with adjacent land uses, and to achieve a pedestrian friendly environment consistent with the objectives of the Boyle Street/ McCauley Area Redevelopment Plan."
dc2-778,778,https://zoningbylaw.edmonton.ca/dc2-778,To accommodate a low-rise apartment building intended for affordable housing for families that provides a variety of amenity spaces and ensures both compatibility with surrounding land uses and a high quality of appearance appropriate to the site's location to existing residential zones surrounding the site.
dc2-78,78,https://zoningbylaw.edmonton.ca/dc2-78,To provide a site specific development control district to accommodate a religious assembly development and related uses that will be compatible to the surrounding residential neighbourhood.
dc2-780,780,https://zoningbylaw.edmonton.ca/dc2-780,"The purpose of this provision is to accommodate a mixed-use, high density residential apartment building, with main floor commercial and second floor professional office uses, and residential on the upper floors which incorporates high quality architecture and building sustainability principles in its design, construction and operation, and which will create a unique and distinctive built form along the Calgary Trail/Gateway Boulevard Corridor."
dc2-789,789,https://zoningbylaw.edmonton.ca/dc2-789,"To establish a Site Specific Development Control Provision to provide for a limited range of commercial uses that are intended to serve the needs of the community, and to ensure that these uses are developed in a manner that minimizes impacts on the adjacent residential uses."
dc2-791,791,https://zoningbylaw.edmonton.ca/dc2-791,"To accommodate the development of a commercial site and provide site specific development criteria to achieve a compatible relationship with the surrounding lands and result in a high quality development appropriate for the site. Development regulations shall be sensitive to adjacent residential development through urban design controls, architecture, landscaping and berming."
dc2-793,793,https://zoningbylaw.edmonton.ca/dc2-793,To accommodate a commercial development for Automotive and Minor Recreational Vehicle Sales/Rentals and related uses and to establish Site development criteria that will address the specific development issues within the Place La Rue Neighbourhood and to ensure compatibility with the surrounding commercial developments.
dc2-794,794,https://zoningbylaw.edmonton.ca/dc2-794,"To accommodate the development of a high quality four storey apartment development with smaller units, and establish development regulations to ensure compatibility with current and future surrounding development."
dc2-795,795,https://zoningbylaw.edmonton.ca/dc2-795,To allow for the development of a low-rise apartment building comprising a blend of market and non-market/affordable housing and child care services.
dc2-796,796,https://zoningbylaw.edmonton.ca/dc2-796,"To accommodate an 11-storey, mixed-use development consisting of commercial uses within the 2-storey podium and two 9-storey residential towers linked by a private rooftop terrace."
dc2-798,798,https://zoningbylaw.edmonton.ca/dc2-798,"To establish a Site Specific Development Control District to accommodate a nursing home with a limited range of accessory administrative, recreational and rehabilitative service areas."
dc2-799,799,https://zoningbylaw.edmonton.ca/dc2-799,"To establish a Site Specific Development Control Provision to accommodate an Apartment Housing building contiguous with, and as a complementary use to the Extended Medical Treatment Services developed in the property immediately to the north."
dc2-800,800,https://zoningbylaw.edmonton.ca/dc2-800,"The primary purpose of this Zone is to provide for high quality, light industrial developments that operate in such a manner that no nuisance factor is created or apparent outside an enclosed building. Limited outdoor activities (loading, service, storage, etc.) that are accessory to a principal use may occur providing the scale of such activities does not unduly conflict with the primary purpose of this Provision or dominate the use of the site."
dc2-801,801,https://zoningbylaw.edmonton.ca/dc2-801,To accommodate a row housing development with grade accessible family oriented dwellings.
dc2-806,806,https://zoningbylaw.edmonton.ca/dc2-806,"To convert an existing two-storey residential dwelling with a limited range of business, office and personal service uses, and to add a new structure to contain a photo studio, with site development regulations that will ensure compatibility with existing and future adjacent land uses."
dc2-808,808,https://zoningbylaw.edmonton.ca/dc2-808,"To establish a Site Specific Development Control District for convenience commercial, office, personal services, and specialty food services uses, such that by developing sensitive site specific development criteria, impacts on adjacent residential properties are minimized."
dc2-810,810,https://zoningbylaw.edmonton.ca/dc2-810,"To accommodate a limited amount of ground floor, low intensity commercial development in a high rise residential building."
dc2-813,813,https://zoningbylaw.edmonton.ca/dc2-813,"To redevelop the site with a comprehensively planned, low-rise residential four storey development that will achieve a high standard of appearance appropriate to the site location."
dc2-814,814,https://zoningbylaw.edmonton.ca/dc2-814,"The purpose of this Zone is to provide for medium density housing, where some units may not be at grade."
dc2-816,816,https://zoningbylaw.edmonton.ca/dc2-816,"To facilitate disposal of surplus City of Edmonton property, consisting of the land and building of the former Londonderry Police Station. Redevelopment will be to medium density residential use similar and compatible to development to the north and east."
dc2-817,817,https://zoningbylaw.edmonton.ca/dc2-817,To provide for development of multi-unit housing to a maximum density of 61 units per hectare.
dc2-820,820,https://zoningbylaw.edmonton.ca/dc2-820,"To accommodate the comprehensive redevelopment of a Site, encompassing a brownfield area and an underutilized area, into a mixed-use high density urban village. This development will achieve a high standard of appearance by placing high-rise towers set back on podiums to enhance river views, articulating architecture to create active building frontages, and optimizing landscaping to create safe and inviting pedestrian connections, all in close proximity to the Stadium LRT Station."
dc2-821,821,https://zoningbylaw.edmonton.ca/dc2-821,"To accommodate the development of a commercial office within the existing single-detached dwelling on site and the opportunity to expand the existing single-detached dwelling on site that is compatible with, and maintains, the existing residential character of the surrounding neighbourhood."
dc2-823,823,https://zoningbylaw.edmonton.ca/dc2-823,To establish a provision that will allow for the continuation and upgrading of general industrial uses while allowing for conversion and redevelopment of obsolete industrial uses to commercial office and general business uses.
dc2-824,824,https://zoningbylaw.edmonton.ca/dc2-824,To accommodate the development of a high density residential tower that will enhance the pedestrian character of Bellamy Hill with an attractive streetscape and to establish regulations that will provide for a unique architectural design with site specific design controls to reduce the mass and sun shadow of the tower on adjacent developments.
dc2-825,825,https://zoningbylaw.edmonton.ca/dc2-825,"To accommodate a 36 storey mixed use, high rise, high density development with commercial uses on the main and second floor of a three storey podium that provides for an active and inviting pedestrian oriented streetscape fronting onto Jasper Avenue and a publicly accessible garden linking Jasper Avenue and the Victoria Trail Promenade, with site specific design controls to reduce the mass, sun shadow and view impacts of the tower on adjacent developments."
dc2-827,827,https://zoningbylaw.edmonton.ca/dc2-827,To provide for medium density housing to a maximum of 30 dwellings per hectare.
dc2-828,828,https://zoningbylaw.edmonton.ca/dc2-828,To provide for development of medium density housing to a maximum of 30 dwellings per hectare.
dc2-829,829,https://zoningbylaw.edmonton.ca/dc2-829,"The purpose is to provide for industrial businesses that carry out their operations such that no nuisance is created or apparent outside an enclosed building while ensuring compatibility with adjacent zone, environmental remediation is undertaken, and to accommodate limited compatible non-industrial businesses."
dc2-831,831,https://zoningbylaw.edmonton.ca/dc2-831,To accommodate a commercial development for Automotive and Minor Recreational Vehicle Sales/Rentals and related uses and to establish Site development criteria that will address the specific development issues within the Morin Industrial Neighbourhood and to ensure compatibility with the surrounding commercial developments.
dc2-836,836,https://zoningbylaw.edmonton.ca/dc2-836,"To establish a Site Specific Development Control Provision to accommodate a limited range of convenience commercial and personal service Uses which are intended to serve the day-to-day needs of neighbourhood residents, with Site development regulations requiring the achievement of a residential character so that the development will be compatible with the surrounding residential land Uses."
dc2-837,837,https://zoningbylaw.edmonton.ca/dc2-837,To accommodate a cultural centre with a limited mix of uses that ensure development is compatible with surrounding development.
dc2-839,839,https://zoningbylaw.edmonton.ca/dc2-839,"To accommodate a 36 storey mixed use, high rise, high density development with commercial uses on the podium levels, a quasi-public plaza in the northwest corner, and a quasi-public park on the southwest portion of the site that provides for an active and inviting pedestrian oriented streetscape fronting onto 99 Avenue and 106 Street, with site specific design controls to reduce the mass, sun shadow, and view impacts of the tower on adjacent developments."
dc2-842,842,https://zoningbylaw.edmonton.ca/dc2-842,"To establish a Site Specific Development Control Provision to accommodate two residential Dwellings in a single building compatible in scale with surrounding development, as well as Non-accessory Parking."
dc2-844,844,https://zoningbylaw.edmonton.ca/dc2-844,"To establish a Site Specific Development Control Provision to allow for the continued use of an existing building for commercial uses and to bring this existing building into compliance with the Zoning Bylaw. Development regulations will allow for future upgrades, expansions or redevelopment of this building while ensuring compatibility with adjacent residential land uses."
dc2-845,845,https://zoningbylaw.edmonton.ca/dc2-845,"To establish a community-oriented commercial business district that ensures the building and site design are compatible with adjacent residential development. 2. Application This Provision shall apply Lot 1, Block 1, Plan 9924817, located at the northeast corner of 82 Street and 112 Avenue, as shown on Schedule ""A"" appended to the Bylaw adopting this DC2 Provision, Cromdale."
dc2-847,847,https://zoningbylaw.edmonton.ca/dc2-847,To establish a Site Specific Development Control Provision to accommodate a Stacked Row Housing building with Site specific development regulations to ensure that development will be compatible with the surrounding low density residential development.
dc2-85,85,https://zoningbylaw.edmonton.ca/dc2-85,"To provide a Site Specific Development Control District to accommodate neighbourhood convenience commercial and personal service uses which are intended to serve the day to day needs of the residents of Woodvale and to establish sensitive site development regulations that will ensure compatibility with surrounding residential land uses, particularly by providing a residential appearance along 40 Avenue, and providing adequate separation on the west property line."
dc2-850,850,https://zoningbylaw.edmonton.ca/dc2-850,"To establish a Site Specific Development Control Provision to accommodate a low rise residential facility that includes Apartment Housing, and a limited range of accessory uses, with specific development regulations to achieve a high quality medium density residential development."
dc2-851,851,https://zoningbylaw.edmonton.ca/dc2-851,"To accommodate a residential facility in a converted Single Detached House for patients being treated in Edmonton’s medical facilities, and/or their families. The Development Regulations will ensure that development will be compatible with the surrounding low density residential development."
dc2-852,852,https://zoningbylaw.edmonton.ca/dc2-852,To establish a Site Specific Development Control Provision to accommodate an existing building while retaining residential and mixed-use development potential with Site development regulations to ensure that development will be compatible with the surrounding residential neighbourhood.
dc2-855,855,https://zoningbylaw.edmonton.ca/dc2-855,"To provide a Site Specific Development Control Zone to accommodate a low rise building which will function as a Group Home, with development criteria that will ensure that development would be compatible in scale and character with the surrounding low density residential development."
dc2-859,859,https://zoningbylaw.edmonton.ca/dc2-859,To accommodate the development of a mixed-use building that will contain Residential Uses above a limited range of low intensity Commercial Uses on the first Storey.
dc2-862,862,https://zoningbylaw.edmonton.ca/dc2-862,To establish a Site Specific Development Control Provision to accommodate a range of commercial and business uses that will ensure compatibility with nearby heavy industrial land uses.
dc2-863,863,https://zoningbylaw.edmonton.ca/dc2-863,To allow for the development of a 4-storey mixed use residential apartment building with commercial uses on the ground floor.
dc2-865,865,https://zoningbylaw.edmonton.ca/dc2-865,To establish a Site Specific Development Control Provision to encourage the retention of the existing residential structure by providing opportunity for the conversion of this structure to small scale health services and professional office uses. New development and conversions will be of a scale and design that is complementary to the existing low density residential dwellings in the area.
dc2-867,867,https://zoningbylaw.edmonton.ca/dc2-867,"To accommodate the development of three mixed retail/office buildings that provide a greater range of commercial uses while maintaining the day-to-day needs of the community, planned in a comprehensive manner that is compatible with adjacent developments."
dc2-869,869,https://zoningbylaw.edmonton.ca/dc2-869,To establish a Site Specific Development Control Provision to accommodate a mixed use development consisting of residential and commercial uses that builds upon and enhances the existing DC2 (H) Water’s Edge Development Agreement.
dc2-87,87,https://zoningbylaw.edmonton.ca/dc2-87,"To establish a Site Specific Development Control District to accommodate an office/commercial building and to allow for a limited range of basic services and community educational, recreational and cultural service, with site development regulations which will ensure that development proceeds in a manner consistent with the policies of the Downtown Area Redevelopment Plan. The development of exclusively commercial uses at the density allowed in this district is predicated on a simultaneous redistricting to residential uses on Lots 51, 52, 53 and a portion of Lot 54, Block 6, Plan B."
dc2-873,873,https://zoningbylaw.edmonton.ca/dc2-873,To establish a Site Specific Development Control Provision to accommodate a low rise residential development that is compatible in Uses and scale with the surrounding area.
dc2-875,875,https://zoningbylaw.edmonton.ca/dc2-875,To establish a Site Specific Development Control Provision to accommodate a mixed use commercial and residential development that is sensitive and in scale to the surrounding neighbourhood and contributes to a pedestrian commercial shopping street.
dc2-877,877,https://zoningbylaw.edmonton.ca/dc2-877,To accommodate Apartment Housing with Family Oriented Dwellings provided on the ground floor.
dc2-879,879,https://zoningbylaw.edmonton.ca/dc2-879,To establish a Site Specific Development Control Provision for highway commercial uses along 100 Avenue such that they do not adversely affect the La Perle residential area to the south.
dc2-88,88,https://zoningbylaw.edmonton.ca/dc2-88,To establish a Site Specific Development Control District to accommodate the existing hotel and parking structure and to allow for a mix of residential and residential related uses having development regulations which will enable future redevelopment to occur generally in accordance with the Downtown Area Redevelopment Plan.
dc2-880,880,https://zoningbylaw.edmonton.ca/dc2-880,To allow the continued use of existing residential buildings and land such that the future development of these lands in accordance with the Griesbach Neighbourhood Area Structure Plan is not prejudiced. Existing Griesbach housing can be relocated to this area and any housing can be upgraded.
dc2-888,888,https://zoningbylaw.edmonton.ca/dc2-888,"To establish a Direct Control Provision to accommodate development of semi-detached Housing with attached garages with controls and regulations allowing for the implementation of required building setbacks and buffering from the adjacent rail line, in compliance with the Ebbers Neighbourhood Area Structure Plan."
dc2-891,891,https://zoningbylaw.edmonton.ca/dc2-891,The purpose of this Site Specific Development Control Provision is to accommodate the development of two (2) low rise apartment buildings a maximum of 4 storeys in height that are compatible with the surrounding neighborhood.
dc2-893,893,https://zoningbylaw.edmonton.ca/dc2-893,"To establish a Site Specific Development Control Provision to accommodate a phased shopping centre development anchored by a grocery store, that is sensitive in scale and contributes positively to the surrounding neighbourhood."
dc2-896,896,https://zoningbylaw.edmonton.ca/dc2-896,"To establish a Site Specific Development Control Provision to accommodate a range of vehicle orientated and general Commercial Uses, with Site specific development regulations intended to ensure that this former medium/heavy industrial Site is remediated to the extent necessary to accommodate the development of the above Uses, that the Uses on the Site are compatible to the roadways adjacent to the Site, and that development is of a high standard of appearance appropriate to the Site which is bounded by several major roadways."
dc2-898,898,https://zoningbylaw.edmonton.ca/dc2-898,"To provide for industrial businesses that carry out their operations such that no nuisance is created or apparent outside an enclosed building, and to accommodate limited non-industrial businesses that are compatible with the surrounding industrial area."
dc2-899,899,https://zoningbylaw.edmonton.ca/dc2-899,The purpose of this site specific development control provision for South Edmonton Common and the Edmonton Research and Development Park area is to provide commercial shopping centre development intended to serve a community or regional trade area.
dc2-903,903,https://zoningbylaw.edmonton.ca/dc2-903,"To accommodate a Stacked Row Housing building with site specific development regulations, a site for religious assembly, and other community supportive services."
dc2-907,907,https://zoningbylaw.edmonton.ca/dc2-907,"To establish a Site Specific Development Control Provision to accommodate a range of residential housing forms and densities with the potential for mixed-use residential and commercial uses that provide opportunity for residents to live, work, shop and play. The site is designed and will be developed based on principles of sustainability and will include public pedestrian connections to the top-of-bank, located along the Whitemud Creek Ravine."
dc2-908,908,https://zoningbylaw.edmonton.ca/dc2-908,The purpose of this Zone is to allow for a mix of services and retail uses generally intended to serve the local area. Development shall be sensitive in scale with the existing development along the commercial street and the adjacent residential neighbourhood while addressing the setback regulations for the Utility Right of Way.
dc2-909,909,https://zoningbylaw.edmonton.ca/dc2-909,"To allow for light industrial development and limited retail uses, all of which carry out their operations such that no nuisance factor is created or apparent outside an enclosed building and such that the site is compatible with any adjacent Non-industrial Zone."
dc2-911,911,https://zoningbylaw.edmonton.ca/dc2-911,"To allow for the opportunity to operate an Indoor Participant Recreation Use limited to rifle and pistol ranges with associated accessory uses, in an existing industrial building."
dc2-918,918,https://zoningbylaw.edmonton.ca/dc2-918,"To continue the development of three hotels in accordance with the Place La Rue West – Neighbourhood Area Structure Plan and the Major Commercial Corridor Overlay in order to achieve a high-quality development that is appropriate for the site’s location adjacent to a major “gateway” corridor of the City, and that will not adversely affect neighbouring residential uses and transportation facilities."
dc2-921,921,https://zoningbylaw.edmonton.ca/dc2-921,To provide for medium density housing in a manner that is compatible with adjacent single family residential units.
dc2-922,922,https://zoningbylaw.edmonton.ca/dc2-922,"To establish a Site Specific Development Control Provision to accommodate a low rise residential development that is compatible in Uses, scale and character with the surrounding neighbourhood."
dc2-926,926,https://zoningbylaw.edmonton.ca/dc2-926,To accommodate a residential facility in a newly constructed residential structure for patients being treated in medical facilities and their families. The development regulations are designed to ensure development that is compatible with surrounding low density residential development in the neighbourhood.
dc2-928,928,https://zoningbylaw.edmonton.ca/dc2-928,"To facilitate the development of a mixed-use, high-rise building that accommodates residential, neighbourhood-oriented retail, and commercial office space, and supports the development of a pedestrian shopping street."
dc2-929,929,https://zoningbylaw.edmonton.ca/dc2-929,This Provision is designed to accommodate a comprehensively planned residential development with a single underground Parking Garage that is compatible with adjacent residential uses and establish a natural area within the North Saskatchewan River Valley Area Redevelopment Plan.
dc2-93,93,https://zoningbylaw.edmonton.ca/dc2-93,"To establish a Site Specific Development Control District to accommodate limited retail office/business uses, with site development regulations that will ensure compatibility with future adjacent land uses and the alignment of exiting and proposed roadways adjacent to the site."
dc2-930,930,https://zoningbylaw.edmonton.ca/dc2-930,To establish a Site Specific Development Control Provision to accommodate a high density apartment building that ensures compatibility with surrounding land uses and quality urban design while accommodating the unusual triangular shape of the property.
dc2-931,931,https://zoningbylaw.edmonton.ca/dc2-931,To accommodate the development of a high density residential building that supports a mix of dwelling types. Regulations will ensure at grade dwellings fronting onto 121 Street NW and the south lane will provide transition to adjacent sites while enhancing and maintaining the pedestrian scale of 121 Street NW.
dc2-934,934,https://zoningbylaw.edmonton.ca/dc2-934,"To establish a Site Specific Development Control Provision to accommodate a low rise residential development, including Live-Work Units, with underground parking."
dc2-938,938,https://zoningbylaw.edmonton.ca/dc2-938,"To continue the Automotive and Minor Recreation Vehicle Sales/Rentals Use with Automotive and Equipment Repair Shops with additional uses classes including Digital Signs, in order to achieve a high-quality development that is appropriate for the site’s location adjacent to a major “gateway” corridor of the city, in accordance with the Place LaRue West Neighbourhood Area Structure Plan and the Major Commercial Corridor Overlay."
dc2-939,939,https://zoningbylaw.edmonton.ca/dc2-939,To establish a Site Specific Development Control Provision to accommodate up to four residential units in one building as sensitive infill.
dc2-941,941,https://zoningbylaw.edmonton.ca/dc2-941,"To establish a Direct Control Provision to accommodate development of semi-detached and row housing with attached garages with controls and regulations allowing for the implementation of required building setbacks and buffering from the adjacent rail line, in compliance with the Ebbers Neighbourhood Area Structure Plan."
dc2-943,943,https://zoningbylaw.edmonton.ca/dc2-943,"To accommodate industrial businesses that carry out their operations such that no nuisance is created or apparent outside an enclosed building and such that the Zone is compatible with any adjacent non-industrial Zone, and to accommodate limited, compatible non-industrial businesses."
dc2-947,947,https://zoningbylaw.edmonton.ca/dc2-947,To allow a medium density residential development in the form of Row Housing that is compatible with the adjacent low and medium density housing.
dc2-948,948,https://zoningbylaw.edmonton.ca/dc2-948,"To accommodate a mixed use, high rise development that provides an engaging streetscape fronting onto Jasper Avenue, a contextually sensitive interface with the North Saskatchewan River Valley, high quality landscaped terraces with complementary commercial uses, connectivity throughout the site and to the adjacent community, site specific design controls to provide optimal views to and from the River Valley, and high quality architecture to support and enhance the adjacent Quarters neighbourhood."
dc2-95,95,https://zoningbylaw.edmonton.ca/dc2-95,To establish a Site Specific Development Control District to accommodate a low intensity office building designed principally for health related services with ancillary commercial uses and to establish sensitive site development regulations that will ensure compatibility with surrounding residential land uses.
dc2-950,950,https://zoningbylaw.edmonton.ca/dc2-950,"To allow for limited low intensity commercial and low impact industrial business, that is sensitive and in scale with existing development along Fort Road NW and the surrounding residential development, while accommodating the unique shape and size of the property."
dc2-951,951,https://zoningbylaw.edmonton.ca/dc2-951,To establish a district for commercial development that will be in character with the existing surrounding development.
dc2-952,952,https://zoningbylaw.edmonton.ca/dc2-952,To accommodate a commercial node and residential and commercial uses in a pedestrian-friendly environment that supports higher intensity Transit Oriented Development.
dc2-957,957,https://zoningbylaw.edmonton.ca/dc2-957,"To allow for an existing Religious Assembly Use to continue on this site until December 31, 2023 at which time the Religious Assembly Use must be discontinued; and to allow manufacturing, processing, assembly, distribution, service and repair Uses that carry out a portion of their operation outdoors or require outdoor storage areas. Any nuisance associated with such Uses should not generally extend beyond the boundaries of the Site."
dc2-958,958,https://zoningbylaw.edmonton.ca/dc2-958,"To accommodate a Publicly Accessible Private Park and a high rise residential Tower that allows for the opportunity to provide Supportive Community Living uses, with site specific design controls to reduce the mass, sun shadow and view impacts to ensure compatibility with the neighbouring properties and a pedestrian friendly environment along 102 Avenue and Clifton Place."
dc2-960,960,https://zoningbylaw.edmonton.ca/dc2-960,"To accommodate a low rise development with a focus on shared communal space, that promotes a pedestrian-oriented streetscape and ensures compatibility with adjacent development through detailed regulation."
dc2-961,961,https://zoningbylaw.edmonton.ca/dc2-961,"To create the opportunity to develop a Health Services or Professional, Financial and Office Support Services within the existing single-detached Dwelling on Site and the opportunity to continue the existing single-detached Dwelling on Site in a manner that is compatible with, and maintains, the existing residential character of the surrounding neighbourhood."
dc2-967,967,https://zoningbylaw.edmonton.ca/dc2-967,"To accommodate the development of a mid rise residential building with at Grade Dwellings and limited commercial uses, as a built form that enhances and maintains the pedestrian scale of 72 Street NW."
dc2-968,968,https://zoningbylaw.edmonton.ca/dc2-968,To allow for a range of general industrial and automotive and minor recreation vehicle sales/rentals with additional landscaping regulations.
dc2-970,970,https://zoningbylaw.edmonton.ca/dc2-970,"To accommodate low and mid rise residential development with limited supporting Uses, while ensuring compatibility with adjacent existing development in Laurier Heights."
dc2-971,971,https://zoningbylaw.edmonton.ca/dc2-971,"The purpose of this (DC2) Site Specific Development Control Provision is to provide for a limited range of low intensity commercial, office and service uses and the opportunity for Lodging Houses on the second floor. Development shall be sensitive and in scale with existing development along the pedestrian commercial shopping street."
dc2-974,974,https://zoningbylaw.edmonton.ca/dc2-974,To establish a Site Specific Development Control Provision to provide for Zero Lot Line Single Detached Housing with rear lane access on smaller lots.
dc2-975,975,https://zoningbylaw.edmonton.ca/dc2-975,"The purpose of this Zone is to provide for Single Detached Housing and small scale office and commercial development, while allowing other forms of small scale housing in the form of Secondary Suites, and Garden Suites, as well as Semi-detached Housing and Duplex Housing under certain conditions."
dc2-976,976,https://zoningbylaw.edmonton.ca/dc2-976,"To accommodate a 22 Storey, mixed-use development including Private Education Services within a podium and a tower form which is pedestrian friendly, transit supportive and contributes to a liveable urban environment."
dc2-978,978,https://zoningbylaw.edmonton.ca/dc2-978,"The purpose of this Zone is to provide for low to medium density housing and the adaptive reuse of an existing Single Detached House, with the opportunity for small-scale office and professional services."
dc2-979,979,https://zoningbylaw.edmonton.ca/dc2-979,"To establish a Site Specific Development Control provision for office and commercial development and to establish site development criteria designed to achieve a high quality development appropriate for the site's location within a major ""gateway"" corridor into the City."
dc2-98,98,https://zoningbylaw.edmonton.ca/dc2-98,"To establish a Site Specific Development Control District to accommodate a Visitor Information Services Centre, and an interpretive centre which will provide information services to visitors and will serve as a gateway to Edmonton, together with accessory commercial services and facilities for visitors, generally consistent with the approved Gateway Park Master Plan; and to develop sensitive site development regulations to ensure an attractive entrance route into the City."
dc2-980,980,https://zoningbylaw.edmonton.ca/dc2-980,"The purpose of this Zone is to provide for a shopping centre development including office, entertainment, cultural uses and education services intended to serve the community and regional trade area."
dc2-983,983,https://zoningbylaw.edmonton.ca/dc2-983,To establish a Direct Development Control Provision to accommodate a high density residential development and hotel which provides pedestrian connectivity to the Transit Centre and appropriate land use transitions to adjacent development.
dc2-984,984,https://zoningbylaw.edmonton.ca/dc2-984,To provide Row Housing with primary vehicle access from a Lane and opportunities for accessory suites.
dc2-985,985,https://zoningbylaw.edmonton.ca/dc2-985,"To provide for high quality, light industrial developments and a limited range of commercial opportunities supportive of industrial development that operate in such a manner that no nuisance factor is created or apparent outside an enclosed building and to establish a setback from the pipeline corridor."
dc2-987,987,https://zoningbylaw.edmonton.ca/dc2-987,"This Provision is designed to accommodate a high density residential Tower with street level Commercial, Basic Service and Community, Educational, Recreational and Cultural Service Use Classes fronting onto 107 Street NW and 99 Avenue NW."
dc2-988,988,https://zoningbylaw.edmonton.ca/dc2-988,"To accommodate a low rise, high density residential development, that is compatible with adjacent land uses and supports a pedestrian friendly streetscape."
dc2-989,989,https://zoningbylaw.edmonton.ca/dc2-989,To accommodate the development of a highway commercial and automotive and recreational sales/rentals and related uses with site-specific development controls designed to ensure that development is compatible with the scale and use of neighboring development to minimize land use conflicts and provide a high quality of development appropriate for the site’s location within an established commercial land use area.
dc2-990,990,https://zoningbylaw.edmonton.ca/dc2-990,"The purpose of this zone is to provide for a range of commercial and business uses on a site that maintains high visibility along 97 Street and Yellowhead Trail, and to establish site-specific development regulations to ensure that the Site is remediated to the extent necessary to accommodate the intended Uses."
dc2-991,991,https://zoningbylaw.edmonton.ca/dc2-991,"To allow for 2 (two) six storey apartment buildings fronting 60 Avenue, in scale with surrounding development."
dc2-995,995,https://zoningbylaw.edmonton.ca/dc2-995,To establish a Site Specific Development Control Provision to accommodate the development of a small scale neighbourhood commercial building. Development regulations ensure that the development will be compatible with the surrounding residential and commercial development.
dc2-998,998,https://zoningbylaw.edmonton.ca/dc2-998,"To accommodate a mixed-use building in a low-rise built form with commercial uses on the ground floor and residential apartment housing above, developed in a manner that is compatible and sympathetic to the surrounding residential uses in the Britannia Youngstown neighbourhood."
dc2-999,999,https://zoningbylaw.edmonton.ca/dc2-999,"To accommodate a high quality mixed-use building in a low-rise built form with commercial uses on the ground floor and residential apartment housing above, developed in a manner that is compatible and sympathetic to the surrounding residential uses."
dc2-b-coast-terrace-plaza,B,https://zoningbylaw.edmonton.ca/dc2-b-coast-terrace-plaza,
dc2-highland-court-agreement-c86,A,https://zoningbylaw.edmonton.ca/dc2-highland-court-agreement-c86,"of securing financing for the construction of the Project or refinancing of the lands and Project following the completion thereof. In respect of the interest protected by the Caveat aforesaid, the City agrees that it shall from time to time forthwith after written demand therefore endorse the plans or instruments of subdivision and such other assurances which may be required or necessary and acceptable to the planning authorities as shall have jurisdiction with respect to such subdivision. 1. The Company shall construct the Project upon the said lands generally in accorda"
dc2-i-plaza-124-agreements,I,https://zoningbylaw.edmonton.ca/dc2-i-plaza-124-agreements,
dc2-j-united-management-office-building-agreement-c90,J,https://zoningbylaw.edmonton.ca/dc2-j-united-management-office-building-agreement-c90,"of complying with any existing statutes, bylaws, regulations or City policies, which would be violated by strict interpretation of the plans attached hereto as Schedule ""A""; PROVIDED HOWEVER, the General Manager of the Planning Department of the City, acting reasonably, shall be the sole judge as to what constitutes a minor revision. 1.4 The Developer shall obtain a Development Permit for the construction of the development upon the said Development Site in accordance with the plans attached hereto as Schedule ""A"" within one (1) year of the date of the third reading of Bylaw 6002"
dc2-k-st-andrews-seniors-centre-agreement-m37,K,https://zoningbylaw.edmonton.ca/dc2-k-st-andrews-seniors-centre-agreement-m37,
dc2-l-huntington-hill-agreement-m60a,L,https://zoningbylaw.edmonton.ca/dc2-l-huntington-hill-agreement-m60a,"of financing any construction of development on or within the Development Site. The City further agrees to discharge such caveat upon demand, against the lands on/or within the Development Site or such portion thereof, then all conditions contained herein are being satisfied as relating to the lands within the Development Site or such portion thereof. IN WITNESS WHEREOF the parties hereto have hereunto properly executed this Agreement at the City of Edmonton, in the Province of Alberta, the day and year first above written. Schedules Schedule A - Map Schedule B - Site Plans Other docume"
dc2-m-maclachlan-mitchell-homes,M,https://zoningbylaw.edmonton.ca/dc2-m-maclachlan-mitchell-homes,"of completing the construction and installation of the landscaping as set out in the said plans. 3. The Company, at its sole cost and expense, shall provide all easements and other rights of way as may be required by the City, acting reasonably, for the installation, operation and maintenance of any and all utility services provided to the development site, and shall execute such formal documentation as may be required by the City Solicitor with respect thereto. All costs, including survey costs, legal costs and Land Titles registration fees in respect thereof shall be paid b"
dc2-n-ermineskin-place-agreement,N,https://zoningbylaw.edmonton.ca/dc2-n-ermineskin-place-agreement,"of this Article 1.2, the General Manager of the Planning Department shall be the sole judge as to what constitutes a minor revision. 1.3 The Developer shall apply for and obtain a Development Permit for the entire development to be constructed upon the Development site within one year of the date of third reading of Bylaw 5812 and, for the sake of greater certainty, the Developer acknowledges and agrees that only one Development Permit will be issued for the development; provided that nothing herein set forth shall obligate the Developer to ensure that only one building permit is"
dc2-q-chalet-investments-ltd-agreement-c167,Q,https://zoningbylaw.edmonton.ca/dc2-q-chalet-investments-ltd-agreement-c167,"of complying with any existing statutes, bylaws, regulations or City policies, which would be violated by strict interpretation of the said Plans; (ii) minor revisions which may be required by the Building Inspection Branch of the City Bylaw Enforcement Department, to ensure conformity to the Alberta Uniform Building Standards Act, R.S.A. 1980, c.U-4, as amended, and regulations made thereunder; and (iii) minor revisions requested by the Company and approved by the City's Development Officer. (c) For the purposes of Article 2.1(b), the Deve"
dc2-r-carreo-condo-agreement,R,https://zoningbylaw.edmonton.ca/dc2-r-carreo-condo-agreement,"of completing all or any portion of the Landscaping or restoring or repairing or remedying any defects in the installation thereof. (d) For the purposes of this Section 2.04, the estimated cost of Landscaping shall mean all costs associated with the Landscaping based upon an estimate prepared by an independent professional agency, skilled and experienced in the provision of landscaping services, which estimate shall be supplied to the City upon the approval of the Landscape Plan by the Development Officer. 2.05 The Company shall pay any and all costs of roadway"
dc2-s-groveridge-imperial-properties-agreement-c124,S,https://zoningbylaw.edmonton.ca/dc2-s-groveridge-imperial-properties-agreement-c124,"of complying with any existing statutes, bylaws, regulations or City policies, which would be violated by strict interpretation of the said Plans; (b) minor revisions which may be required by the Building Inspection Branch of the City Bylaw Enforcement Department, to ensure conformity to the Alberta Uniform Building Standards Act, 1973, S.A. 1973, C. 85, as amended, and regulations made thereto; and (c) minor revisions requested by the Company and approved by the Development Officer. (ii) For the purposes of this Article 1.2 the Devel"
dc2-t-victoria-trail-condominiums-agreement,T,https://zoningbylaw.edmonton.ca/dc2-t-victoria-trail-condominiums-agreement,"of complying with any existing statutes, bylaws, regulations or City policies, which would be violated by strict interpretation of the said Plans; (b) minor revisions which may be required by the Building Inspection Branch of the City Bylaw Enforcement Department, to ensure conformity to the Alberta Uniform Building Standards Act, S.A. 1973, c. 85, as amended, and regulations made thereto; and (c) minor revisions requested by the Company and approved by the Development Officer. (ii) For the purposes of this Article 1.2, the Developmen"
dc2-u-groveridge-imperial-properties-agreement-c125,U,https://zoningbylaw.edmonton.ca/dc2-u-groveridge-imperial-properties-agreement-c125,"of complying with any existing statutes, bylaws, regulations or City policies, which would be violated by strict interpretation of the said Plans; (b) minor revisions which may be required by the Building Inspection Branch of the City Bylaw Enforcement Department, to ensure conformity to the Alberta Uniform Building Standards Act, 1973, S.A. 1973, c. 85, as amended, and regulations made thereto; and (c) minor revisions requested by the Company and approved by the Development Officer. (ii) For the purposes of this Article 1.2, the Deve"
dc2-w-beaumaris-road-agreement-c99,W,https://zoningbylaw.edmonton.ca/dc2-w-beaumaris-road-agreement-c99,"of financing any construction or development on or within the said lands. Article 2 2.1 Upon passage of the amending bylaw and rezoning of the said lands from AGU to DC2, the Company or its successors in title ,shall commence and carry through to completion the construction of the proposed development (hereinafter referred to as ""the Project"") upon the said lands, such development to be substantially in accordance with the plans and specifications submitted to the City and attached hereto as Schedule ""C"" (hereinafter referred to as ""the said Plans""); and the Company acknowledges"
home,O,https://zoningbylaw.edmonton.ca/home,
368-dcind-direct-controlindustrial-district,nan,https://zoningbylaw.edmonton.ca/part-3-special-area-zones/edmonton-south-special-area/368-dcind-direct-controlindustrial-district,"To provide Council with a direct control over the use and design of Development in those areas identified within the Zone. At Council’s discretion, an Area Structure Plan or an Area Redevelopment Plan may be required as a prerequisite to Development in this Zone. 2. Permitted &amp; Discretionary Uses 2.1. The Permitted and Discretionary Uses shall be those Uses specified in the Area Structure Plan or Area Redevelopment Plan or such other Uses including but not limited to Gambling Establishments that Council may, by resolution, make from time to time."
