{
"type": "FeatureCollection",
"name": "levy_catchments",
"crs": { "type": "name", "properties": { "name": "urn:ogc:def:crs:OGC:1.3:CRS84" } },
"features": [
{ "type": "Feature", "properties": { "catchment": "Wedgewood", "merged": false, "components": "Wedgewood", "facility_cost": 26143915, "assessable_ha_brief": 622, "union_ha": 616.4, "area_ratio": 0.99, "rate_per_ha": 42032, "n_hoods": 3, "member_hoods": "WEDGEWOOD HEIGHTS, ANTHONY HENDAY SOUTH WEST, CAMERON HEIGHTS", "qa_flag": "ok", "approximation": "union of neighbourhoods; boundaries advisory (Bylaw 19340 Schedule A)" }, "geometry": { "type": "MultiPolygon", "coordinates": [ [ [ [ -113.622366225481187, 53.469035847763962 ], [ -113.622273540181496, 53.468949225577617 ], [ -113.622088319075573, 53.46886948430253 ], [ -113.622029538028954, 53.468763188082612 ], [ -113.62187486149223, 53.468628878962015 ], [ -113.625272458450141, 53.468627785376924 ], [ -113.62520541701565, 53.468681665929232 ], [ -113.625067657083832, 53.468814592576763 ], [ -113.624829991076936, 53.469006703171999 ], [ -113.624425944132184, 53.469132560933438 ], [ -113.624235900522848, 53.469142504172211 ], [ -113.62413927499837, 53.46919594962467 ], [ -113.623908733696382, 53.469147331193575 ], [ -113.623743340316608, 53.469154053334854 ], [ -113.623510591927428, 53.469246683836083 ], [ -113.623284648435657, 53.469294732040574 ], [ -113.622986922739827, 53.469224824073109 ], [ -113.62265990564461, 53.469200284341561 ], [ -113.62260462985877, 53.46913002377039 ], [ -113.622366225481187, 53.469035847763962 ] ] ], [ [ [ -113.628236242109722, 53.479173048750006 ], [ -113.628351571668247, 53.479134783553107 ], [ -113.628383090576449, 53.479001400807498 ], [ -113.628124711440876, 53.478866241120436 ], [ -113.627919674054397, 53.47875898422793 ], [ -113.627902910103927, 53.478732258707403 ], [ -113.627797655934231, 53.478564470296149 ], [ -113.627705975211285, 53.47841831578112 ], [ -113.627887920331304, 53.478338680012065 ], [ -113.627890806141949, 53.478327700839699 ], [ -113.627929769465339, 53.478179596142027 ], [ -113.627807292528203, 53.478152335668696 ], [ -113.627757044052757, 53.478141150576334 ], [ -113.627591967009167, 53.478022837997962 ], [ -113.627399935644448, 53.477885205588592 ], [ -113.62739386859343, 53.477880856289325 ], [ -113.627013501246623, 53.47781519299906 ], [ -113.626839862092993, 53.477687836032153 ], [ -113.626959783435382, 53.477640265265599 ], [ -113.626969257686198, 53.477624522498125 ], [ -113.62711602244039, 53.477380609877365 ], [ -113.627107109501623, 53.477372201664366 ], [ -113.626948843564122, 53.477222881444376 ], [ -113.626796529047439, 53.47707917791292 ], [ -113.626778337330762, 53.477077818123945 ], [ -113.626630661605162, 53.477066776663037 ], [ -113.626623321699185, 53.477066228047121 ], [ -113.626610403657367, 53.47701441087947 ], [ -113.626408233945185, 53.476951680864104 ], [ -113.626404345653441, 53.476941110082535 ], [ -113.626304127661825, 53.476668640281815 ], [ -113.626228452346638, 53.476462890505331 ], [ -113.625735291730734, 53.476403689819563 ], [ -113.625723575309138, 53.476309438714267 ], [ -113.625722770682898, 53.476302965327925 ], [ -113.625938024491873, 53.476235337064857 ], [ -113.625930769462855, 53.476108688996462 ], [ -113.625924686056621, 53.476002283910582 ], [ -113.625919141179907, 53.475896305549057 ], [ -113.625770209111522, 53.47587138819091 ], [ -113.625780138846025, 53.475819972252722 ], [ -113.625788775063413, 53.475775190270852 ], [ -113.625798145829691, 53.475726696646426 ], [ -113.625733709645417, 53.475700354399883 ], [ -113.62556642397351, 53.475631886740018 ], [ -113.625455751589044, 53.475636752759904 ], [ -113.625151582067232, 53.475483483454852 ], [ -113.624971991215162, 53.475392745727497 ], [ -113.62478914812398, 53.475300247030994 ], [ -113.62480977434646, 53.475215059160192 ], [ -113.625134330171349, 53.475094247222742 ], [ -113.625655244590121, 53.475117062911274 ], [ -113.625719517956, 53.475056870653852 ], [ -113.625940420122319, 53.474850129671118 ], [ -113.626314886319363, 53.474685731946494 ], [ -113.626512576410576, 53.474852563444635 ], [ -113.626925942263128, 53.474819965421162 ], [ -113.627063086635843, 53.474809150103155 ], [ -113.627127454745988, 53.474758659642532 ], [ -113.627074976402739, 53.474536539103696 ], [ -113.627041140639705, 53.474393467854853 ], [ -113.627426808336466, 53.474390126566291 ], [ -113.627515558991377, 53.474345177233388 ], [ -113.627563048135215, 53.47418535973226 ], [ -113.627606430874124, 53.47403898065982 ], [ -113.627537851143444, 53.474001450490412 ], [ -113.627427546727603, 53.473941084208349 ], [ -113.62747446296919, 53.473923205307166 ], [ -113.627537751944644, 53.473899076384853 ], [ -113.627847695568946, 53.473780954981734 ], [ -113.627823537516889, 53.473622963052748 ], [ -113.628695206560522, 53.473607802093461 ], [ -113.628881932327289, 53.473546991968426 ], [ -113.628939255308893, 53.4734377582771 ], [ -113.628435732046256, 53.473217146664751 ], [ -113.628812598521904, 53.472906094096551 ], [ -113.628852059245517, 53.47287352353343 ], [ -113.629076648301236, 53.472918354114782 ], [ -113.629405340189209, 53.472914093644434 ], [ -113.629469886123474, 53.472875218758823 ], [ -113.629822142587372, 53.47266312218359 ], [ -113.629743309716403, 53.472498009625561 ], [ -113.630401671075404, 53.472502919524317 ], [ -113.630538527895368, 53.472528758011649 ], [ -113.63068374383667, 53.472556172272171 ], [ -113.630961337797089, 53.472554242339363 ], [ -113.631060519905432, 53.472541248294448 ], [ -113.631307924635237, 53.472508911640503 ], [ -113.631567073714265, 53.472475025540071 ], [ -113.63163813708293, 53.472465717574195 ], [ -113.631762658657252, 53.472386706704384 ], [ -113.631807530182812, 53.472396711666306 ], [ -113.632091586244442, 53.47246004418038 ], [ -113.632104922515737, 53.472454885896312 ], [ -113.632340242383222, 53.472363975538862 ], [ -113.632393215358178, 53.472343497495565 ], [ -113.632601282568515, 53.472335191711586 ], [ -113.632870151603186, 53.472324519426621 ], [ -113.632883327267521, 53.472323993780222 ], [ -113.63313101986023, 53.472295517350375 ], [ -113.633391916407518, 53.47226563775132 ], [ -113.633640922153361, 53.472237104086993 ], [ -113.633814895421764, 53.472217125695373 ], [ -113.63401532388599, 53.472118866844227 ], [ -113.634251993708048, 53.472003033993303 ], [ -113.634593979970148, 53.471835182476362 ], [ -113.634739701724797, 53.471763367369221 ], [ -113.634784083347753, 53.47174149612453 ], [ -113.634964218486687, 53.471652721360464 ], [ -113.635015516563811, 53.471627440274574 ], [ -113.635094280074711, 53.471588623746506 ], [ -113.635082894035321, 53.471522240324539 ], [ -113.635065252728225, 53.471419392091917 ], [ -113.635102894617546, 53.47137620585395 ], [ -113.635214256176184, 53.471248441304681 ], [ -113.635224643476406, 53.471236524232495 ], [ -113.635324573623237, 53.471121874002741 ], [ -113.635376880913554, 53.471061860181017 ], [ -113.635434694215263, 53.470995529749857 ], [ -113.635536783092618, 53.470878401276309 ], [ -113.635551736349683, 53.470861244842915 ], [ -113.635661168081455, 53.470735689949748 ], [ -113.635682092000522, 53.470724257858528 ], [ -113.635867881330327, 53.470622747726729 ], [ -113.635897103233773, 53.470606782247579 ], [ -113.636005833302747, 53.470547374070918 ], [ -113.636018697042047, 53.470537645391538 ], [ -113.636100681632925, 53.470475642259693 ], [ -113.636148078396602, 53.470439796460909 ], [ -113.636258363815557, 53.470356389193135 ], [ -113.636277234804552, 53.470342117440154 ], [ -113.636432276893785, 53.470224860001416 ], [ -113.636494188889941, 53.470178036806146 ], [ -113.636505699685216, 53.470161290328981 ], [ -113.636561376209627, 53.470080292968376 ], [ -113.636640918767768, 53.469964572279586 ], [ -113.636523273523906, 53.469910660210168 ], [ -113.636462087502878, 53.469882619961126 ], [ -113.636383508609455, 53.469846608231819 ], [ -113.636331515779091, 53.469883743120285 ], [ -113.636168993652717, 53.469999821152911 ], [ -113.636006485799115, 53.470115887325072 ], [ -113.635843993716875, 53.470231942539954 ], [ -113.635804398325405, 53.470260222358178 ], [ -113.635690099995969, 53.470362813922414 ], [ -113.635584122847362, 53.470457937265756 ], [ -113.635490517836814, 53.470486235584374 ], [ -113.635311172965231, 53.470540451331239 ], [ -113.635264458754023, 53.470584598418171 ], [ -113.635126843641899, 53.470714650700003 ], [ -113.634913310815932, 53.470916821374018 ], [ -113.634674322450621, 53.471143088176746 ], [ -113.634440870682468, 53.471364305085856 ], [ -113.634294250493241, 53.471503240339054 ], [ -113.633904554910629, 53.471680575232256 ], [ -113.633652610944424, 53.471795182503563 ], [ -113.633541210959947, 53.471845919573262 ], [ -113.633271814132499, 53.471834675616371 ], [ -113.632943967975365, 53.471821007718198 ], [ -113.632644020531728, 53.471808473358507 ], [ -113.632546331585289, 53.471804389887424 ], [ -113.632391681234481, 53.471801374803007 ], [ -113.632137485903385, 53.471796433847238 ], [ -113.631946169491584, 53.471792696956882 ], [ -113.631898567922264, 53.471776085163754 ], [ -113.631677162862047, 53.471698723033576 ], [ -113.631660496908012, 53.471692906202932 ], [ -113.631429259874054, 53.471707094856775 ], [ -113.631362211379212, 53.471711204059787 ], [ -113.631187395164147, 53.471840504421834 ], [ -113.631027623531651, 53.471832505165146 ], [ -113.63069987115739, 53.471815750074981 ], [ -113.630610123705637, 53.471681797690145 ], [ -113.630504999203964, 53.471524468050006 ], [ -113.630554529144732, 53.471414839234647 ], [ -113.630600639690471, 53.471312529766791 ], [ -113.630574835487806, 53.471273708345734 ], [ -113.63055601767114, 53.471245342246235 ], [ -113.630503521643249, 53.47123870727588 ], [ -113.630344520177687, 53.47121861243194 ], [ -113.630188083416968, 53.471301988258652 ], [ -113.630033960911888, 53.471383979102264 ], [ -113.629917904393707, 53.471589081806592 ], [ -113.629774197976701, 53.471841723120754 ], [ -113.629712898419868, 53.471857890545401 ], [ -113.629559713110339, 53.471846446501381 ], [ -113.629292969923739, 53.47172212645804 ], [ -113.629194634630707, 53.471733160003801 ], [ -113.629047722793999, 53.471877691646483 ], [ -113.628944023902832, 53.471979193590009 ], [ -113.628816327685271, 53.472071173851511 ], [ -113.628611344742225, 53.472219483832582 ], [ -113.628532880425126, 53.472219601201353 ], [ -113.628332038380265, 53.472219917580475 ], [ -113.628256038629502, 53.472259441864331 ], [ -113.628114428216648, 53.472232854499971 ], [ -113.628047635429709, 53.472220333015606 ], [ -113.62764801197207, 53.472144534696525 ], [ -113.627602411336952, 53.472220713113487 ], [ -113.62753654889373, 53.472330740001965 ], [ -113.627506986700425, 53.472380428902362 ], [ -113.627447379065202, 53.472480617514599 ], [ -113.627374500609577, 53.472539874497045 ], [ -113.627211463497773, 53.47267243536804 ], [ -113.627065142291798, 53.472791404628559 ], [ -113.626871285138151, 53.472781351556456 ], [ -113.626867429582944, 53.472783734306333 ], [ -113.626711747140604, 53.472879949927759 ], [ -113.626660345733768, 53.472948531906049 ], [ -113.626533885174666, 53.473117261820718 ], [ -113.626474852674534, 53.47313133103075 ], [ -113.626117055633387, 53.473216600666952 ], [ -113.626102105036111, 53.473225557935244 ], [ -113.625806368707003, 53.473402703878378 ], [ -113.625523451814828, 53.473572171122456 ], [ -113.625154152282221, 53.47370053497233 ], [ -113.624114965500894, 53.473948692206193 ], [ -113.62403991496349, 53.473902689170778 ], [ -113.623621519985875, 53.473952207300428 ], [ -113.623492666293956, 53.473858852196386 ], [ -113.623470955474744, 53.473787287020137 ], [ -113.623852760557341, 53.473481106421197 ], [ -113.624055222047701, 53.473303342124893 ], [ -113.624440610382479, 53.472964958535592 ], [ -113.624570642735776, 53.472922472989247 ], [ -113.624582966609751, 53.472913880582183 ], [ -113.62477548030293, 53.472779652776772 ], [ -113.624782793250617, 53.472654591410773 ], [ -113.624785159385851, 53.472614123773127 ], [ -113.624869280491566, 53.472489100445706 ], [ -113.624883219116981, 53.472443574027835 ], [ -113.624955616204304, 53.472207126071943 ], [ -113.625016144499099, 53.472009436396114 ], [ -113.625059666650174, 53.471867288367797 ], [ -113.625085830962391, 53.471781833818895 ], [ -113.625037079131928, 53.471718318261019 ], [ -113.624946440184928, 53.471600233595957 ], [ -113.62481227098101, 53.471425436778446 ], [ -113.624720792012596, 53.471306254793532 ], [ -113.624700441334127, 53.47124448710624 ], [ -113.624636479473011, 53.471050355047076 ], [ -113.624633248082858, 53.471040549177118 ], [ -113.624585952256837, 53.471004897526242 ], [ -113.624410087013345, 53.470872299046597 ], [ -113.624358968316656, 53.470833839721323 ], [ -113.624273214763093, 53.470728323426428 ], [ -113.62415271127108, 53.470579932148929 ], [ -113.623919332048587, 53.470290127544224 ], [ -113.623532354626178, 53.469978625252011 ], [ -113.623851669584212, 53.469899330285045 ], [ -113.623936105663361, 53.469929197064033 ], [ -113.624233770576694, 53.469947892605681 ], [ -113.624367622616049, 53.469807458467038 ], [ -113.624361910797205, 53.469796814477192 ], [ -113.624306630059451, 53.469692770635433 ], [ -113.624463485837879, 53.469654866154613 ], [ -113.624687263879665, 53.469600881706135 ], [ -113.624760465630615, 53.469602834215792 ], [ -113.624826085607808, 53.469604660436659 ], [ -113.624901470707385, 53.469561735159353 ], [ -113.624901920450966, 53.469485272245336 ], [ -113.624902094868332, 53.469446357687715 ], [ -113.625045975138676, 53.469368935877178 ], [ -113.625230456823289, 53.469269516610112 ], [ -113.625327545899282, 53.469217507706226 ], [ -113.625385155078646, 53.469126595550499 ], [ -113.625486051322397, 53.468968631031736 ], [ -113.625544762609039, 53.468903170822209 ], [ -113.62569431839222, 53.468737148907486 ], [ -113.625953327582963, 53.468737286851784 ], [ -113.626044588127087, 53.468737331643332 ], [ -113.628165684148868, 53.468736651917716 ], [ -113.628604190816844, 53.468736479837361 ], [ -113.629042698994894, 53.468736306152579 ], [ -113.628541481358113, 53.468626875842858 ], [ -113.627663691497304, 53.468627067241322 ], [ -113.627532420609157, 53.468627094881896 ], [ -113.627532468367605, 53.468598415964394 ], [ -113.627532540163074, 53.468555809600026 ], [ -113.627527720947441, 53.468555811652571 ], [ -113.62733792532751, 53.468555875009883 ], [ -113.625742878338158, 53.468207066669038 ], [ -113.624549509429059, 53.46794603202364 ], [ -113.624964272935671, 53.467271097781641 ], [ -113.619352902607687, 53.466043967762424 ], [ -113.615523923178003, 53.465012423217757 ], [ -113.615399165620531, 53.464978810068743 ], [ -113.615398968164556, 53.46571039994992 ], [ -113.615399027396577, 53.465853458620529 ], [ -113.615096132662842, 53.465802036382506 ], [ -113.615096068270816, 53.465659660634913 ], [ -113.615096277569918, 53.464897204468976 ], [ -113.614370937642747, 53.464701772851363 ], [ -113.61167563032825, 53.463280657503624 ], [ -113.610480958910614, 53.462651218576212 ], [ -113.61142744167347, 53.462103918204747 ], [ -113.612693704177047, 53.461395090630134 ], [ -113.614648235873986, 53.461399204686217 ], [ -113.615062889068327, 53.461400127840243 ], [ -113.615096812796068, 53.461400210161607 ], [ -113.615080384947518, 53.461176148340108 ], [ -113.615118154550174, 53.459802431998888 ], [ -113.616411247307425, 53.458750449912401 ], [ -113.617466681370118, 53.459518862875512 ], [ -113.617583437498794, 53.459604192036601 ], [ -113.619425824659388, 53.460950183737161 ], [ -113.627544554426166, 53.460945476465717 ], [ -113.636937508865415, 53.460940692058401 ], [ -113.637204618136252, 53.460576959386444 ], [ -113.637480187757319, 53.460202459478758 ], [ -113.637660196144878, 53.459973601442989 ], [ -113.637850413061273, 53.45974770353515 ], [ -113.638050701485668, 53.459524928838754 ], [ -113.638260916917531, 53.459305435919958 ], [ -113.638480907346477, 53.459089382422107 ], [ -113.638710517777326, 53.45887692418102 ], [ -113.638949579706093, 53.458668213396081 ], [ -113.639031161806685, 53.458522458395969 ], [ -113.639103803517571, 53.458375028285509 ], [ -113.639167411420857, 53.458226118695471 ], [ -113.63922189962355, 53.458075926176093 ], [ -113.639267195763964, 53.457924650012316 ], [ -113.639303241026425, 53.457772490426663 ], [ -113.639462136171502, 53.457772508995042 ], [ -113.639657260954749, 53.457772530581636 ], [ -113.639792786426142, 53.457772666039943 ], [ -113.639833353021771, 53.459719254237442 ], [ -113.639807698419744, 53.461389185290237 ], [ -113.639661416159214, 53.461387837553787 ], [ -113.639248549254702, 53.461388092471722 ], [ -113.639084036712205, 53.46138819415787 ], [ -113.638712915296637, 53.461388422341315 ], [ -113.638361428896815, 53.461388637808781 ], [ -113.638008012353325, 53.461936529400511 ], [ -113.636474226466632, 53.464314136727701 ], [ -113.637299505842407, 53.464533323206176 ], [ -113.63905021291221, 53.464998267635657 ], [ -113.639050336985733, 53.465175189537383 ], [ -113.639663108379168, 53.465337473662586 ], [ -113.639739014741707, 53.465357485384217 ], [ -113.639814919669973, 53.465377497053133 ], [ -113.639966732760556, 53.465417519356983 ], [ -113.643379768433064, 53.466322152453181 ], [ -113.650039110451047, 53.468086834438026 ], [ -113.650846690505077, 53.468610162426558 ], [ -113.651612271126723, 53.469106249679783 ], [ -113.651631112336517, 53.469118459165109 ], [ -113.652072434650762, 53.469404420875328 ], [ -113.65330052722399, 53.470200156099949 ], [ -113.65346663731205, 53.470108864089539 ], [ -113.655923115741828, 53.471700369114117 ], [ -113.656410556463385, 53.472015824622765 ], [ -113.658007970734644, 53.473674719215815 ], [ -113.658052992800791, 53.473721453354109 ], [ -113.658113020869806, 53.473783765507491 ], [ -113.658173049121643, 53.473846076731718 ], [ -113.658237579652905, 53.47391306097164 ], [ -113.658302108888137, 53.473980044273326 ], [ -113.658366638333533, 53.47404702664118 ], [ -113.658431167974598, 53.474114009872345 ], [ -113.658491197157062, 53.474176320934795 ], [ -113.658551228014105, 53.474238632869607 ], [ -113.658615762710852, 53.474305621404291 ], [ -113.658680302100223, 53.474372613510909 ], [ -113.658740343959906, 53.474434937061275 ], [ -113.658800390477765, 53.474497265086917 ], [ -113.658864942403511, 53.474564268808585 ], [ -113.658929490042595, 53.474631268887727 ], [ -113.658989529640621, 53.474693589606971 ], [ -113.659049567929742, 53.474755907595629 ], [ -113.659105850991395, 53.474814328371039 ], [ -113.659162132715622, 53.474872747318166 ], [ -113.659246823720991, 53.474960655020844 ], [ -113.659341732742192, 53.475059167481078 ], [ -113.659431079234608, 53.475151904847181 ], [ -113.660068695896697, 53.47581322135381 ], [ -113.661692574857227, 53.477499132854284 ], [ -113.662596489737155, 53.478256977673574 ], [ -113.663067149942933, 53.478191832064006 ], [ -113.663283008341523, 53.478161953438551 ], [ -113.663608209106684, 53.478116939706375 ], [ -113.663673421988804, 53.478107913437022 ], [ -113.663787391038454, 53.478092137391513 ], [ -113.664108666969952, 53.478047665696458 ], [ -113.6641844219467, 53.478037178888989 ], [ -113.664186247243748, 53.478605558131747 ], [ -113.664186420666667, 53.478864992228317 ], [ -113.664187323669481, 53.480217702720189 ], [ -113.664111618901813, 53.480270358506921 ], [ -113.663588242190244, 53.480634386830076 ], [ -113.662896892361488, 53.481115201735705 ], [ -113.66255616803052, 53.481352162030632 ], [ -113.661815089973189, 53.481867508295409 ], [ -113.661916224979151, 53.482587032254017 ], [ -113.661928852185582, 53.482676881711214 ], [ -113.661974975660527, 53.483005062166221 ], [ -113.662006923783807, 53.483232370080117 ], [ -113.662099750783455, 53.483900678516619 ], [ -113.662144153090395, 53.484777816775477 ], [ -113.662217498332552, 53.486227018001941 ], [ -113.662235008750173, 53.486572897067454 ], [ -113.662250130251394, 53.486846848688408 ], [ -113.662373029512906, 53.49046128851991 ], [ -113.662385947106102, 53.490893303449916 ], [ -113.662388859388258, 53.490990678948542 ], [ -113.663302747032247, 53.491447073881716 ], [ -113.663490884409939, 53.491541071009451 ], [ -113.664131883317054, 53.491861320889072 ], [ -113.664134411910737, 53.493504684340827 ], [ -113.664134795282962, 53.493754437729862 ], [ -113.664135178660445, 53.494004190209807 ], [ -113.664135769575651, 53.494389399553754 ], [ -113.664136005818492, 53.494543346157194 ], [ -113.664136643299557, 53.494957752099033 ], [ -113.66413759372368, 53.495577042097317 ], [ -113.664137816286299, 53.495721086030649 ], [ -113.664139028800165, 53.496510691518665 ], [ -113.664116790046648, 53.496522150015331 ], [ -113.662841525674111, 53.497177504187086 ], [ -113.662727265279457, 53.497236220937239 ], [ -113.662699610418656, 53.49725041900335 ], [ -113.662516881022498, 53.497556661858702 ], [ -113.66243534802841, 53.497693266323516 ], [ -113.662426316712725, 53.497708405633333 ], [ -113.662300762144113, 53.497918661831491 ], [ -113.662207018376478, 53.498075658665876 ], [ -113.662179740938427, 53.4993482171121 ], [ -113.662172709921506, 53.499676263395123 ], [ -113.662167519097636, 53.49991841120049 ], [ -113.662152268980435, 53.500629850612498 ], [ -113.6621462250843, 53.500911779769794 ], [ -113.662142954975849, 53.501064333359771 ], [ -113.662140547421231, 53.501176637411838 ], [ -113.662138139852644, 53.501288941461716 ], [ -113.662133257468227, 53.501516694471299 ], [ -113.662129369812263, 53.501697998861594 ], [ -113.662239645971908, 53.501699970206978 ], [ -113.662605271688946, 53.501706505733125 ], [ -113.662892559783074, 53.501711639393235 ], [ -113.663080870872221, 53.501715004465126 ], [ -113.663269183499636, 53.501718369244671 ], [ -113.663291566364904, 53.501718769266553 ], [ -113.663552253776459, 53.501723426536159 ], [ -113.663938971330367, 53.501730334548917 ], [ -113.66409971425405, 53.501733206257192 ], [ -113.664145210895171, 53.501734018822411 ], [ -113.664221032021999, 53.501735764831103 ], [ -113.664222858698992, 53.503456045665146 ], [ -113.664147039586581, 53.503459758671582 ], [ -113.662768518196231, 53.503549627180533 ], [ -113.662664481532772, 53.503556410140334 ], [ -113.662183129360102, 53.503587778849926 ], [ -113.66231491380519, 53.504308984993315 ], [ -113.662427569150623, 53.504925273708807 ], [ -113.662838710049229, 53.507175218287706 ], [ -113.662860651803072, 53.507831451117966 ], [ -113.662862360715565, 53.507884317928642 ], [ -113.662865340913825, 53.507975297086119 ], [ -113.662868459328593, 53.508070515331902 ], [ -113.662871554628339, 53.508165038892486 ], [ -113.662875766420683, 53.508293629758015 ], [ -113.662879832411875, 53.508417801789555 ], [ -113.662883414445986, 53.50852716890514 ], [ -113.662887042842698, 53.508637154386633 ], [ -113.662890528927178, 53.508744369977293 ], [ -113.662893616914189, 53.508838686827708 ], [ -113.662908114857572, 53.508852044969409 ], [ -113.663018313264672, 53.50895358300189 ], [ -113.66310002186701, 53.509028869803998 ], [ -113.663179952918128, 53.509102517885019 ], [ -113.663259586438031, 53.509175891898721 ], [ -113.663339423758757, 53.509249453340949 ], [ -113.663419214953478, 53.50932297326311 ], [ -113.663498972016924, 53.50939645978648 ], [ -113.663578236996116, 53.509469492874565 ], [ -113.66366020049152, 53.509545012739594 ], [ -113.663958518427364, 53.509819872670001 ], [ -113.664228644801241, 53.510068755898061 ], [ -113.664532034542916, 53.510348280662463 ], [ -113.664608230803807, 53.510348758632375 ], [ -113.66502275269147, 53.510348387780077 ], [ -113.665321252163636, 53.51034812028638 ], [ -113.665500561993056, 53.510347958942063 ], [ -113.665657271534869, 53.51034781859601 ], [ -113.665685448018678, 53.510347793152683 ], [ -113.665685558507633, 53.510451559340375 ], [ -113.665685771726928, 53.510654522305956 ], [ -113.665685914137498, 53.510789669498031 ], [ -113.665686619062811, 53.51145845561846 ], [ -113.665687167234282, 53.512028202911232 ], [ -113.665687289442388, 53.512155188929448 ], [ -113.6656804786371, 53.512171052641413 ], [ -113.665652260228597, 53.512236774621726 ], [ -113.665611031567039, 53.512236812976838 ], [ -113.664534204851762, 53.512237814886056 ], [ -113.664534125412985, 53.512154336507443 ], [ -113.664534025453861, 53.512049403991298 ], [ -113.664533998419159, 53.512021711754208 ], [ -113.66453377220779, 53.511784442031363 ], [ -113.664230579984945, 53.511783788603296 ], [ -113.664230915116079, 53.51215410986795 ], [ -113.664159801727067, 53.512154056600181 ], [ -113.664160071246187, 53.51223876030592 ], [ -113.662442800318203, 53.512232474646765 ], [ -113.659287122225081, 53.512210533975484 ], [ -113.656406017879405, 53.512199003403374 ], [ -113.652072706256817, 53.512195385483601 ], [ -113.652091064136187, 53.51175687962234 ], [ -113.652091190462684, 53.511419707084002 ], [ -113.652091270110546, 53.511283527988347 ], [ -113.652091298221976, 53.511265554260625 ], [ -113.652091425187152, 53.510966403287775 ], [ -113.652091503445448, 53.510786584533946 ], [ -113.652091573667377, 53.510642719664538 ], [ -113.652091623830856, 53.510530386632958 ], [ -113.652091673926506, 53.510418061686487 ], [ -113.652091689496572, 53.5103057186654 ], [ -113.652153213964908, 53.510305745825107 ], [ -113.652356640204474, 53.510305788482043 ], [ -113.652502699479115, 53.510305818622648 ], [ -113.652653238384602, 53.509859381916883 ], [ -113.652742252470489, 53.509693780356116 ], [ -113.653018180207638, 53.509180328401683 ], [ -113.653187139567365, 53.508865898572196 ], [ -113.65332187009713, 53.508865929000919 ], [ -113.653340703710953, 53.508747349416517 ], [ -113.653359523783692, 53.508628753612868 ], [ -113.653378319705169, 53.508510148747995 ], [ -113.653498292882261, 53.508286932686566 ], [ -113.653615530373727, 53.508068708388016 ], [ -113.653799440667584, 53.50772646882254 ], [ -113.65387195086322, 53.507591538157264 ], [ -113.653920130406391, 53.507501898400157 ], [ -113.654064949894618, 53.507232398423533 ], [ -113.654282037863481, 53.507232428830406 ], [ -113.654348423858906, 53.507232432082105 ], [ -113.654500169179357, 53.507232428610045 ], [ -113.654644969474091, 53.50696286856148 ], [ -113.654687880366126, 53.50688300892017 ], [ -113.654744849554135, 53.506882988346646 ], [ -113.654799889828325, 53.506738198419086 ], [ -113.654884610433527, 53.50651533830419 ], [ -113.654890120435823, 53.506468678165049 ], [ -113.65492182040056, 53.506199688908225 ], [ -113.654948279699511, 53.505975158082947 ], [ -113.654971660269041, 53.505774077245569 ], [ -113.654989509525706, 53.505696718743735 ], [ -113.655052280423831, 53.505418188773078 ], [ -113.655076358558034, 53.50531136960695 ], [ -113.655094809127846, 53.505229518913019 ], [ -113.655098299435664, 53.505193568750066 ], [ -113.655124429126545, 53.5049240286463 ], [ -113.65515057053625, 53.504654488558899 ], [ -113.655043343872478, 53.504540923955574 ], [ -113.655068484116569, 53.503941702917501 ], [ -113.654959759578745, 53.503886628375909 ], [ -113.65450731030856, 53.503890518248681 ], [ -113.654507519662943, 53.503664938380886 ], [ -113.654507458696997, 53.503517279073378 ], [ -113.654507380079892, 53.503326188491634 ], [ -113.654507750476, 53.503072828793755 ], [ -113.654508000937355, 53.50292190125824 ], [ -113.654508316177541, 53.502698680489672 ], [ -113.654508709093562, 53.502420673079207 ], [ -113.654508989985416, 53.502201118488451 ], [ -113.654542367979687, 53.502197439922199 ], [ -113.654821391466413, 53.502166588173303 ], [ -113.655285268126264, 53.502115297385444 ], [ -113.655390270107205, 53.502103678370275 ], [ -113.655384777769299, 53.501840162798111 ], [ -113.655379380628418, 53.501581084784959 ], [ -113.655373930029342, 53.501320428660989 ], [ -113.65536983184731, 53.501123276138848 ], [ -113.655364331470182, 53.500860036369737 ], [ -113.655357641287168, 53.500540021272371 ], [ -113.655357040437366, 53.500511898684529 ], [ -113.655352163772875, 53.500279925751684 ], [ -113.655348119966419, 53.500087612323867 ], [ -113.655346986949951, 53.500033679445139 ], [ -113.655344533526645, 53.499916957420872 ], [ -113.655342228757235, 53.499807366231749 ], [ -113.655339925498197, 53.499697775943517 ], [ -113.655337620742742, 53.499588185648889 ], [ -113.655335317512254, 53.49947859445799 ], [ -113.655333014285091, 53.49936900416364 ], [ -113.655330711068572, 53.499259413867215 ], [ -113.65532838366417, 53.499148719116675 ], [ -113.655326019169294, 53.499036280968497 ], [ -113.655323655049997, 53.498923797889105 ], [ -113.655321288583707, 53.498811233926538 ], [ -113.655318919989085, 53.498698562123352 ], [ -113.65531654955771, 53.498585746536278 ], [ -113.655314174559749, 53.498472752111958 ], [ -113.655313937089829, 53.498461523389501 ], [ -113.655258817412943, 53.498362751806425 ], [ -113.655198026498979, 53.498253820412842 ], [ -113.655132382941588, 53.498136192688726 ], [ -113.654976771543701, 53.497857345800256 ], [ -113.654949779869455, 53.49780897878653 ], [ -113.654885789475074, 53.497693938272171 ], [ -113.654738323739636, 53.497428818255393 ], [ -113.654651778368631, 53.497273234003835 ], [ -113.654593940219158, 53.497169254921602 ], [ -113.65453610084468, 53.497065275805674 ], [ -113.654478263266469, 53.49696129576617 ], [ -113.654295380207287, 53.49663249843649 ], [ -113.654257569606727, 53.496564528396831 ], [ -113.65407766501805, 53.496241064442899 ], [ -113.653945045286292, 53.49600261552883 ], [ -113.653850980118165, 53.495833498388158 ], [ -113.653590710599687, 53.495845171200408 ], [ -113.653238548899552, 53.495860945918203 ], [ -113.65303250756061, 53.495870175155687 ], [ -113.652826464626841, 53.495879404033467 ], [ -113.652408897156562, 53.495898106277799 ], [ -113.652330519729404, 53.495901617429482 ], [ -113.652101099576385, 53.495911868864937 ], [ -113.652101067943235, 53.49579458940719 ], [ -113.652100978422311, 53.495686591448724 ], [ -113.652100847717676, 53.495526550776468 ], [ -113.652100580802852, 53.495218188085261 ], [ -113.652100439763785, 53.495037500167804 ], [ -113.652100320149742, 53.494884388638788 ], [ -113.652100269131438, 53.494802616507414 ], [ -113.65210025230472, 53.494775214455466 ], [ -113.652100159564156, 53.494665583707295 ], [ -113.652100120507072, 53.49464181823685 ], [ -113.65210003981656, 53.494555938500845 ], [ -113.652099945817668, 53.494446277192459 ], [ -113.652099838307578, 53.494336609552505 ], [ -113.652099730789388, 53.494226942809121 ], [ -113.652099695030472, 53.494190438747687 ], [ -113.652099634992467, 53.494129284132413 ], [ -113.652099603342734, 53.494097617263428 ], [ -113.652099556962256, 53.494049522986053 ], [ -113.652099515750919, 53.494007609316292 ], [ -113.652099469670063, 53.493959846623675 ], [ -113.652099408237959, 53.493897941668244 ], [ -113.652099376492203, 53.493864629455238 ], [ -113.652099300716912, 53.493788274916795 ], [ -113.65209919319517, 53.493678608163314 ], [ -113.652099131300318, 53.493614734363874 ], [ -113.652099085672702, 53.493568941407801 ], [ -113.652099042167151, 53.493523625615929 ], [ -113.65209897966372, 53.493459273756095 ], [ -113.652098940230374, 53.493438868157504 ], [ -113.652328544190382, 53.493438779578796 ], [ -113.652583709527306, 53.493438668704329 ], [ -113.652623061320526, 53.493421564934593 ], [ -113.652925883794566, 53.493289782889718 ], [ -113.652929989688801, 53.493287978734266 ], [ -113.653173300595299, 53.49318209802361 ], [ -113.653185341133067, 53.493159671470579 ], [ -113.653281173115445, 53.492981074402579 ], [ -113.653344166566811, 53.492863674859066 ], [ -113.653400160954078, 53.492759319780305 ], [ -113.65345615505808, 53.492654965571646 ], [ -113.653512147386635, 53.492550610431508 ], [ -113.653568140938731, 53.492446256165834 ], [ -113.653624134222184, 53.492341900973088 ], [ -113.653680125722929, 53.492237545747471 ], [ -113.653736118447227, 53.492133191396306 ], [ -113.653774591750889, 53.492061490047668 ], [ -113.653799110883099, 53.492015791596693 ], [ -113.653862101455616, 53.491898392655209 ], [ -113.653918091776333, 53.491794038207104 ], [ -113.653975494070224, 53.491687047721612 ], [ -113.654007904728061, 53.491626629580765 ], [ -113.654016061289212, 53.491611427252344 ], [ -113.654022626646295, 53.491599187506459 ], [ -113.654035405422462, 53.491575366569954 ], [ -113.654077275986495, 53.491497318229932 ], [ -113.654087455214892, 53.491478341324871 ], [ -113.654143436883857, 53.491373987638816 ], [ -113.65419941676285, 53.491269634818536 ], [ -113.654255397880078, 53.491165281075531 ], [ -113.654344356034898, 53.490999452150604 ], [ -113.654454121379359, 53.490794798033846 ], [ -113.654454079771455, 53.490769144576831 ], [ -113.654454007639174, 53.490725001362804 ], [ -113.654453690217551, 53.490552168408421 ], [ -113.654453520912355, 53.490462328218669 ], [ -113.654533759709636, 53.490462319329033 ], [ -113.654631779959416, 53.490462308747254 ], [ -113.654698006984532, 53.490225070118271 ], [ -113.654747924233064, 53.490046261872585 ], [ -113.654778107187752, 53.489938140085947 ], [ -113.654808288480993, 53.489830018285126 ], [ -113.65483847112624, 53.489721896478848 ], [ -113.654868655123479, 53.489613774667099 ], [ -113.654898837459299, 53.489505652841139 ], [ -113.654929019640406, 53.489397531005366 ], [ -113.654959207686275, 53.489289410075763 ], [ -113.654989386551861, 53.489181287313031 ], [ -113.65501956977549, 53.489073165452112 ], [ -113.655049751337756, 53.488965043577011 ], [ -113.655079932738005, 53.488856922590678 ], [ -113.655110115504812, 53.488748799801677 ], [ -113.655140296595647, 53.488640678795704 ], [ -113.655170477539087, 53.488532556881275 ], [ -113.655200658327814, 53.488424434957054 ], [ -113.65523083896187, 53.488316313022978 ], [ -113.655261020947847, 53.488208191083423 ], [ -113.65529120127249, 53.4881000691297 ], [ -113.655321381442434, 53.487991947166165 ], [ -113.655351562964341, 53.487883825197123 ], [ -113.6553817428249, 53.487775703213913 ], [ -113.655411922530774, 53.487667581220869 ], [ -113.655426766332127, 53.487614406883047 ], [ -113.655478531731688, 53.487428951223556 ], [ -113.65548505822612, 53.487405570384261 ], [ -113.65551032002692, 53.487315068392547 ], [ -113.655515481418405, 53.487194994709363 ], [ -113.655521598345786, 53.487052748922359 ], [ -113.655521998610126, 53.487043513323655 ], [ -113.655525168219157, 53.486970292508239 ], [ -113.65553750349315, 53.486685348314786 ], [ -113.655543723641443, 53.486541686611872 ], [ -113.655549091288279, 53.48641770188194 ], [ -113.655554457395624, 53.486293717144775 ], [ -113.655559824969359, 53.486169733307683 ], [ -113.655564590028817, 53.486059677895696 ], [ -113.655569353548472, 53.485949623375731 ], [ -113.655574117042207, 53.4858395688535 ], [ -113.65557888202386, 53.485729513434734 ], [ -113.65558393814436, 53.485612713928191 ], [ -113.655588994235686, 53.48549591441909 ], [ -113.655594071520611, 53.485379098793722 ], [ -113.655599698547775, 53.485249837281252 ], [ -113.655602288222184, 53.485190333765203 ], [ -113.655608274039011, 53.485052853747014 ], [ -113.655610808106232, 53.484994632377223 ], [ -113.655621066352609, 53.484758954380482 ], [ -113.655626396712137, 53.484630958132499 ], [ -113.655626875339962, 53.484619481635796 ], [ -113.655629201773664, 53.484563638269407 ], [ -113.655637180382158, 53.484372049111499 ], [ -113.6556382352708, 53.48434671240036 ], [ -113.65564172503916, 53.484262926678923 ], [ -113.655645613224593, 53.484169566573428 ], [ -113.655650786507962, 53.484045320635055 ], [ -113.655655815553914, 53.483924557269908 ], [ -113.655656318624963, 53.4839124787771 ], [ -113.655578477945141, 53.483813239938073 ], [ -113.655494465817497, 53.483706133945873 ], [ -113.655419125008649, 53.48361008236629 ], [ -113.655352568729526, 53.483525229319618 ], [ -113.655268587546644, 53.483418162789846 ], [ -113.655122380127878, 53.483231758565971 ], [ -113.655044565783214, 53.48313255089181 ], [ -113.654944373591675, 53.483004813457214 ], [ -113.654109957102307, 53.481940954168181 ], [ -113.652091399715673, 53.482439334933666 ], [ -113.651861208321975, 53.482496166374332 ], [ -113.651860499606286, 53.482118648671978 ], [ -113.651860185067832, 53.481886198402364 ], [ -113.651203419168098, 53.482268859520936 ], [ -113.649869985169232, 53.483045744144505 ], [ -113.649706470074335, 53.483141008676299 ], [ -113.649010853677311, 53.483497990218645 ], [ -113.6483027284782, 53.483787982141052 ], [ -113.646919152487214, 53.484218210265347 ], [ -113.645780254768354, 53.484514550250154 ], [ -113.645674978335762, 53.483917649031795 ], [ -113.645492073524949, 53.483504918362833 ], [ -113.645234962427807, 53.483144974054184 ], [ -113.64451362439884, 53.482397523167677 ], [ -113.644117067359957, 53.481987759803943 ], [ -113.643993957081307, 53.482035771371123 ], [ -113.643471670100894, 53.482155004119811 ], [ -113.643164342891396, 53.482024934010319 ], [ -113.642855639518217, 53.481894280291094 ], [ -113.641939501310489, 53.481723119850258 ], [ -113.641199100090816, 53.481805175102195 ], [ -113.639980606562546, 53.4817516841035 ], [ -113.639979995887558, 53.481662777838636 ], [ -113.639979080205464, 53.48152946876175 ], [ -113.639977710487912, 53.480625908708028 ], [ -113.639674650325148, 53.480572258937627 ], [ -113.639676050629319, 53.48149171813025 ], [ -113.63898728084348, 53.481405968664824 ], [ -113.638451231589997, 53.481339554321714 ], [ -113.638298507339883, 53.481320626775016 ], [ -113.63760973384106, 53.481235430079316 ], [ -113.636920964843782, 53.481150380388584 ], [ -113.636232198435138, 53.481064996044466 ], [ -113.636228874227669, 53.48106458424995 ], [ -113.635543433052661, 53.480979461256375 ], [ -113.634338426288039, 53.480828650089293 ], [ -113.634291824369441, 53.480822740249344 ], [ -113.632735149573904, 53.48062671836044 ], [ -113.633344704227326, 53.48021101051058 ], [ -113.634604569529387, 53.47935235829123 ], [ -113.634741080219541, 53.479259290902242 ], [ -113.635778705363506, 53.479252733773315 ], [ -113.6361984440519, 53.479250078100819 ], [ -113.636637540684788, 53.479247299190632 ], [ -113.637867109218618, 53.479239508339205 ], [ -113.6378658384495, 53.479167433603493 ], [ -113.637858078348103, 53.478727554187458 ], [ -113.638312150420305, 53.478687551118483 ], [ -113.638475589902214, 53.478673233009935 ], [ -113.639499997648912, 53.478583586801896 ], [ -113.639671611547172, 53.478568528799229 ], [ -113.639671543970138, 53.478205437885727 ], [ -113.639974466202233, 53.478495470970799 ], [ -113.64066022984629, 53.479152038870815 ], [ -113.641101240152622, 53.47934859871232 ], [ -113.64142724034518, 53.479578208592031 ], [ -113.642068229516255, 53.480029658367883 ], [ -113.642562402162, 53.480545185533373 ], [ -113.64269489667862, 53.480499991860924 ], [ -113.642827392420472, 53.480454798045294 ], [ -113.642807520264441, 53.480434108470057 ], [ -113.642767300717836, 53.480274818261286 ], [ -113.642709857459636, 53.480041981391985 ], [ -113.642670419171921, 53.479881948530682 ], [ -113.642575636980197, 53.47972469847641 ], [ -113.642524660359484, 53.479640138187634 ], [ -113.642321814435192, 53.479419628104651 ], [ -113.6422868604146, 53.479381648158913 ], [ -113.642149399696081, 53.479218058840083 ], [ -113.642125722569119, 53.479155391966593 ], [ -113.642092559185173, 53.479067748688159 ], [ -113.641913130721235, 53.478849491621709 ], [ -113.641888269389028, 53.478826987928976 ], [ -113.641871705292431, 53.478811977407084 ], [ -113.641614811668802, 53.478579430835417 ], [ -113.641419017329895, 53.478402196504184 ], [ -113.64117366390019, 53.478377151918352 ], [ -113.641149649774036, 53.478250745711939 ], [ -113.6410979421224, 53.47823229482664 ], [ -113.640821878077688, 53.478133822956195 ], [ -113.640372090951132, 53.47804928548814 ], [ -113.64029970799325, 53.477996274556844 ], [ -113.640363904204861, 53.477945050418022 ], [ -113.640420411360353, 53.477812650902713 ], [ -113.640585436890746, 53.477758468928094 ], [ -113.640600567886068, 53.477652407933384 ], [ -113.640762184860236, 53.477489664755446 ], [ -113.640855932937953, 53.477356640105612 ], [ -113.640922868875791, 53.477364308652 ], [ -113.640964057601238, 53.477374281120106 ], [ -113.641111435728931, 53.477409904207398 ], [ -113.641230056817037, 53.477438593410426 ], [ -113.641503622726333, 53.477518671381965 ], [ -113.64152524520135, 53.477525008510206 ], [ -113.641773958127047, 53.477597733501625 ], [ -113.641862074262363, 53.47759815035203 ], [ -113.642165420950505, 53.477599617929627 ], [ -113.64220502046895, 53.477599808377683 ], [ -113.64239555164464, 53.477589605251019 ], [ -113.642468397854259, 53.47760207119893 ], [ -113.642761437534531, 53.477652236930851 ], [ -113.642971055613216, 53.477688124622226 ], [ -113.643024705820423, 53.477683333565395 ], [ -113.64327671975694, 53.47766084899898 ], [ -113.643398235119321, 53.477650015010035 ], [ -113.643520534207099, 53.477624563815446 ], [ -113.643733822596843, 53.477580198533616 ], [ -113.64390300557686, 53.477545011020815 ], [ -113.643924510285501, 53.477538470340569 ], [ -113.644012326330838, 53.477511738725056 ], [ -113.644130328762074, 53.477475831408896 ], [ -113.644160713228928, 53.477466577277553 ], [ -113.644230390151407, 53.477432979160753 ], [ -113.644469310283895, 53.477317007969006 ], [ -113.644708788759957, 53.477200759391117 ], [ -113.644828240549714, 53.477144619986973 ], [ -113.644948280990349, 53.477084510373722 ], [ -113.645187773343665, 53.476968269862297 ], [ -113.645259021877749, 53.476933688243058 ], [ -113.645502838990467, 53.476903607495451 ], [ -113.645529226259185, 53.476900352833596 ], [ -113.645928201303988, 53.476914287647389 ], [ -113.646181725762162, 53.47692315289892 ], [ -113.64626273237306, 53.476776679095977 ], [ -113.645704978359788, 53.476517262676872 ], [ -113.645477590943088, 53.476459535861835 ], [ -113.645137039504036, 53.476405192877131 ], [ -113.64481060815065, 53.476411527926246 ], [ -113.644724813348702, 53.476413186941244 ], [ -113.644172893465822, 53.476529385451478 ], [ -113.643625255784912, 53.476563803957191 ], [ -113.643180225335414, 53.476594438590794 ], [ -113.642717515939111, 53.476558252283425 ], [ -113.642664355496635, 53.476564078062808 ], [ -113.642487448658656, 53.476531108402746 ], [ -113.642420910880162, 53.476499494068186 ], [ -113.642417627616894, 53.476442109141445 ], [ -113.642415313185168, 53.476402069312869 ], [ -113.642349313967657, 53.476216868580643 ], [ -113.642374205110968, 53.476104896761896 ], [ -113.642360174477872, 53.475989322773451 ], [ -113.642563508149806, 53.475938909125468 ], [ -113.642862946441639, 53.475916144923573 ], [ -113.643070110772015, 53.475871871254512 ], [ -113.643083576760404, 53.475868993697141 ], [ -113.643238209130317, 53.475835952672114 ], [ -113.643367088433834, 53.475808346649828 ], [ -113.643759279123543, 53.475723702159058 ], [ -113.643787670484258, 53.475717585504761 ], [ -113.64371508312604, 53.475510916144202 ], [ -113.643702320882198, 53.475477270222761 ], [ -113.643803965903885, 53.475401282445709 ], [ -113.643811172286988, 53.475364885209586 ], [ -113.643826346175274, 53.475288252360606 ], [ -113.643997858499134, 53.475221466773128 ], [ -113.644183747410338, 53.475149082293804 ], [ -113.644249977963838, 53.475097391242308 ], [ -113.644435766547915, 53.47495238340673 ], [ -113.644458453694668, 53.474934677369632 ], [ -113.644468707971313, 53.474715197221649 ], [ -113.644228380864021, 53.474595946854308 ], [ -113.644310801445016, 53.474480588276499 ], [ -113.644353864440092, 53.474446299811795 ], [ -113.644751631501236, 53.474466633073099 ], [ -113.644842008285096, 53.474462507506971 ], [ -113.645130735604809, 53.474449401763735 ], [ -113.645586381829546, 53.47432388146504 ], [ -113.64570378770911, 53.474349150637686 ], [ -113.645814134952673, 53.474258190101772 ], [ -113.646160954319384, 53.474162200331236 ], [ -113.646919287122287, 53.474140564535801 ], [ -113.647964026682502, 53.474326223646699 ], [ -113.648016909827248, 53.474229705549895 ], [ -113.648213997598106, 53.473869991451899 ], [ -113.648260978133607, 53.473784249925714 ], [ -113.648077950695381, 53.473700570230648 ], [ -113.647799526607741, 53.473524187476173 ], [ -113.647688438098029, 53.473627012862202 ], [ -113.6471216982697, 53.473377512275384 ], [ -113.647392806418111, 53.472914438342244 ], [ -113.645292286867459, 53.471941726719088 ], [ -113.644885399684426, 53.471701435009365 ], [ -113.644580681238907, 53.471898387067867 ], [ -113.644521866320218, 53.47193636427901 ], [ -113.64450307247678, 53.471948499771337 ], [ -113.644047155541486, 53.472166453930683 ], [ -113.64395070688775, 53.472303317364435 ], [ -113.643859269554213, 53.472433221565851 ], [ -113.643834342208422, 53.472468575744465 ], [ -113.643368025924147, 53.472492254387994 ], [ -113.643004198564398, 53.472650929577931 ], [ -113.642252320401951, 53.472627381473572 ], [ -113.641435527810401, 53.472513122619333 ], [ -113.641222865866837, 53.472478975312335 ], [ -113.641152075931615, 53.472659124825384 ], [ -113.641366265111216, 53.472689083940359 ], [ -113.641659867452617, 53.472730151264621 ], [ -113.641859487468849, 53.472758071799177 ], [ -113.641782640487762, 53.472894939204551 ], [ -113.64175706958261, 53.472940480321945 ], [ -113.641157968396257, 53.474007465842973 ], [ -113.641019681467782, 53.474849929034633 ], [ -113.64041587244698, 53.475691742519771 ], [ -113.640441319456272, 53.47577651182818 ], [ -113.639974040188477, 53.475775624445014 ], [ -113.639972330437459, 53.474420688865564 ], [ -113.639669449296306, 53.474634012803769 ], [ -113.639671092651469, 53.475776588612121 ], [ -113.638840509527526, 53.475779229582358 ], [ -113.637825619056457, 53.47578244850682 ], [ -113.637892348151453, 53.47587810876604 ], [ -113.637969958577813, 53.475989365811003 ], [ -113.638195118463997, 53.47605868232565 ], [ -113.638243336315242, 53.476105872128421 ], [ -113.638232155430458, 53.476150485537715 ], [ -113.637994642249751, 53.476313883289023 ], [ -113.637882090170535, 53.476521276714095 ], [ -113.637601329193842, 53.476495910798953 ], [ -113.637375780858065, 53.476475532787823 ], [ -113.637264530329077, 53.476535733380928 ], [ -113.637191374488424, 53.476575321372849 ], [ -113.637186459080993, 53.476681673575129 ], [ -113.63707994128049, 53.476725541816784 ], [ -113.636902492749186, 53.476798622040384 ], [ -113.636768512011884, 53.476820751950328 ], [ -113.636600719889771, 53.476848465284334 ], [ -113.636511956830148, 53.47691882220407 ], [ -113.636465777490656, 53.476926676642272 ], [ -113.636174470047507, 53.476976216362957 ], [ -113.636122033284252, 53.47696929740308 ], [ -113.63577343780392, 53.476923299814679 ], [ -113.635457234886033, 53.476906069153536 ], [ -113.635357817695748, 53.476900650994523 ], [ -113.635109173583416, 53.4770228663617 ], [ -113.635052916920074, 53.476946433466381 ], [ -113.634870608424933, 53.476870630921987 ], [ -113.634798125280696, 53.476840493049075 ], [ -113.634639276341815, 53.476821189817947 ], [ -113.634438615912785, 53.476796805371244 ], [ -113.634348734548638, 53.476785882820998 ], [ -113.634246199433534, 53.476811681665275 ], [ -113.634162267989439, 53.476832800817306 ], [ -113.634119061383302, 53.476843671983119 ], [ -113.634131193827244, 53.476995228526611 ], [ -113.634136435874709, 53.477060705346716 ], [ -113.634106281094077, 53.477190296292321 ], [ -113.634012268329784, 53.477316307537421 ], [ -113.63391887718484, 53.477305979578517 ], [ -113.63374570212045, 53.47728682717532 ], [ -113.633590494946631, 53.477233171009928 ], [ -113.633496398683334, 53.477245969785486 ], [ -113.633290045741433, 53.47727403647594 ], [ -113.633229075977567, 53.477305181983958 ], [ -113.633032743030796, 53.477405470312512 ], [ -113.633043540098001, 53.47744809111154 ], [ -113.63309102314436, 53.477635506437942 ], [ -113.633005210144844, 53.477696190923275 ], [ -113.632865898572845, 53.477794707679436 ], [ -113.632778154349765, 53.477809446623276 ], [ -113.632575070423272, 53.47784355986073 ], [ -113.632566113954013, 53.477884342525854 ], [ -113.632529511604929, 53.478051022081289 ], [ -113.632514474239059, 53.478119492768059 ], [ -113.632269472729377, 53.478127356802673 ], [ -113.632259685394118, 53.478131788267113 ], [ -113.632170257835398, 53.478172287320326 ], [ -113.632107180476183, 53.478284017261451 ], [ -113.632076889221381, 53.478337671444315 ], [ -113.632052326964484, 53.478381176427348 ], [ -113.631957967309162, 53.478422324206271 ], [ -113.631934907727953, 53.478505571952724 ], [ -113.631877557727563, 53.478499328827837 ], [ -113.631800070244751, 53.478490893041709 ], [ -113.63153910402886, 53.478603908013504 ], [ -113.63152523645465, 53.478651208322432 ], [ -113.631519252591787, 53.478671621480586 ], [ -113.6313878042223, 53.478669607624624 ], [ -113.631249512052108, 53.478729667988354 ], [ -113.63112185832297, 53.478785108045578 ], [ -113.631074186015226, 53.478857057860822 ], [ -113.631085736043858, 53.478907508011943 ], [ -113.63110378396668, 53.478986335530593 ], [ -113.630860615154219, 53.479165474860828 ], [ -113.630856382287618, 53.479168593428945 ], [ -113.630678699814354, 53.479145641339635 ], [ -113.630458623730078, 53.479184573411843 ], [ -113.630429249826051, 53.479207060959197 ], [ -113.630245966231172, 53.47934738020885 ], [ -113.630256595160716, 53.479519794486166 ], [ -113.630074040390909, 53.479404996977095 ], [ -113.629910902104982, 53.47935652521975 ], [ -113.629789332884911, 53.47924366209535 ], [ -113.629610472375489, 53.479252917101121 ], [ -113.629575199708782, 53.479254741581634 ], [ -113.629251185355614, 53.479340792943468 ], [ -113.628575650103883, 53.47952019589161 ], [ -113.628293546599238, 53.479310534005641 ], [ -113.62828872520231, 53.479190516452434 ], [ -113.628236242109722, 53.479173048750006 ] ] ] ] } },
{ "type": "Feature", "properties": { "catchment": "Riverview", "merged": false, "components": "Riverview", "facility_cost": 26143915, "assessable_ha_brief": 838, "union_ha": 1383.9, "area_ratio": 1.65, "rate_per_ha": 31198, "n_hoods": 2, "member_hoods": "RIVERVIEW AREA, RIVER'S EDGE", "qa_flag": "over-covers (gross hoods exceed assessable; rural/merged land)", "approximation": "union of neighbourhoods; boundaries advisory (Bylaw 19340 Schedule A)" }, "geometry": { "type": "Polygon", "coordinates": [ [ [ -113.639051357097316, 53.443924775494551 ], [ -113.639317788619948, 53.443219474858772 ], [ -113.639493869127307, 53.441983969149632 ], [ -113.639522774692651, 53.44187095174717 ], [ -113.639879246569222, 53.440477166076356 ], [ -113.640091064015451, 53.4400167950552 ], [ -113.640297451147362, 53.43956821863155 ], [ -113.640302878366086, 53.43955642361977 ], [ -113.640653711551337, 53.438793875075056 ], [ -113.641802903101393, 53.437501343736074 ], [ -113.642605544209388, 53.436824155281975 ], [ -113.643701102528141, 53.436151560155707 ], [ -113.644416857097767, 53.435778211319111 ], [ -113.645026655369222, 53.435542219762986 ], [ -113.645783888982066, 53.435219049462276 ], [ -113.646394814508696, 53.434845376976 ], [ -113.646922103804982, 53.434446422436771 ], [ -113.647553967817146, 53.434072805888043 ], [ -113.648311362804662, 53.433724588274757 ], [ -113.649526508649927, 53.433328941144701 ], [ -113.653433863653206, 53.431970850402045 ], [ -113.654480965717838, 53.431541423748307 ], [ -113.655165989961432, 53.431110942320977 ], [ -113.655723217173446, 53.430680089590723 ], [ -113.656538252633979, 53.429970148699098 ], [ -113.656946477789049, 53.429526141827289 ], [ -113.658342304679593, 53.427365812469731 ], [ -113.658411346374194, 53.42704828549283 ], [ -113.658528320591557, 53.426280784628659 ], [ -113.658531821336098, 53.425843923003129 ], [ -113.658453311259322, 53.425299183767017 ], [ -113.658447835643358, 53.425261186416726 ], [ -113.658387844404629, 53.424929833570594 ], [ -113.658351885547589, 53.424731217120531 ], [ -113.65826097026428, 53.424152078285132 ], [ -113.658170057410288, 53.423572940226627 ], [ -113.658101424709159, 53.422514219020478 ], [ -113.658146101080376, 53.421799719709881 ], [ -113.65811196596259, 53.420727427204945 ], [ -113.658002032004063, 53.420375629441189 ], [ -113.657907698722767, 53.420073752021814 ], [ -113.657892099847928, 53.420023831558311 ], [ -113.657483054112419, 53.419219447223057 ], [ -113.657106672914551, 53.418197228544415 ], [ -113.656876764004238, 53.417317441039565 ], [ -113.65681651507721, 53.417017790217251 ], [ -113.656672809302577, 53.416303050363986 ], [ -113.656403894842626, 53.41525943534355 ], [ -113.656069477140349, 53.414339447487997 ], [ -113.655683365656046, 53.413329190082813 ], [ -113.655443619223774, 53.41247406371938 ], [ -113.655228086425396, 53.411342508022017 ], [ -113.654719260305455, 53.410425939929894 ], [ -113.653875224691191, 53.409620757784495 ], [ -113.652567782909586, 53.408840685611416 ], [ -113.651320032704916, 53.407979970585878 ], [ -113.650149701077495, 53.407019064054325 ], [ -113.64941464210402, 53.406286174169487 ], [ -113.648677282065606, 53.405550354160447 ], [ -113.648002921593388, 53.404464157581231 ], [ -113.647492199892625, 53.403293795776889 ], [ -113.647415467654938, 53.403117950720393 ], [ -113.64873643494434, 53.403135690430695 ], [ -113.64906088275886, 53.403140044717048 ], [ -113.649470077882867, 53.403144834725666 ], [ -113.649713916452171, 53.403147688037393 ], [ -113.650970024844426, 53.403162377632221 ], [ -113.650916654468091, 53.403255515142568 ], [ -113.651234257010046, 53.403259143489294 ], [ -113.651620487702615, 53.403263554424697 ], [ -113.663766212650117, 53.403401751240516 ], [ -113.664068580458604, 53.403405168659575 ], [ -113.676559583046611, 53.403333001387281 ], [ -113.682835412097106, 53.403295901343768 ], [ -113.685903192331537, 53.403277646165009 ], [ -113.688880772002491, 53.40325985181893 ], [ -113.689352462448156, 53.403257027029731 ], [ -113.689344825682497, 53.40908103483855 ], [ -113.689343089550164, 53.410392058324426 ], [ -113.689318105683697, 53.414472653230767 ], [ -113.689301690422951, 53.417095574167206 ], [ -113.689298406754872, 53.417620157495314 ], [ -113.689298475537854, 53.41767407450012 ], [ -113.689284834210653, 53.419864249698307 ], [ -113.689254372675975, 53.424753229374566 ], [ -113.689253809768644, 53.424843628346338 ], [ -113.689214814302204, 53.432163625776383 ], [ -113.68921437995327, 53.432241731065332 ], [ -113.689214377809733, 53.432242024905719 ], [ -113.688829910291915, 53.432242428543056 ], [ -113.677119729741037, 53.432253008187047 ], [ -113.676904939130949, 53.432205032835341 ], [ -113.676661778762977, 53.4322052923795 ], [ -113.676661088914713, 53.432343768399178 ], [ -113.676681529805094, 53.439478928841403 ], [ -113.670551147776322, 53.439486326714935 ], [ -113.665423568340699, 53.439492273324539 ], [ -113.664572948894971, 53.43949323802088 ], [ -113.66432947115517, 53.439493521944435 ], [ -113.664341264330105, 53.443109127451713 ], [ -113.664353059679399, 53.446724730767116 ], [ -113.664353804569473, 53.446951799025825 ], [ -113.664375752951443, 53.453636749573924 ], [ -113.664376594257732, 53.45389284380682 ], [ -113.664377040644581, 53.454028702149387 ], [ -113.664380897300063, 53.454297991920583 ], [ -113.664030647109868, 53.454298022103337 ], [ -113.663680555065994, 53.454304331183415 ], [ -113.663330940228036, 53.454316912872585 ], [ -113.662982115663013, 53.454335757274912 ], [ -113.662634396016102, 53.454360845516433 ], [ -113.662288094450659, 53.454392156026891 ], [ -113.66194352568813, 53.454429660953657 ], [ -113.661600998488723, 53.454473325241906 ], [ -113.661260823143593, 53.454523111148724 ], [ -113.66092330550363, 53.454578971935987 ], [ -113.660588749933822, 53.454640859067261 ], [ -113.660257459371181, 53.454708715019251 ], [ -113.659929732271294, 53.454782478664498 ], [ -113.659605864114397, 53.454862085275607 ], [ -113.65028503649674, 53.457953078297429 ], [ -113.649450380469759, 53.458195708261272 ], [ -113.64916051934388, 53.458292326009904 ], [ -113.64886587653821, 53.458383646083419 ], [ -113.648566723831223, 53.458469585675324 ], [ -113.648263335998266, 53.458550064685959 ], [ -113.647955992294598, 53.458625008422779 ], [ -113.647644979466122, 53.458694347609423 ], [ -113.647330579689225, 53.458758020147606 ], [ -113.64701308567092, 53.458815965769894 ], [ -113.646692791577607, 53.458868130506296 ], [ -113.646369988502613, 53.458914468468201 ], [ -113.646044978075949, 53.458954934699648 ], [ -113.645604898603281, 53.458965729126 ], [ -113.645164567398425, 53.458971834939888 ], [ -113.644724123139028, 53.458973250753466 ], [ -113.64428370601604, 53.458969974286788 ], [ -113.643843457680944, 53.458962008658034 ], [ -113.643534172430861, 53.458973910420752 ], [ -113.643225870140796, 53.458992824364891 ], [ -113.642918995067177, 53.459018722171756 ], [ -113.642613993050759, 53.459051566545781 ], [ -113.642311303989302, 53.459091311191983 ], [ -113.642011366393476, 53.459137896336358 ], [ -113.641714612810404, 53.459191255900961 ], [ -113.641421475884897, 53.459251313028922 ], [ -113.641132376307951, 53.459317980946665 ], [ -113.640847734870164, 53.459391162101234 ], [ -113.640567961900288, 53.459470750824295 ], [ -113.640293461790762, 53.45955663244672 ], [ -113.640061171391935, 53.459635689856775 ], [ -113.639833353021771, 53.459719254237442 ], [ -113.639792786426142, 53.457772666039943 ], [ -113.639657260954749, 53.457772530581636 ], [ -113.639462136171502, 53.457772508995042 ], [ -113.639303241026425, 53.457772490426663 ], [ -113.639267195763964, 53.457924650012316 ], [ -113.63922189962355, 53.458075926176093 ], [ -113.639167411420857, 53.458226118695471 ], [ -113.639103803517571, 53.458375028285509 ], [ -113.639031161806685, 53.458522458395969 ], [ -113.638949579706093, 53.458668213396081 ], [ -113.638710517777326, 53.45887692418102 ], [ -113.638480907346477, 53.459089382422107 ], [ -113.638260916917531, 53.459305435919958 ], [ -113.638050701485668, 53.459524928838754 ], [ -113.637850413061273, 53.45974770353515 ], [ -113.637660196144878, 53.459973601442989 ], [ -113.637480187757319, 53.460202459478758 ], [ -113.637204618136252, 53.460576959386444 ], [ -113.636937508865415, 53.460940692058401 ], [ -113.627544554426166, 53.460945476465717 ], [ -113.619425824659388, 53.460950183737161 ], [ -113.617583437498794, 53.459604192036601 ], [ -113.617466681370118, 53.459518862875512 ], [ -113.616411247307425, 53.458750449912401 ], [ -113.616759107343526, 53.458493775714274 ], [ -113.617472234488787, 53.457967571465886 ], [ -113.618939372357005, 53.456765018596293 ], [ -113.620648488957386, 53.455635651246148 ], [ -113.622072862879989, 53.454674372319552 ], [ -113.623334304924782, 53.453833286591056 ], [ -113.624555887132345, 53.452919627978858 ], [ -113.625695884315931, 53.452078136428248 ], [ -113.628178609161978, 53.450323315520926 ], [ -113.630009606531061, 53.449073469154932 ], [ -113.631939918369625, 53.448055631653574 ], [ -113.634314930451907, 53.44687888191865 ], [ -113.635357083675885, 53.446396425582243 ], [ -113.636202375056769, 53.445966519979748 ], [ -113.637021207492623, 53.445619459010587 ], [ -113.637115465648009, 53.445579506450983 ], [ -113.63720972211388, 53.445539554710479 ], [ -113.637398237525844, 53.445459651013799 ], [ -113.637999578803132, 53.44510482400846 ], [ -113.638600910059239, 53.444749993938494 ], [ -113.639051357097316, 53.443924775494551 ] ], [ [ -113.653616605003137, 53.446737882646708 ], [ -113.653339489329127, 53.446782872971326 ], [ -113.653616604973891, 53.44673788624106 ], [ -113.653616678772096, 53.446737881063363 ], [ -113.653616605003137, 53.446737882646708 ] ], [ [ -113.656830969791315, 53.446594136186057 ], [ -113.656693082803159, 53.446425703520717 ], [ -113.656830924324325, 53.44659417469569 ], [ -113.656879706978529, 53.446653768657789 ], [ -113.656830969791315, 53.446594136186057 ] ], [ [ -113.656938953092279, 53.446657999615311 ], [ -113.657042741710498, 53.446665417284471 ], [ -113.657043617245407, 53.446665480004661 ], [ -113.656938981864599, 53.44665797813127 ], [ -113.656879706978529, 53.446653768657789 ], [ -113.656938953092279, 53.446657999615311 ] ], [ [ -113.657973627469389, 53.446731959067918 ], [ -113.657974582738902, 53.446732027401204 ], [ -113.658093802779675, 53.446731823187903 ], [ -113.657973627469389, 53.446731959067918 ] ], [ [ -113.658119796763955, 53.446731793335786 ], [ -113.658119838866014, 53.446731798847928 ], [ -113.658119838836441, 53.446731793456166 ], [ -113.658119796763955, 53.446731793335786 ] ] ] } },
{ "type": "Feature", "properties": { "catchment": "Big Lake", "merged": false, "components": "Big Lake", "facility_cost": 26143915, "assessable_ha_brief": 1214, "union_ha": 1320.8, "area_ratio": 1.09, "rate_per_ha": 21535, "n_hoods": 6, "member_hoods": "TRUMPETER AREA, STARLING, HAWKS RIDGE, KINGLET GARDENS, PINTAIL LANDING, ANTHONY HENDAY BIG LAKE", "qa_flag": "ok", "approximation": "union of neighbourhoods; boundaries advisory (Bylaw 19340 Schedule A)" }, "geometry": { "type": "Polygon", "coordinates": [ [ [ -113.713764877916418, 53.569905827661856 ], [ -113.713765386854107, 53.570137625611814 ], [ -113.713765597295037, 53.570318392802754 ], [ -113.713769399892371, 53.573572686575204 ], [ -113.713774032551001, 53.577539187012228 ], [ -113.713784130033133, 53.584106412710909 ], [ -113.713784276228665, 53.584195196257134 ], [ -113.71378471512314, 53.584480054207326 ], [ -113.713785137399313, 53.584764913002772 ], [ -113.713790009918014, 53.587065127906392 ], [ -113.713799125102682, 53.59136540213629 ], [ -113.71379950892532, 53.59154508450338 ], [ -113.713800459512896, 53.591994276897118 ], [ -113.713801440164687, 53.592456678555031 ], [ -113.713801644361297, 53.592553419101598 ], [ -113.713665583431762, 53.592565628888558 ], [ -113.713497933707941, 53.592580989718101 ], [ -113.713385023354562, 53.592591516745827 ], [ -113.713239873155004, 53.592604756522981 ], [ -113.713221209004516, 53.592606109995316 ], [ -113.71320370722556, 53.592606888459315 ], [ -113.713170877690757, 53.592607248281674 ], [ -113.713142142098476, 53.592606605201929 ], [ -113.713091835988592, 53.592604022467476 ], [ -113.713016356175288, 53.592598962142063 ], [ -113.712978617037223, 53.592596988188539 ], [ -113.712940881422853, 53.592596054795131 ], [ -113.712873789779721, 53.592595767127676 ], [ -113.712823464531766, 53.592596011188576 ], [ -113.712785718245954, 53.592596652044676 ], [ -113.71272909332275, 53.592598645769606 ], [ -113.712700777688951, 53.592600221304309 ], [ -113.712672460472817, 53.592602252412036 ], [ -113.712661224627794, 53.592603359448908 ], [ -113.71264057060371, 53.592606367742327 ], [ -113.712622850069764, 53.592609778455426 ], [ -113.712561963538633, 53.592624121029672 ], [ -113.712546689884377, 53.592627525927455 ], [ -113.712523477086293, 53.592631888514354 ], [ -113.712511676780082, 53.592633598031455 ], [ -113.712499710012565, 53.592634909073503 ], [ -113.712290629419911, 53.592653793561901 ], [ -113.712057473920851, 53.592674509484013 ], [ -113.7119409335927, 53.59268501563168 ], [ -113.711824513756937, 53.592696007192956 ], [ -113.71170197336906, 53.592708599554172 ], [ -113.711335314805538, 53.592749567291946 ], [ -113.710936282167864, 53.592793079579444 ], [ -113.710873249939397, 53.592799247058736 ], [ -113.710817854167004, 53.592803668135261 ], [ -113.710769237307304, 53.592806953583164 ], [ -113.710683938462694, 53.592811809119162 ], [ -113.710555821700311, 53.592818325856378 ], [ -113.710491854095665, 53.592821891260577 ], [ -113.710428051508956, 53.592826061778872 ], [ -113.710384612951728, 53.592829470127683 ], [ -113.71030878359737, 53.592836415064546 ], [ -113.710195095696605, 53.592847341565147 ], [ -113.710138093011992, 53.592852160103682 ], [ -113.710080868864537, 53.592856011199082 ], [ -113.71005231426274, 53.592857373461861 ], [ -113.710001613002106, 53.59285866048171 ], [ -113.709951739133899, 53.592858890051708 ], [ -113.70991060920197, 53.592858434509445 ], [ -113.709766564151138, 53.592854918602441 ], [ -113.709694589939275, 53.592853605501602 ], [ -113.709658638714117, 53.592853443694082 ], [ -113.709622720473334, 53.5928537582068 ], [ -113.709570935838343, 53.592855103519121 ], [ -113.709525621464252, 53.592856938969369 ], [ -113.709367031706904, 53.592865232445718 ], [ -113.709327394945319, 53.59286706903027 ], [ -113.709267955343961, 53.592869099209928 ], [ -113.709238243156776, 53.592869665013808 ], [ -113.709208538085022, 53.592869854319645 ], [ -113.70918348065004, 53.592869589445471 ], [ -113.709136548606565, 53.59286790374798 ], [ -113.70909552004764, 53.59286544342465 ], [ -113.708951975880368, 53.592853884503697 ], [ -113.708916055093241, 53.592851272100681 ], [ -113.708889090428073, 53.592849629484668 ], [ -113.708848600828688, 53.592847870387011 ], [ -113.708808041794427, 53.592847203788267 ], [ -113.708737598726401, 53.592847494220948 ], [ -113.708631917445715, 53.592848487774049 ], [ -113.708579074901948, 53.592848821866752 ], [ -113.7085262333392, 53.592848793807995 ], [ -113.707682786017813, 53.592844438668827 ], [ -113.70761392277042, 53.592843425753948 ], [ -113.707553727193499, 53.59284162255905 ], [ -113.707448475563567, 53.592837046675399 ], [ -113.707290675671914, 53.59282891136553 ], [ -113.707211747066026, 53.592825278478465 ], [ -113.707132759322306, 53.592822554764545 ], [ -113.707088698130576, 53.592821606739712 ], [ -113.706934322617684, 53.592820216048104 ], [ -113.706857148699143, 53.592819267709295 ], [ -113.70681859397105, 53.59281839238114 ], [ -113.706780070679187, 53.592817121739351 ], [ -113.706687565347849, 53.59281322879329 ], [ -113.706410208054763, 53.592800241572675 ], [ -113.706142855176921, 53.592788444643411 ], [ -113.706009143591359, 53.592783374365531 ], [ -113.705942313529064, 53.592781268309025 ], [ -113.705875509618608, 53.59277952980154 ], [ -113.705849132559877, 53.592779424528295 ], [ -113.705824525833137, 53.592780170070299 ], [ -113.705801553621171, 53.592781531563581 ], [ -113.705780087322282, 53.592783322685364 ], [ -113.705739988003941, 53.592787809573089 ], [ -113.705705012335727, 53.592792681063543 ], [ -113.705643917532214, 53.592802494324033 ], [ -113.705598060752891, 53.592810203711487 ], [ -113.705563577119094, 53.592815773674623 ], [ -113.705537631451264, 53.592819660018847 ], [ -113.705498539744923, 53.59282476573587 ], [ -113.705459181431564, 53.592828678359012 ], [ -113.70536621072425, 53.592836547546234 ], [ -113.70529645988448, 53.592842196830148 ], [ -113.705244135583044, 53.592845758450828 ], [ -113.705204889752807, 53.592847826468407 ], [ -113.705175453117178, 53.592848942776129 ], [ -113.70513129646146, 53.592849776591841 ], [ -113.705087140523759, 53.592849422461072 ], [ -113.705037075764352, 53.592847997010828 ], [ -113.704949458178717, 53.592844325936994 ], [ -113.704883743670507, 53.592840787895213 ], [ -113.704785179461624, 53.592834616792082 ], [ -113.704519539340424, 53.592816580673244 ], [ -113.704436270700995, 53.592810043585352 ], [ -113.70439473070806, 53.592806245984939 ], [ -113.704353261964144, 53.592801979483752 ], [ -113.70429687799475, 53.592795540169945 ], [ -113.704198717097796, 53.592783119907658 ], [ -113.7041254606645, 53.592772966278375 ], [ -113.704016044465021, 53.592756632545566 ], [ -113.703907041754221, 53.592739282535263 ], [ -113.703717396695239, 53.592708153334989 ], [ -113.703527915432559, 53.592676751967637 ], [ -113.703400621813387, 53.592655131918953 ], [ -113.703210030639113, 53.592622039749884 ], [ -113.703114509131481, 53.592605741450114 ], [ -113.703018605077304, 53.592589943536112 ], [ -113.702978360564487, 53.592584104373159 ], [ -113.70294286402688, 53.592579878265596 ], [ -113.702911626725964, 53.592576743722368 ], [ -113.702856663064352, 53.592572240116098 ], [ -113.702690998745311, 53.59256175276694 ], [ -113.702648867802409, 53.592559572345479 ], [ -113.702611832692924, 53.592558505342815 ], [ -113.702481928258123, 53.592556473315057 ], [ -113.702449606050251, 53.592555343397201 ], [ -113.702425460596828, 53.592554078349352 ], [ -113.702389440402825, 53.592551303790557 ], [ -113.702371535579331, 53.592549444112166 ], [ -113.702353713358491, 53.59254722160734 ], [ -113.702275353114459, 53.592535922827601 ], [ -113.70215851005662, 53.592517660316489 ], [ -113.702041579023771, 53.592499679628411 ], [ -113.701893319125546, 53.592477874572225 ], [ -113.701744751088086, 53.592456737112869 ], [ -113.701674128897452, 53.592447588674297 ], [ -113.701567794434567, 53.592435076682357 ], [ -113.701493397576613, 53.592426607939316 ], [ -113.701368449100784, 53.592412166794141 ], [ -113.701288388133364, 53.59240308443016 ], [ -113.701232716344677, 53.592397102829608 ], [ -113.701148956185477, 53.592388917810574 ], [ -113.701106918782031, 53.592385289455606 ], [ -113.701064750347129, 53.592382037266553 ], [ -113.701026210081011, 53.59237961363911 ], [ -113.700990031320643, 53.592377939031778 ], [ -113.700956079418646, 53.592376830696999 ], [ -113.700892342232109, 53.592375763822062 ], [ -113.70089205677246, 53.592375763108528 ], [ -113.700872405259446, 53.592375729261491 ], [ -113.700869432835105, 53.592375724526775 ], [ -113.700836509637654, 53.592375668279402 ], [ -113.700640901034902, 53.592377853275913 ], [ -113.700592016378991, 53.592378167683364 ], [ -113.700518751237354, 53.59237779653715 ], [ -113.700482159417106, 53.59237708133211 ], [ -113.700445600964088, 53.592375919601579 ], [ -113.70012363847691, 53.592362564412234 ], [ -113.700075210821311, 53.59235998630318 ], [ -113.699957699763331, 53.592351363603932 ], [ -113.699926449331386, 53.592349071122705 ], [ -113.699878697692284, 53.592346587183798 ], [ -113.699842969890483, 53.592345653796457 ], [ -113.699816239046541, 53.592345637961465 ], [ -113.69979623376824, 53.592346079301393 ], [ -113.699766306820081, 53.592347570454848 ], [ -113.699736489715562, 53.592350185110377 ], [ -113.699701832251861, 53.592354226249405 ], [ -113.699641621534724, 53.592362369090615 ], [ -113.699462080856151, 53.592389408772391 ], [ -113.699237606840484, 53.592420959385201 ], [ -113.699151214997897, 53.592433102278868 ], [ -113.69904758114275, 53.592448329729038 ], [ -113.698963149482751, 53.592461138777061 ], [ -113.698857485953496, 53.592477791507285 ], [ -113.698795250369685, 53.59248792908204 ], [ -113.698733443287921, 53.59249897527625 ], [ -113.698704837468625, 53.592504758447028 ], [ -113.698619703556218, 53.592523256237129 ], [ -113.698560027474485, 53.592535162265349 ], [ -113.698500139508795, 53.592546699309246 ], [ -113.698431953262627, 53.592552098727495 ], [ -113.698346606698166, 53.592558010175694 ], [ -113.698295277045901, 53.592561000662805 ], [ -113.698226660031224, 53.592564315952963 ], [ -113.698167925190077, 53.592566412486207 ], [ -113.698137778863739, 53.592567077776152 ], [ -113.698109167340078, 53.592567710088581 ], [ -113.698069993155897, 53.59256818904209 ], [ -113.698017770057888, 53.592568109379222 ], [ -113.697948178373395, 53.592567036944622 ], [ -113.697920400037845, 53.592566264127576 ], [ -113.697892290493499, 53.592565128337206 ], [ -113.697850468955863, 53.592562801436046 ], [ -113.697819157569128, 53.592560578340475 ], [ -113.697772281044351, 53.592556513359099 ], [ -113.697725517678094, 53.592551620147844 ], [ -113.697686806255859, 53.592546729289296 ], [ -113.697653245673422, 53.592541787633195 ], [ -113.697594994747575, 53.592532167531047 ], [ -113.697508053261075, 53.592517122891728 ], [ -113.697464435985353, 53.592510135735843 ], [ -113.697420510538208, 53.592504003239782 ], [ -113.697389679545111, 53.592500508847024 ], [ -113.697360534151485, 53.592497861584221 ], [ -113.697333035135642, 53.592495842996733 ], [ -113.697281122030589, 53.592492978176011 ], [ -113.697225334233224, 53.592490820601455 ], [ -113.697121276966243, 53.592486569333765 ], [ -113.697070318609306, 53.592483472306903 ], [ -113.697032445561632, 53.592480275398579 ], [ -113.697004289267184, 53.592477240566382 ], [ -113.696983336664218, 53.59247454476521 ], [ -113.696952210040308, 53.592469734877938 ], [ -113.696921486554601, 53.592463889932574 ], [ -113.696847370101395, 53.592447808875043 ], [ -113.696700210012267, 53.592414554861932 ], [ -113.696626211800393, 53.592398015687287 ], [ -113.696411456836302, 53.592351768884953 ], [ -113.696384288206588, 53.592345610227383 ], [ -113.696311736955153, 53.592327419331454 ], [ -113.696290593209469, 53.592322117919274 ], [ -113.696243312935067, 53.592310805105967 ], [ -113.696219259211333, 53.592305640068133 ], [ -113.696194813939314, 53.592300946688269 ], [ -113.696160403710124, 53.5922955369875 ], [ -113.696130042534435, 53.592291855657976 ], [ -113.696103317911692, 53.592289293311609 ], [ -113.696056282799717, 53.592285923659674 ], [ -113.695914593168979, 53.592278524145769 ], [ -113.695855905611083, 53.592275126600157 ], [ -113.695752936813932, 53.592270619912227 ], [ -113.695598321259368, 53.5922649151412 ], [ -113.695521163979862, 53.592261404848486 ], [ -113.69544424597909, 53.592256757503542 ], [ -113.695432243787366, 53.592255583952458 ], [ -113.695421214596919, 53.592253947408601 ], [ -113.695399273639012, 53.592249258443189 ], [ -113.695383725441715, 53.592245090753757 ], [ -113.695324209517722, 53.592226471465651 ], [ -113.695309138843399, 53.592222272633208 ], [ -113.695297679832464, 53.592219499169182 ], [ -113.695280151716986, 53.59221614593622 ], [ -113.69526211483651, 53.592214019773863 ], [ -113.695237363579196, 53.592212410269042 ], [ -113.695214082162792, 53.592211398469132 ], [ -113.695170264134532, 53.592210575171919 ], [ -113.695131790399245, 53.592210726963195 ], [ -113.694996794258529, 53.592213528902271 ], [ -113.694963111979661, 53.592213820451548 ], [ -113.69493790447244, 53.592213695985116 ], [ -113.694900210322089, 53.592212767790308 ], [ -113.694862691948117, 53.592210712304784 ], [ -113.694830765606696, 53.592208158874122 ], [ -113.694774998087013, 53.592202837180885 ], [ -113.694691373803309, 53.592194256201985 ], [ -113.694649471816078, 53.592190383304434 ], [ -113.694607446994169, 53.59218720828104 ], [ -113.694525023374624, 53.592181790581648 ], [ -113.694486928886235, 53.592179622981284 ], [ -113.69446295225427, 53.592178257912522 ], [ -113.694416367076087, 53.592176410971398 ], [ -113.694381458140214, 53.592175690110778 ], [ -113.694355313877722, 53.592175612551372 ], [ -113.694316183267119, 53.592176376137665 ], [ -113.694277197877852, 53.592178363958155 ], [ -113.694193416469716, 53.592184661937097 ], [ -113.694130660339439, 53.592190027852389 ], [ -113.694036659361927, 53.592198866862518 ], [ -113.693942830382639, 53.592208353221665 ], [ -113.693713026263467, 53.592231935431819 ], [ -113.693576403417893, 53.592246198477739 ], [ -113.693483504718344, 53.592256298797039 ], [ -113.693204817926969, 53.592287571617831 ], [ -113.693031774412162, 53.592307490719122 ], [ -113.692858850175426, 53.592327809747808 ], [ -113.692735357435197, 53.592342996933674 ], [ -113.692666407800374, 53.592352381733299 ], [ -113.692643186709731, 53.59235554262775 ], [ -113.692574410043463, 53.592365854262226 ], [ -113.692523063983046, 53.59237420050767 ], [ -113.692484706036225, 53.592380849430562 ], [ -113.692368728919661, 53.592403497652597 ], [ -113.692317744741445, 53.592414827151707 ], [ -113.692272111913056, 53.592425735474791 ], [ -113.692232560551574, 53.592435725789883 ], [ -113.692164081578852, 53.592454090195375 ], [ -113.692113245610855, 53.592468494055908 ], [ -113.692037642774366, 53.592490903471159 ], [ -113.691962590597058, 53.592514012458523 ], [ -113.691758010331142, 53.59257828457315 ], [ -113.691533358574944, 53.592648861205532 ], [ -113.691415606565116, 53.592685250517583 ], [ -113.691238422977818, 53.592739228984243 ], [ -113.691149955252968, 53.592766372547132 ], [ -113.691061801934012, 53.592793881682809 ], [ -113.691044214286265, 53.592799944870848 ], [ -113.691028463025319, 53.592806251822168 ], [ -113.691014263830056, 53.59281264544915 ], [ -113.691001381953228, 53.592819005634013 ], [ -113.6909781407184, 53.592831706454923 ], [ -113.690958516486361, 53.592843429963899 ], [ -113.690891108410696, 53.592885632333456 ], [ -113.690873651570115, 53.592895700837872 ], [ -113.690860177215811, 53.592902936498177 ], [ -113.690839165418225, 53.592913133297309 ], [ -113.690816972066628, 53.592922350275465 ], [ -113.690775658688352, 53.592937727978743 ], [ -113.690697255588901, 53.5929657095379 ], [ -113.690627883572233, 53.592989500919039 ], [ -113.690383068320813, 53.593071006692043 ], [ -113.690322213045306, 53.59309172340037 ], [ -113.690276869322346, 53.593107540693289 ], [ -113.690209498782949, 53.593131864483034 ], [ -113.690143107807742, 53.593157099243108 ], [ -113.689909447842822, 53.59325020224346 ], [ -113.689831092247644, 53.593280820711691 ], [ -113.689681469448033, 53.593338102323749 ], [ -113.689606288846733, 53.593366399740155 ], [ -113.689530673112074, 53.593394288920322 ], [ -113.689454193316976, 53.593421765155945 ], [ -113.68931522513752, 53.593470259717762 ], [ -113.689163242700488, 53.593522461131592 ], [ -113.689116249332002, 53.593538601683811 ], [ -113.689011056094444, 53.593575263875231 ], [ -113.688966859442118, 53.593591061188043 ], [ -113.688914548525204, 53.593609757798795 ], [ -113.688702322650386, 53.593687644468254 ], [ -113.688490898305389, 53.593766316415817 ], [ -113.68832382277165, 53.593829414176795 ], [ -113.688157723467782, 53.593893404748421 ], [ -113.688096070346859, 53.59391795880699 ], [ -113.688042741726164, 53.593939987939578 ], [ -113.687950320349614, 53.593979329731312 ], [ -113.687812228265543, 53.594038811857637 ], [ -113.68774265835107, 53.594068088721556 ], [ -113.687672268981288, 53.594096640043475 ], [ -113.687634267048196, 53.594111431338732 ], [ -113.687567007682773, 53.594136641734664 ], [ -113.68741454494328, 53.594192315408236 ], [ -113.687364147806136, 53.594211223913817 ], [ -113.687342248201404, 53.594219944095968 ], [ -113.687304878104484, 53.594236074035173 ], [ -113.687249152822289, 53.5942605919277 ], [ -113.687220510586442, 53.594272158262257 ], [ -113.687190775939612, 53.594282746767199 ], [ -113.687150241421804, 53.594295180584233 ], [ -113.687119305465373, 53.594303786343168 ], [ -113.687025279766104, 53.594328011684667 ], [ -113.686944107161295, 53.59434826737256 ], [ -113.686920932270141, 53.594354779906915 ], [ -113.686898396035119, 53.594361941090575 ], [ -113.686890510568958, 53.594364913651773 ], [ -113.686868114629092, 53.594375161843793 ], [ -113.686857563164523, 53.594378954126675 ], [ -113.686850083807599, 53.594380728134055 ], [ -113.6867890091833, 53.594393239268925 ], [ -113.686768311289683, 53.594396704857864 ], [ -113.686649883846286, 53.594413950501149 ], [ -113.686617909981194, 53.594422151744169 ], [ -113.686586391101372, 53.594430918483063 ], [ -113.686512184042229, 53.594453463749858 ], [ -113.686438197368986, 53.594476221614713 ], [ -113.686391652058262, 53.594489909127937 ], [ -113.686226788457006, 53.594535399246062 ], [ -113.686185724863847, 53.59454700195321 ], [ -113.686124743429204, 53.59456522261646 ], [ -113.686094640846321, 53.594574847497157 ], [ -113.686064865846689, 53.594584903652951 ], [ -113.686043488284554, 53.594592621245113 ], [ -113.686023863957587, 53.59460019157239 ], [ -113.685988034768485, 53.594615159675804 ], [ -113.685957570307366, 53.594628967394229 ], [ -113.685931470048402, 53.594641491695107 ], [ -113.685886720300886, 53.594664146232844 ], [ -113.685821363345227, 53.594698570261016 ], [ -113.685754603615948, 53.594733731904043 ], [ -113.685606171996781, 53.59481101948851 ], [ -113.685556099267941, 53.594836072623679 ], [ -113.68551788324163, 53.594854282706706 ], [ -113.685488619133594, 53.594867501291191 ], [ -113.685466233309384, 53.594877119337731 ], [ -113.685431804432469, 53.594891000070298 ], [ -113.685396174185257, 53.594904136300123 ], [ -113.685366001149561, 53.594914040272862 ], [ -113.685339091098811, 53.594921864501629 ], [ -113.685315199883235, 53.594928145701729 ], [ -113.685272738837355, 53.594938071251377 ], [ -113.685240452005658, 53.594944800316185 ], [ -113.685191526201564, 53.594954094198677 ], [ -113.685142262880504, 53.594962866891166 ], [ -113.685110006903699, 53.594968284963343 ], [ -113.68505324828368, 53.594976884237113 ], [ -113.684967820202871, 53.59498898348955 ], [ -113.684925186515557, 53.594995295242619 ], [ -113.684882737484386, 53.595002163692193 ], [ -113.684862470528145, 53.595005710959278 ], [ -113.684847439253801, 53.595008605260318 ], [ -113.684825313349251, 53.595013712964111 ], [ -113.684814493680435, 53.595016761228884 ], [ -113.684803871758064, 53.595020232349498 ], [ -113.68478702620601, 53.595026599396292 ], [ -113.684772968741498, 53.595032597277296 ], [ -113.684749746576841, 53.595043944564068 ], [ -113.684733347223812, 53.595053068745493 ], [ -113.684710116787883, 53.595067552970413 ], [ -113.684688192105654, 53.59508275410959 ], [ -113.684597448525764, 53.595148769594608 ], [ -113.684553044289501, 53.595180636858906 ], [ -113.684535418890647, 53.595192117470916 ], [ -113.684493116876837, 53.595216522995948 ], [ -113.684479743264689, 53.595224993760027 ], [ -113.684473289247435, 53.595230422180393 ], [ -113.684469079619504, 53.595235675902401 ], [ -113.684463762609738, 53.595245617328963 ], [ -113.684456756674379, 53.595261057249168 ], [ -113.684451828979277, 53.595268415365261 ], [ -113.684448634110041, 53.59527188357405 ], [ -113.68444480622901, 53.595275164105956 ], [ -113.68442942027572, 53.595286516718168 ], [ -113.684415350258035, 53.595296207716935 ], [ -113.684402527189476, 53.595304373506011 ], [ -113.684390887810238, 53.59531119273781 ], [ -113.684380364268321, 53.595316852139845 ], [ -113.684361129930082, 53.595325921167586 ], [ -113.684345981892761, 53.595331896352789 ], [ -113.68433418868841, 53.595335843288943 ], [ -113.684315768971359, 53.595340795335048 ], [ -113.684306218270422, 53.595342794655977 ], [ -113.684296429942307, 53.595344452784737 ], [ -113.684207036954732, 53.595357414460672 ], [ -113.684064688073377, 53.595377750254492 ], [ -113.684038250831108, 53.595381653106386 ], [ -113.684011920831438, 53.595385960599835 ], [ -113.684002509641417, 53.595388086067118 ], [ -113.683994784665714, 53.595390550260966 ], [ -113.683982129138769, 53.59539588410091 ], [ -113.683946420516136, 53.595414344719131 ], [ -113.683926180388923, 53.595424581879513 ], [ -113.683896978722558, 53.595440647861992 ], [ -113.683881185206957, 53.595448293553886 ], [ -113.683872645248016, 53.595451877023592 ], [ -113.683863543463147, 53.595455246941846 ], [ -113.683852124243131, 53.595458457078514 ], [ -113.683841840697198, 53.595460280998964 ], [ -113.683832670876939, 53.595461230840122 ], [ -113.683816365893463, 53.595461713432996 ], [ -113.683804032477866, 53.595461326801214 ], [ -113.683767507502338, 53.595458418605162 ], [ -113.683730077700218, 53.595454504284746 ], [ -113.683673996901135, 53.59544725811282 ], [ -113.683645944055925, 53.59544378549743 ], [ -113.683617858246805, 53.595440884289708 ], [ -113.683575960481164, 53.595437565552999 ], [ -113.683544216811853, 53.59543580035416 ], [ -113.68352032767433, 53.595435058743355 ], [ -113.683502406678656, 53.595434905312828 ], [ -113.683475582215195, 53.595435431923192 ], [ -113.68344890247748, 53.595437006662955 ], [ -113.683432179816151, 53.595439008507995 ], [ -113.683418105711553, 53.59544173263297 ], [ -113.68340621011194, 53.595444812968907 ], [ -113.683396115675023, 53.595448009493879 ], [ -113.683379148385228, 53.595454647393709 ], [ -113.683366992431473, 53.595460426392513 ], [ -113.683358189979586, 53.595465171004086 ], [ -113.683345481791051, 53.595472887690406 ], [ -113.683333356362468, 53.59548124930587 ], [ -113.683317722144864, 53.595493432311265 ], [ -113.683305572849079, 53.59550417601514 ], [ -113.683296027989797, 53.595513664095783 ], [ -113.683288453550276, 53.59552204583845 ], [ -113.683276804946644, 53.595536933350999 ], [ -113.68326928964548, 53.595548312935499 ], [ -113.683259734853578, 53.595565791223265 ], [ -113.683251938543563, 53.59558384117333 ], [ -113.683249306782443, 53.595591777716962 ], [ -113.683246170635485, 53.595605755923543 ], [ -113.683242878838612, 53.595626810989828 ], [ -113.683240875854352, 53.595637318258085 ], [ -113.683222374747928, 53.595702388091283 ], [ -113.683218095774222, 53.595715269691148 ], [ -113.683213716255835, 53.595726447303576 ], [ -113.683209240595048, 53.595736140195491 ], [ -113.683204730774037, 53.595744543524347 ], [ -113.683195241958458, 53.595759048556594 ], [ -113.683186561117509, 53.595769736732166 ], [ -113.683179046141944, 53.595777631590863 ], [ -113.683165961123734, 53.595789262404011 ], [ -113.683158530449447, 53.595794973918075 ], [ -113.683150462884981, 53.595800611858365 ], [ -113.68314352172807, 53.595804895015611 ], [ -113.683136773161579, 53.595808471494443 ], [ -113.683123549829972, 53.595814157783295 ], [ -113.68311145062691, 53.595818188255848 ], [ -113.683100522775405, 53.595821115668478 ], [ -113.683080799524774, 53.595825206820408 ], [ -113.683019630735629, 53.595834532987524 ], [ -113.683003831916068, 53.595836388953067 ], [ -113.682979779019746, 53.595837921124698 ], [ -113.682967871691659, 53.595839118846072 ], [ -113.682956211391215, 53.595841216706376 ], [ -113.682931017350413, 53.595847885762751 ], [ -113.682909994615869, 53.595854653928583 ], [ -113.682892352214054, 53.595861247736721 ], [ -113.68287747510476, 53.595867500218716 ], [ -113.682864871529006, 53.595873322010895 ], [ -113.682843714920082, 53.595884247572535 ], [ -113.682828572748406, 53.595893014491118 ], [ -113.682806965747616, 53.595906996744247 ], [ -113.682786622413388, 53.595921869248627 ], [ -113.682780894210453, 53.595926950849702 ], [ -113.682776752159498, 53.59593161521795 ], [ -113.682770771949819, 53.595940091012338 ], [ -113.682762563872686, 53.595952981948521 ], [ -113.68275772415852, 53.595959232269863 ], [ -113.682751732633477, 53.595965184800868 ], [ -113.68273764773501, 53.59597678056705 ], [ -113.682726491857849, 53.59598493262461 ], [ -113.682717427706407, 53.595990711667277 ], [ -113.682710082779465, 53.59599484456335 ], [ -113.682697957707219, 53.596000702651494 ], [ -113.682684216592122, 53.596006127827188 ], [ -113.682668568359503, 53.596011059112634 ], [ -113.682654757739641, 53.596014470367059 ], [ -113.682642607498849, 53.596016831980727 ], [ -113.682631938492776, 53.596018466071691 ], [ -113.682613224662589, 53.596020471507444 ], [ -113.682599188212535, 53.596021363417044 ], [ -113.6825781937941, 53.596021916971743 ], [ -113.682557360129238, 53.596021780834334 ], [ -113.682542604023439, 53.596021348108131 ], [ -113.682531485451761, 53.596020487418514 ], [ -113.682523242356382, 53.596019299183638 ], [ -113.682517164657582, 53.596018002572656 ], [ -113.682508297339382, 53.596015252733551 ], [ -113.682499828414109, 53.596011345672103 ], [ -113.682490083456884, 53.596005174379393 ], [ -113.682483190543707, 53.595999584850532 ], [ -113.682478126960277, 53.595994588749754 ], [ -113.682470720899531, 53.595985718914456 ], [ -113.682460723966415, 53.595972460693261 ], [ -113.682455098746118, 53.595966018173172 ], [ -113.682448367631665, 53.595959802756418 ], [ -113.682404466369121, 53.595924273832388 ], [ -113.682386633548731, 53.595908912781724 ], [ -113.682373895159188, 53.595897454335258 ], [ -113.68236389319074, 53.595888901992822 ], [ -113.682355797871693, 53.595882515812455 ], [ -113.682342191586471, 53.595872986122394 ], [ -113.682334534071686, 53.59586824461848 ], [ -113.682326189144007, 53.595863520159554 ], [ -113.682320957904139, 53.595860943501854 ], [ -113.682310710445449, 53.595857129651343 ], [ -113.682301349460801, 53.595854752298401 ], [ -113.682292924133336, 53.595853295784842 ], [ -113.682277808449044, 53.595851874524058 ], [ -113.68226630256838, 53.595851505207065 ], [ -113.682218209535975, 53.595852054137751 ], [ -113.68220774333156, 53.595852632889702 ], [ -113.682199903241667, 53.595853503467112 ], [ -113.68218815976185, 53.59585581040249 ], [ -113.682182295115126, 53.595857528201307 ], [ -113.682176436179233, 53.595859692612727 ], [ -113.682164540876087, 53.595865120834048 ], [ -113.682155492817998, 53.59587015764415 ], [ -113.682148529390474, 53.59587477675619 ], [ -113.682143102286304, 53.595878976714125 ], [ -113.682134957269724, 53.595886662260249 ], [ -113.682129842655996, 53.595892697962434 ], [ -113.68212350447584, 53.595902160320968 ], [ -113.682118434687141, 53.595912084327949 ], [ -113.682115443978716, 53.59591971437338 ], [ -113.682113502018069, 53.595926480068172 ], [ -113.682111631383094, 53.59593843349549 ], [ -113.682111523182073, 53.595947414585694 ], [ -113.68211217525625, 53.595954117980199 ], [ -113.68211434983435, 53.595964054941014 ], [ -113.682117971662919, 53.595973768403752 ], [ -113.682122908182507, 53.595983813342976 ], [ -113.682127195108379, 53.595991251552547 ], [ -113.682134902951191, 53.596002167394936 ], [ -113.682144563916495, 53.596012679567558 ], [ -113.682150468619753, 53.596017904360579 ], [ -113.682161689653597, 53.596026445581238 ], [ -113.682179375068543, 53.596038699858276 ], [ -113.682188002786887, 53.596044994011301 ], [ -113.682196120202534, 53.596051657026301 ], [ -113.68220728128675, 53.596061949429554 ], [ -113.68222537065661, 53.59608036189082 ], [ -113.682237720797517, 53.596094444993049 ], [ -113.682246295996848, 53.596105124107027 ], [ -113.682258044537647, 53.596121276852728 ], [ -113.682268448000727, 53.596137524870414 ], [ -113.682273821291261, 53.596147345417393 ], [ -113.682278187174262, 53.596156949425698 ], [ -113.682281646036458, 53.596166244607439 ], [ -113.682284295027941, 53.596175167421023 ], [ -113.682287595535556, 53.596192281686349 ], [ -113.682288560042807, 53.596207478454964 ], [ -113.682287810685551, 53.596220784539099 ], [ -113.682285855551342, 53.596232327988488 ], [ -113.682283095166071, 53.596242278800858 ], [ -113.682279840808306, 53.596250823810124 ], [ -113.682276326761666, 53.5962581442543 ], [ -113.682268620788335, 53.596270523396115 ], [ -113.682261485075131, 53.59627937440186 ], [ -113.682255340881184, 53.596285728170841 ], [ -113.682244809741633, 53.596294745384228 ], [ -113.682232640352211, 53.596303067232995 ], [ -113.682222618019992, 53.596308894913086 ], [ -113.682204503889167, 53.596318326003299 ], [ -113.68217679652588, 53.596331555100015 ], [ -113.682149752837631, 53.596345111241618 ], [ -113.682127890297366, 53.59635765854803 ], [ -113.682095640460432, 53.596376955399158 ], [ -113.682078845594106, 53.596386303710702 ], [ -113.682061042531345, 53.596395136248077 ], [ -113.682051465956079, 53.596399127487715 ], [ -113.68204273335958, 53.596402167568279 ], [ -113.682026802428894, 53.596406697248817 ], [ -113.682001846719501, 53.596412340556469 ], [ -113.681941009425259, 53.596425452800517 ], [ -113.681923214265979, 53.596428400492186 ], [ -113.68191425192181, 53.596429446886759 ], [ -113.681905234897926, 53.596430131004766 ], [ -113.681896406968647, 53.596430174932195 ], [ -113.681888678688665, 53.596429618830363 ], [ -113.681875137233192, 53.596427737134384 ], [ -113.681854755089333, 53.596424173965879 ], [ -113.681844519890703, 53.596422736871105 ], [ -113.681834243599923, 53.596421943953075 ], [ -113.681797826217107, 53.59642130976686 ], [ -113.681761273889833, 53.596421748123582 ], [ -113.681724686601697, 53.596423019366277 ], [ -113.681697433442466, 53.596424826722206 ], [ -113.68167712973775, 53.596426906858404 ], [ -113.681661990655144, 53.596428975569822 ], [ -113.681639446887047, 53.59643305538674 ], [ -113.681628255857547, 53.596435591978008 ], [ -113.681617123994556, 53.596438496247757 ], [ -113.681615834953078, 53.596439172149907 ], [ -113.681614665446943, 53.596440624749256 ], [ -113.681613258509572, 53.596441913174026 ], [ -113.681603157417882, 53.596446346884285 ], [ -113.681584059116972, 53.596453247536786 ], [ -113.68155426204747, 53.596463107517842 ], [ -113.681539916235465, 53.59646855701191 ], [ -113.681526596091842, 53.596474808077765 ], [ -113.6815104508958, 53.596483915420087 ], [ -113.681498986399347, 53.596491076298705 ], [ -113.681483002508116, 53.596502434128467 ], [ -113.681468688978796, 53.596514633885391 ], [ -113.681460113439243, 53.596524096542716 ], [ -113.681454126755455, 53.596532784320196 ], [ -113.68144575001898, 53.596548549296188 ], [ -113.681433911130796, 53.596572342915536 ], [ -113.681426274166782, 53.59658374092956 ], [ -113.681421615358531, 53.596589200023004 ], [ -113.681416240561347, 53.596594456825216 ], [ -113.681406022381168, 53.596603202525962 ], [ -113.681387104152421, 53.596617877302336 ], [ -113.681372110733392, 53.596628481144016 ], [ -113.681348458218068, 53.596643986183061 ], [ -113.681302843916797, 53.596671922190914 ], [ -113.681287096215669, 53.596680983835043 ], [ -113.681274805465904, 53.596687327473084 ], [ -113.681265160673632, 53.596691733615259 ], [ -113.68124977514853, 53.596697629598658 ], [ -113.681241580694589, 53.596700201093213 ], [ -113.681232995655392, 53.596702485796079 ], [ -113.681225476026157, 53.596704105686321 ], [ -113.68121115401398, 53.59670617651733 ], [ -113.681198426840808, 53.596707083432349 ], [ -113.681187180728813, 53.596707292495395 ], [ -113.681167347714506, 53.59670662232589 ], [ -113.681137547310968, 53.596704049344936 ], [ -113.681089664383919, 53.596699033433886 ], [ -113.681075873155194, 53.59669721568023 ], [ -113.681055411265532, 53.596693803125888 ], [ -113.681035301330908, 53.596689388683082 ], [ -113.681029627064177, 53.596687668939026 ], [ -113.681024811292971, 53.596685681906948 ], [ -113.681016859181952, 53.596681146209107 ], [ -113.681010774818802, 53.596676516644948 ], [ -113.680991643123292, 53.596658547820688 ], [ -113.680986401474854, 53.596654342837667 ], [ -113.680982109218135, 53.596651439742153 ], [ -113.680974894830058, 53.596647631167855 ], [ -113.680966506530723, 53.596644653352193 ], [ -113.680948670100193, 53.59664022608564 ], [ -113.680932637195284, 53.59663701132606 ], [ -113.680918375299782, 53.596634713352394 ], [ -113.680905774347224, 53.596633104529289 ], [ -113.680883615301013, 53.5966312087277 ], [ -113.680867038820097, 53.596630571454412 ], [ -113.680854706921849, 53.596630543059369 ], [ -113.680836481459735, 53.596631237582919 ], [ -113.68081873107262, 53.596632832856436 ], [ -113.680810267061446, 53.596634089868317 ], [ -113.680795544115895, 53.59663724776901 ], [ -113.680773538162413, 53.596642896891765 ], [ -113.680762503760718, 53.596645481445073 ], [ -113.680751408659603, 53.596647501522796 ], [ -113.680733148227773, 53.596650228541087 ], [ -113.680718984543972, 53.596651934909303 ], [ -113.680708252649737, 53.596652662885433 ], [ -113.680700203829559, 53.596652744746983 ], [ -113.680688231606226, 53.596651892391613 ], [ -113.680682326491521, 53.596650941205532 ], [ -113.680676499958878, 53.596649584966102 ], [ -113.680668569826381, 53.596647148402909 ], [ -113.680661829299098, 53.596644605386118 ], [ -113.680651013986079, 53.596639369212618 ], [ -113.680644188268531, 53.596634902991319 ], [ -113.680640056784284, 53.596631315589271 ], [ -113.68063762172423, 53.596628518978079 ], [ -113.680635204220096, 53.596624195714369 ], [ -113.68063447778465, 53.596619770930488 ], [ -113.680635056719851, 53.596615512274589 ], [ -113.680637696694774, 53.596607962203471 ], [ -113.680644277658487, 53.596596609945124 ], [ -113.680652018036895, 53.596585548328264 ], [ -113.680665192523023, 53.59656858761111 ], [ -113.680686859941829, 53.596543526328446 ], [ -113.680697173405079, 53.596530976325738 ], [ -113.6807062945051, 53.596518297338477 ], [ -113.680709876951724, 53.596511961075656 ], [ -113.680712260591079, 53.596506150881872 ], [ -113.680713688209778, 53.596500921320214 ], [ -113.680714507761394, 53.596491594376559 ], [ -113.680713542540872, 53.596484580126749 ], [ -113.680711829499302, 53.596479382621759 ], [ -113.680707519736401, 53.596471794236855 ], [ -113.680704526240234, 53.59646813529055 ], [ -113.680700938226053, 53.596464592472763 ], [ -113.680695573242801, 53.596460324246628 ], [ -113.680690501426511, 53.596457041653871 ], [ -113.680680857534668, 53.596452112331015 ], [ -113.680673055461583, 53.596448923992384 ], [ -113.680660579120342, 53.59644462061334 ], [ -113.68062189123043, 53.596432591318305 ], [ -113.680602180717628, 53.596427313427625 ], [ -113.680587419727644, 53.596424307792802 ], [ -113.680576515619805, 53.596422841846454 ], [ -113.68056849727995, 53.596422292972356 ], [ -113.680556823651159, 53.596422516110884 ], [ -113.6805511829767, 53.596423158818936 ], [ -113.680545696439637, 53.596424193722171 ], [ -113.680538431667088, 53.596426273427603 ], [ -113.680532306907537, 53.596428612273371 ], [ -113.68052190028925, 53.596433484485907 ], [ -113.680506356097993, 53.596441389190964 ], [ -113.680498289703365, 53.596445006931908 ], [ -113.680489827483029, 53.596448032345201 ], [ -113.68035703535854, 53.596486513747848 ], [ -113.680325794961391, 53.596495032470536 ], [ -113.680318148368201, 53.596497463388737 ], [ -113.680306754913829, 53.596501989686026 ], [ -113.68030108430203, 53.596504795201291 ], [ -113.680295423878604, 53.596508051834185 ], [ -113.680288359203658, 53.596512635522473 ], [ -113.680282721433358, 53.596516692856355 ], [ -113.68027440002497, 53.596523871899791 ], [ -113.680269735243286, 53.596529303076458 ], [ -113.680267278428033, 53.596533393170404 ], [ -113.680266090605471, 53.596536464961467 ], [ -113.680265459161703, 53.596541071228536 ], [ -113.680266335292515, 53.596545670740632 ], [ -113.680269791805628, 53.596552821945544 ], [ -113.680273353894208, 53.596558194230134 ], [ -113.680279850340938, 53.596566251245271 ], [ -113.680287242715721, 53.596574285493254 ], [ -113.680295363978132, 53.596582013472734 ], [ -113.680308076445968, 53.596592856538209 ], [ -113.680314134720575, 53.596598328943173 ], [ -113.680319663764379, 53.59660407310448 ], [ -113.680327268768494, 53.596613557338763 ], [ -113.680337125382636, 53.596628126401008 ], [ -113.680346253253617, 53.596642983759374 ], [ -113.680352698678547, 53.596654001478257 ], [ -113.680356946307796, 53.596662411018315 ], [ -113.680359582709698, 53.596668749504367 ], [ -113.680362325305609, 53.596678229734138 ], [ -113.680363200326212, 53.596687580970475 ], [ -113.680362129706268, 53.596693136769879 ], [ -113.680359805498199, 53.596697869709537 ], [ -113.680356877684432, 53.596701920806474 ], [ -113.680350160955555, 53.59670883366659 ], [ -113.680337682132389, 53.596718860912809 ], [ -113.68032448494192, 53.596728600488014 ], [ -113.680318588819731, 53.596732060471538 ], [ -113.680312489045022, 53.59673448383991 ], [ -113.680288958014927, 53.596741241250051 ], [ -113.680283640131208, 53.596743140133952 ], [ -113.68028006893455, 53.596744774108252 ], [ -113.68027559837283, 53.596747686165969 ], [ -113.68027246382799, 53.596751307183894 ], [ -113.6802700611928, 53.596756222325382 ], [ -113.680267803439889, 53.596764955950007 ], [ -113.680267425736389, 53.596771566743833 ], [ -113.680268338751532, 53.596781485090617 ], [ -113.680270242095943, 53.596791282078371 ], [ -113.680274426424063, 53.59680527437289 ], [ -113.680282337474893, 53.596826245166099 ], [ -113.680285471074285, 53.596836755324126 ], [ -113.680287102907954, 53.59684730190623 ], [ -113.680287135021558, 53.596857253842707 ], [ -113.680285553435041, 53.5968722641068 ], [ -113.680279285575878, 53.59690695078929 ], [ -113.680275643139538, 53.596916617940494 ], [ -113.680272854967086, 53.59692137749488 ], [ -113.68026922588453, 53.596926074597071 ], [ -113.680264982462091, 53.596930310879834 ], [ -113.680256252267938, 53.596936802308981 ], [ -113.680248876771358, 53.596941129066899 ], [ -113.680197366540682, 53.596967554549003 ], [ -113.680176483842629, 53.596977650076255 ], [ -113.680160588039428, 53.596984873566001 ], [ -113.680136248280434, 53.596995085648501 ], [ -113.680111165524536, 53.59700446993849 ], [ -113.680105266425585, 53.597006316939876 ], [ -113.680093364484094, 53.597008946737475 ], [ -113.680082252555039, 53.597010378133753 ], [ -113.680072163478471, 53.597010982867808 ], [ -113.680063166213344, 53.597011030700408 ], [ -113.680047333806428, 53.597010059231572 ], [ -113.680035635862666, 53.597008480587583 ], [ -113.680027101555055, 53.597006833123132 ], [ -113.680014894667721, 53.5970036401527 ], [ -113.680003663884804, 53.596999610510942 ], [ -113.67998761967111, 53.596992086870337 ], [ -113.679976756920951, 53.596985931254927 ], [ -113.679961903441324, 53.596975955855612 ], [ -113.679948232660948, 53.596965191063916 ], [ -113.679941372317089, 53.596958713672521 ], [ -113.679931707350832, 53.596946776153651 ], [ -113.679918607069823, 53.59692848452277 ], [ -113.679910688913708, 53.596919666176852 ], [ -113.679905985264995, 53.596915439222393 ], [ -113.67990063086107, 53.596911373171245 ], [ -113.679890693741527, 53.59690506726411 ], [ -113.679881452014982, 53.596900089530713 ], [ -113.679864206588775, 53.596892416190343 ], [ -113.679850516761704, 53.596887374436747 ], [ -113.679829049681715, 53.59688065487925 ], [ -113.679806811995491, 53.596874564962633 ], [ -113.679794029808861, 53.596871349762679 ], [ -113.6797822433047, 53.596868704234126 ], [ -113.679771636583027, 53.596866653131734 ], [ -113.679752835125939, 53.596863998712493 ], [ -113.67973890258753, 53.59686308979667 ], [ -113.679728755483396, 53.596863182151885 ], [ -113.679721400746558, 53.596863760028086 ], [ -113.67971091304716, 53.596865545306692 ], [ -113.679701239231392, 53.596868569218465 ], [ -113.679693508443179, 53.596871932604664 ], [ -113.679680741388623, 53.596878500349575 ], [ -113.679653085664498, 53.596894334902572 ], [ -113.679643397487951, 53.596899255688342 ], [ -113.679597949876182, 53.596919948882046 ], [ -113.679574632719394, 53.59692975473142 ], [ -113.679550921096961, 53.596938988018664 ], [ -113.679543255117295, 53.596941568899432 ], [ -113.679535712310454, 53.596943642407915 ], [ -113.679520780491401, 53.596946628860969 ], [ -113.679507049065762, 53.596948284125403 ], [ -113.679494670647443, 53.59694900129292 ], [ -113.67948366267062, 53.596949071552785 ], [ -113.679473961578623, 53.596948709497426 ], [ -113.679456996405989, 53.596947123877179 ], [ -113.679444429933412, 53.596945145673416 ], [ -113.679435177234751, 53.596943219477545 ], [ -113.679421694033863, 53.59693962135907 ], [ -113.679408844126257, 53.596935176669611 ], [ -113.679396358080865, 53.596930157857926 ], [ -113.679385612588661, 53.596925486968502 ], [ -113.679376607519444, 53.596921181074599 ], [ -113.679369208442367, 53.596917238917847 ], [ -113.679357777454953, 53.596909936025106 ], [ -113.679350856388098, 53.596904109912543 ], [ -113.679346812502601, 53.596899537849282 ], [ -113.67934451460998, 53.596895991259196 ], [ -113.679342388686308, 53.596890480818772 ], [ -113.679342015286707, 53.596884734252995 ], [ -113.679343675796716, 53.596875902896628 ], [ -113.679347930224836, 53.596862643963931 ], [ -113.679351884327929, 53.596849348282866 ], [ -113.679354860361613, 53.596829367189457 ], [ -113.67935784795533, 53.596799280617461 ], [ -113.679360768014021, 53.596784297314656 ], [ -113.679363008713935, 53.59677684324916 ], [ -113.679365930413624, 53.596769423357394 ], [ -113.679370171199622, 53.596762352955849 ], [ -113.679375273390903, 53.596756627351141 ], [ -113.679380635289405, 53.596751913352406 ], [ -113.679391589398577, 53.596744186996446 ], [ -113.679410347721017, 53.59673337423353 ], [ -113.679449172529729, 53.596711940906324 ], [ -113.679464052314344, 53.596704243929693 ], [ -113.679486912728763, 53.596693301064263 ], [ -113.679510609675745, 53.596682996634485 ], [ -113.679522899628751, 53.596678789116503 ], [ -113.679534294896214, 53.596676036709461 ], [ -113.679555223361689, 53.596672469650954 ], [ -113.67957134218932, 53.59667010639707 ], [ -113.679583446283459, 53.596668101710584 ], [ -113.679592437158178, 53.596666293565072 ], [ -113.679605644375428, 53.5966628352204 ], [ -113.679612066990401, 53.59666067064682 ], [ -113.679618336665868, 53.596658156113065 ], [ -113.679638803262534, 53.596648549298678 ], [ -113.67965280406483, 53.596640624400059 ], [ -113.679661691521332, 53.596634314950158 ], [ -113.679667088180793, 53.596629392559429 ], [ -113.67967027239628, 53.596625600958639 ], [ -113.679673429793581, 53.596619763203343 ], [ -113.679674360414978, 53.596613755944453 ], [ -113.679673525476602, 53.59660811238016 ], [ -113.679671942545355, 53.596603103911775 ], [ -113.679667597245356, 53.59659424569081 ], [ -113.679663316922927, 53.596587581094504 ], [ -113.679655837680045, 53.596577666731271 ], [ -113.679639846405834, 53.596558581964231 ], [ -113.679635537916766, 53.596554044246993 ], [ -113.67963067837097, 53.596549667698554 ], [ -113.679622773489655, 53.596543704179403 ], [ -113.679607556482154, 53.596534091689598 ], [ -113.679583238424499, 53.596520490263359 ], [ -113.679571268833854, 53.596513508541001 ], [ -113.67955995678733, 53.596506067603087 ], [ -113.679547430142023, 53.596497046391249 ], [ -113.679538500694662, 53.596490142896521 ], [ -113.679532313265113, 53.5964847860239 ], [ -113.67952421594461, 53.596476310431996 ], [ -113.679520842170163, 53.596471816548771 ], [ -113.679518004695112, 53.59646711562953 ], [ -113.679516116476279, 53.596462729960777 ], [ -113.679514554242132, 53.596454989840993 ], [ -113.67951493564523, 53.59644331462232 ], [ -113.679516352829637, 53.596431698788592 ], [ -113.679517877754094, 53.596422812252264 ], [ -113.679522925517873, 53.596407304476557 ], [ -113.679531943757823, 53.596384108239754 ], [ -113.679535090290443, 53.59637252040018 ], [ -113.679535916606568, 53.596366724929339 ], [ -113.679536090389973, 53.596360926812409 ], [ -113.679535149456882, 53.596354521859773 ], [ -113.679533165128575, 53.596349063919448 ], [ -113.679530572056507, 53.596344404091354 ], [ -113.679524192279828, 53.596336522571953 ], [ -113.679517940826301, 53.596330846528531 ], [ -113.679512466087274, 53.596326728019193 ], [ -113.679503052125654, 53.596320779320557 ], [ -113.679492270486193, 53.596315115404536 ], [ -113.679487620721474, 53.596313562772515 ], [ -113.67948392672308, 53.59631306135136 ], [ -113.679478344689613, 53.596313140751853 ], [ -113.679473076067936, 53.596313921889461 ], [ -113.679452589646502, 53.596318581002407 ], [ -113.679437520813408, 53.596322734342699 ], [ -113.679426404910174, 53.596326307898963 ], [ -113.679410060547767, 53.596332539845037 ], [ -113.679394145077666, 53.596339981537561 ], [ -113.679385377740587, 53.596344793345089 ], [ -113.679371789246673, 53.596353531640155 ], [ -113.679362820926272, 53.596360348553837 ], [ -113.679350852456579, 53.596370984510187 ], [ -113.679340058550807, 53.596382102559673 ], [ -113.67933844992065, 53.59638428451143 ], [ -113.67933702558588, 53.596388659509508 ], [ -113.679337056775708, 53.596392719409437 ], [ -113.679340196702057, 53.596407545523924 ], [ -113.679340241922205, 53.596411148979215 ], [ -113.679339722136945, 53.596413763373299 ], [ -113.67933775588898, 53.59641749083513 ], [ -113.679334003381257, 53.596420925063903 ], [ -113.679320468325812, 53.596429384035716 ], [ -113.679307982111609, 53.596435977654252 ], [ -113.679296597295263, 53.596441146368413 ], [ -113.679286302317735, 53.596445219928917 ], [ -113.679267588441817, 53.596451373618059 ], [ -113.679253018992441, 53.596455199390704 ], [ -113.67924181494871, 53.596457639575313 ], [ -113.679224600816582, 53.5964606306569 ], [ -113.67920694542461, 53.596462847768251 ], [ -113.679193483221795, 53.596463678815454 ], [ -113.679173209907603, 53.596463921896479 ], [ -113.679163133925343, 53.596464209387705 ], [ -113.679153159968365, 53.596464986881571 ], [ -113.679098850749796, 53.596471458451582 ], [ -113.679071969980725, 53.596475533343458 ], [ -113.679045503970585, 53.596480688544787 ], [ -113.679033386841056, 53.5964836195852 ], [ -113.679012793217723, 53.596489450991434 ], [ -113.678982423136034, 53.596498698655154 ], [ -113.678967025383074, 53.596502986740511 ], [ -113.678951210485678, 53.596506707594898 ], [ -113.678889667559162, 53.596519106511863 ], [ -113.67883582137118, 53.596529241845879 ], [ -113.678819325043435, 53.596532186271979 ], [ -113.678806810889299, 53.596534682206283 ], [ -113.678797948892822, 53.596537023500858 ], [ -113.678791849627856, 53.596539172724171 ], [ -113.678787690375941, 53.596541060274312 ], [ -113.678782279827175, 53.596544416351065 ], [ -113.678778064601673, 53.596548505288887 ], [ -113.67877434293105, 53.596554239067153 ], [ -113.678772168497872, 53.596559317435748 ], [ -113.678770092821097, 53.596568303125913 ], [ -113.678768823792183, 53.59658186658659 ], [ -113.678767928176356, 53.596588618861261 ], [ -113.678766188638505, 53.596595308665137 ], [ -113.678744606299176, 53.59665579392793 ], [ -113.678738680528255, 53.596677482490811 ], [ -113.678735192358332, 53.596684691475964 ], [ -113.678730985578952, 53.596690651292917 ], [ -113.678726493208785, 53.596695628187348 ], [ -113.678716986591965, 53.596703886738041 ], [ -113.678708644495359, 53.5967097707533 ], [ -113.678694495883306, 53.596718236992707 ], [ -113.678678779798418, 53.596726440228494 ], [ -113.678670600996185, 53.596730311844624 ], [ -113.678656085532268, 53.596736160408952 ], [ -113.678644943871305, 53.596739721243218 ], [ -113.678636400300732, 53.596741896243735 ], [ -113.678623214444329, 53.59674431756946 ], [ -113.678609501943185, 53.596745672653689 ], [ -113.678597263212566, 53.596745903069333 ], [ -113.678586556802117, 53.596745454673233 ], [ -113.678567821199252, 53.596743693440004 ], [ -113.678539718832369, 53.596740318340395 ], [ -113.678525668173094, 53.596739059415562 ], [ -113.678511617840144, 53.596738553505844 ], [ -113.678494311515152, 53.596738544751254 ], [ -113.678481342938355, 53.596738808239053 ], [ -113.678471619907384, 53.596739353616321 ], [ -113.678457034941303, 53.596741022641531 ], [ -113.678449740974344, 53.596742350923066 ], [ -113.678442443977445, 53.596744078168612 ], [ -113.678431430688278, 53.596747440740245 ], [ -113.678422537705345, 53.596750870112629 ], [ -113.678415335649646, 53.596754217764101 ], [ -113.678404054731757, 53.596760796555557 ], [ -113.678396720175755, 53.596766275298272 ], [ -113.678391862163906, 53.596770660825811 ], [ -113.678385631021072, 53.596777636883502 ], [ -113.678380683668024, 53.596785034234202 ], [ -113.678379435701444, 53.596787851544818 ], [ -113.678378727573957, 53.596793179161295 ], [ -113.678379497017573, 53.596797877245073 ], [ -113.678382814844397, 53.596806145075476 ], [ -113.678388744771937, 53.596818543541836 ], [ -113.678390346150096, 53.596824684296386 ], [ -113.678390445381766, 53.596827728975903 ], [ -113.678389937525978, 53.596830753153512 ], [ -113.678385023994892, 53.596847022344882 ], [ -113.678380355096309, 53.596859124546882 ], [ -113.678375894031007, 53.596868126283482 ], [ -113.678371838647081, 53.596874827828906 ], [ -113.678364359749352, 53.596884789232206 ], [ -113.678354886329871, 53.596894628457804 ], [ -113.678344437713534, 53.596903788425344 ], [ -113.678334948711182, 53.596911302962866 ], [ -113.678326332236708, 53.596917500719307 ], [ -113.678310433059366, 53.596927515864444 ], [ -113.678297718146155, 53.59693434778675 ], [ -113.678287680657945, 53.596939096792354 ], [ -113.678271729356325, 53.596945631564743 ], [ -113.678254597528195, 53.596951473046126 ], [ -113.678239943222437, 53.596955696541336 ], [ -113.678217747830587, 53.596961161373315 ], [ -113.678194954759164, 53.596966161821577 ], [ -113.678088923353286, 53.596992083029349 ], [ -113.678062407355156, 53.596997396928785 ], [ -113.678042564331818, 53.597000415812829 ], [ -113.678027720185725, 53.59700198704104 ], [ -113.678016612035449, 53.597002713763558 ], [ -113.677999995341821, 53.597002980862186 ], [ -113.677983444452707, 53.597002142873585 ], [ -113.6779764733744, 53.597001327067971 ], [ -113.677964339451975, 53.596999087485301 ], [ -113.677927842623191, 53.596990568604333 ], [ -113.677844518197858, 53.596975131237542 ], [ -113.677802751182327, 53.596967987345884 ], [ -113.677760993850242, 53.596961557842349 ], [ -113.677753820350929, 53.596960942762138 ], [ -113.677747523776389, 53.596961016563483 ], [ -113.677736470556084, 53.596962267284134 ], [ -113.677728168047693, 53.596963917195609 ], [ -113.677703314254671, 53.596970539341712 ], [ -113.677696546068063, 53.596973036257957 ], [ -113.677691479186123, 53.596975875624814 ], [ -113.677683967671143, 53.596981763602827 ], [ -113.677674041080238, 53.596990984224725 ], [ -113.677668784668754, 53.596994908573215 ], [ -113.677662780487637, 53.596997846055906 ], [ -113.677658410926938, 53.596999170484793 ], [ -113.677649033443203, 53.597000945993102 ], [ -113.677639841390388, 53.597001777585241 ], [ -113.677631282499291, 53.597001982769989 ], [ -113.677615754998214, 53.597001247230558 ], [ -113.677604176615873, 53.596999849286881 ], [ -113.677595830010688, 53.596998361204484 ], [ -113.677584291611453, 53.596995481596586 ], [ -113.677574489706487, 53.59699189408682 ], [ -113.677571249669128, 53.596989894986706 ], [ -113.677569335018106, 53.596987615504155 ], [ -113.677568398973065, 53.596985168825384 ], [ -113.677568165946909, 53.596982642269403 ], [ -113.677569066713218, 53.596977422108665 ], [ -113.677577452938451, 53.596957239076474 ], [ -113.677578614227912, 53.596952521029145 ], [ -113.677578696442382, 53.596949262075519 ], [ -113.677578192366184, 53.596947020539929 ], [ -113.677576343412724, 53.596944048423893 ], [ -113.677572952513842, 53.59694162748 ], [ -113.677566283724786, 53.596938806818699 ], [ -113.67755929800164, 53.596936544224171 ], [ -113.677552569529496, 53.596934816981694 ], [ -113.677540082048381, 53.596932594375019 ], [ -113.677530706004262, 53.596931801716202 ], [ -113.677523996007594, 53.596931814186398 ], [ -113.677519283055076, 53.596932212140196 ], [ -113.677512931841662, 53.596933510556056 ], [ -113.677507704957947, 53.596935738444799 ], [ -113.677500051483335, 53.596940826286342 ], [ -113.677487732771169, 53.596950955207696 ], [ -113.677469881600828, 53.596967335063994 ], [ -113.677460310986689, 53.596975229414603 ], [ -113.677449739722306, 53.596982416575095 ], [ -113.677413597639884, 53.597004084727146 ], [ -113.677403917132949, 53.597009150923647 ], [ -113.677388246109572, 53.597016150903428 ], [ -113.677379743294054, 53.597019305383995 ], [ -113.677370703312619, 53.597022183448061 ], [ -113.677357805832742, 53.597025395269924 ], [ -113.677346317678058, 53.597027421161094 ], [ -113.677336152764781, 53.597028655369563 ], [ -113.677318219962899, 53.597029767090973 ], [ -113.677304746515247, 53.59702986464859 ], [ -113.677284684477513, 53.597029106055196 ], [ -113.677265041969008, 53.597027608154207 ], [ -113.677254471536997, 53.597026355770382 ], [ -113.677236068992073, 53.597023101775406 ], [ -113.677208495918947, 53.59701745796022 ], [ -113.677194628525953, 53.597015137243702 ], [ -113.677180653421388, 53.597013669892661 ], [ -113.677147756522174, 53.597011872031395 ], [ -113.677122665330216, 53.597011179816711 ], [ -113.677103796540507, 53.597011227749306 ], [ -113.677089690603395, 53.597011665039126 ], [ -113.677068726742391, 53.597013089339683 ], [ -113.677048135296573, 53.597015594743212 ], [ -113.677035055413114, 53.597017962264836 ], [ -113.67701576093468, 53.597022130853382 ], [ -113.676996209434819, 53.5970257344324 ], [ -113.676892399711093, 53.597040301538918 ], [ -113.676825449407275, 53.597048899047358 ], [ -113.676724817898375, 53.597061275749219 ], [ -113.676674794276863, 53.59706817474148 ], [ -113.676625199134136, 53.597076128913294 ], [ -113.676583110181127, 53.597083857138472 ], [ -113.67657352317832, 53.597085763190002 ], [ -113.676338636026841, 53.597132464791912 ], [ -113.676328050216313, 53.597134212666766 ], [ -113.676317960253328, 53.597135317594969 ], [ -113.67629868895763, 53.597136239535757 ], [ -113.676281538963707, 53.597136112270725 ], [ -113.676220780049277, 53.597133270103562 ], [ -113.676205732254914, 53.597133011930246 ], [ -113.676194563277988, 53.597133190180998 ], [ -113.676178058187702, 53.597134262462667 ], [ -113.676161931999744, 53.597136552454309 ], [ -113.676154936976573, 53.597138276783326 ], [ -113.67614895503813, 53.597140462132998 ], [ -113.676143785037141, 53.597142942619101 ], [ -113.676135017462045, 53.597148505406601 ], [ -113.676128068479954, 53.597154084797012 ], [ -113.6761050334392, 53.597174875062471 ], [ -113.676098653990536, 53.597179459459646 ], [ -113.676093478113728, 53.59718250963185 ], [ -113.676084900955161, 53.597186282047119 ], [ -113.676080175339379, 53.597187737546946 ], [ -113.676075116899838, 53.597188863262808 ], [ -113.676019502724117, 53.597198682532024 ], [ -113.675963590410149, 53.597207978889045 ], [ -113.675914931855544, 53.597215297306008 ], [ -113.675841777575059, 53.597225814816206 ], [ -113.675805423481791, 53.597231632630631 ], [ -113.675769401285663, 53.597238294207934 ], [ -113.675740344924932, 53.597244679014608 ], [ -113.675715443459282, 53.597250954662918 ], [ -113.675693987202322, 53.597256887396739 ], [ -113.675657028742592, 53.597268042033782 ], [ -113.675445708897769, 53.597337622679561 ], [ -113.675296181783267, 53.597388054609034 ], [ -113.67473675315486, 53.597563573174064 ], [ -113.674596987362008, 53.597619303669909 ], [ -113.674517541588713, 53.597650704396642 ], [ -113.674135876868334, 53.597797004318842 ], [ -113.674062832710973, 53.597827959403133 ], [ -113.674040907744995, 53.597839766424293 ], [ -113.674021458060139, 53.597853020619098 ], [ -113.674004752444006, 53.597867538510634 ], [ -113.67392953191235, 53.59793745301161 ], [ -113.673847908008412, 53.598004779155474 ], [ -113.673639625559048, 53.598165276728764 ], [ -113.67357892620268, 53.598209996490183 ], [ -113.673501597748768, 53.598262972896407 ], [ -113.673421006098522, 53.598314197987079 ], [ -113.673290181423653, 53.598392312690535 ], [ -113.673156282966019, 53.598468562374798 ], [ -113.67303116964824, 53.598537393815896 ], [ -113.672889004471301, 53.598614189418683 ], [ -113.672804675761057, 53.598657774875122 ], [ -113.672717758291668, 53.59869952097344 ], [ -113.672658858560354, 53.598728321329936 ], [ -113.672602603426242, 53.598758935052267 ], [ -113.672541038701837, 53.598797904556015 ], [ -113.672486159381251, 53.59884026112713 ], [ -113.672399734597604, 53.598909615626731 ], [ -113.672306424913856, 53.598975737863981 ], [ -113.672155484190654, 53.599073279397608 ], [ -113.672057112731125, 53.599137892323839 ], [ -113.671972497101748, 53.599199158797838 ], [ -113.671793890277826, 53.59933199151348 ], [ -113.67177785299549, 53.599343330826464 ], [ -113.671761313144941, 53.599354412661569 ], [ -113.671737588408234, 53.599369813163129 ], [ -113.67171374029941, 53.599385146826116 ], [ -113.671689777910046, 53.599400410081003 ], [ -113.671665693666142, 53.599415605602779 ], [ -113.671665036524487, 53.599506001631973 ], [ -113.671664377868581, 53.599596397655638 ], [ -113.670223928655659, 53.599601414653378 ], [ -113.664152750636774, 53.599622368872268 ], [ -113.664000552538383, 53.599622886954549 ], [ -113.663849473864801, 53.599623400798983 ], [ -113.662640797523252, 53.599627507251761 ], [ -113.661614283798329, 53.59963098720381 ], [ -113.658242193825629, 53.599642356959109 ], [ -113.657527055399996, 53.599644758718895 ], [ -113.651833217181093, 53.599663694309648 ], [ -113.651529383987253, 53.599664700584142 ], [ -113.650695878357425, 53.599667497659517 ], [ -113.650555161250068, 53.59966796925206 ], [ -113.649528701405544, 53.599671407696775 ], [ -113.64596693952096, 53.599683262450526 ], [ -113.639290149839411, 53.59970519861816 ], [ -113.638943717222418, 53.599706337467829 ], [ -113.638944099173756, 53.599749238992807 ], [ -113.638888000233408, 53.601767346711235 ], [ -113.638925479196516, 53.60180056824921 ], [ -113.638911510757652, 53.60230153885631 ], [ -113.638874209565273, 53.602263188717544 ], [ -113.638704506418165, 53.602096303960863 ], [ -113.638525979478075, 53.601932709889489 ], [ -113.638338808700041, 53.601772569652276 ], [ -113.638143183101135, 53.601616045526121 ], [ -113.637939300790876, 53.601463295321956 ], [ -113.637727367452598, 53.601314473278954 ], [ -113.637507596351057, 53.601169729166088 ], [ -113.637280209835296, 53.601029209185533 ], [ -113.637045436324854, 53.600893055065221 ], [ -113.636803513331103, 53.600761404068116 ], [ -113.636554684435964, 53.600634388983295 ], [ -113.63629920080254, 53.600512138130796 ], [ -113.636086117644965, 53.600416059439517 ], [ -113.635868922071808, 53.600323294424484 ], [ -113.635616422362588, 53.600221638724641 ], [ -113.635358986179213, 53.600124461284302 ], [ -113.635096839325655, 53.600031849024788 ], [ -113.634830210689543, 53.599943880791059 ], [ -113.634559330670157, 53.599860634535517 ], [ -113.634255619986519, 53.599774298626343 ], [ -113.633947340841658, 53.59969389841784 ], [ -113.633745680205294, 53.599645138657202 ], [ -113.633507532594962, 53.599578467590788 ], [ -113.632799029469325, 53.599454068861569 ], [ -113.632543405989381, 53.599412664452878 ], [ -113.632286081247301, 53.599375175707316 ], [ -113.632027224168993, 53.5993416255982 ], [ -113.628011129319404, 53.598852678848452 ], [ -113.627696292727862, 53.598811987566329 ], [ -113.627383191126299, 53.598766811510636 ], [ -113.627072002651559, 53.598717174613149 ], [ -113.626725286670023, 53.598656215305375 ], [ -113.626381460489725, 53.598589720622627 ], [ -113.626040770042891, 53.598517738084588 ], [ -113.625703467258745, 53.598440319725121 ], [ -113.625369793438679, 53.598357522939025 ], [ -113.625003854412526, 53.598259362492819 ], [ -113.624643018334041, 53.598154732716388 ], [ -113.624287606266023, 53.598043726319446 ], [ -113.623937939180351, 53.597926445000354 ], [ -113.624557523670418, 53.597822384001589 ], [ -113.625375743686561, 53.597684955389695 ], [ -113.625848628116572, 53.597605526842493 ], [ -113.627090899336338, 53.597396856876614 ], [ -113.627086763765433, 53.597686015112188 ], [ -113.627397997081289, 53.597743087948466 ], [ -113.627711769017708, 53.597795007278698 ], [ -113.628027839615442, 53.597841735495187 ], [ -113.628345967408677, 53.597883234089338 ], [ -113.629037062255435, 53.597967475256574 ], [ -113.628897962945487, 53.598031817810288 ], [ -113.628752502220294, 53.59809097358503 ], [ -113.628601225864102, 53.598144721401759 ], [ -113.628444702172473, 53.598192858124847 ], [ -113.62828351586181, 53.598235204035234 ], [ -113.628118274126749, 53.598271601052382 ], [ -113.62794959608874, 53.598301910006008 ], [ -113.627778114218685, 53.598326020525271 ], [ -113.627604472927658, 53.598343839353149 ], [ -113.627429322428696, 53.598355301110431 ], [ -113.627253321811708, 53.598360362015327 ], [ -113.627077129947025, 53.59835900344973 ], [ -113.627076028277742, 53.598435895805189 ], [ -113.627415830765713, 53.598491831932748 ], [ -113.627758069511145, 53.59854224116588 ], [ -113.628102489400987, 53.598587088544811 ], [ -113.628581496926117, 53.598645416403862 ], [ -113.631770520782027, 53.596823395510491 ], [ -113.63782485388748, 53.593363495954513 ], [ -113.638937144038039, 53.592262241967028 ], [ -113.639203267287883, 53.59199866097245 ], [ -113.639359429324315, 53.592001279354292 ], [ -113.639438884388412, 53.58862810308986 ], [ -113.639686350593692, 53.588626998333503 ], [ -113.640258159756769, 53.588359838438407 ], [ -113.640101559302195, 53.588166336146827 ], [ -113.639795500573598, 53.587788148716996 ], [ -113.639458725289472, 53.587785731727521 ], [ -113.639524264618743, 53.585002766073401 ], [ -113.639702168569968, 53.585004249030725 ], [ -113.639872429840139, 53.585004298833162 ], [ -113.640304010162623, 53.585004438749777 ], [ -113.640386648729162, 53.58520731556235 ], [ -113.640480251029103, 53.585408499960955 ], [ -113.640584717805979, 53.5856077822503 ], [ -113.640699940728254, 53.585804953603798 ], [ -113.64082580085558, 53.585999808754906 ], [ -113.640900968777657, 53.586101989254381 ], [ -113.64098615534192, 53.586201346743309 ], [ -113.641081061496948, 53.586297535244867 ], [ -113.641182036347402, 53.586387442754926 ], [ -113.64129150361687, 53.586473758814485 ], [ -113.641409103266241, 53.586556201961407 ], [ -113.64153445101519, 53.586634498747941 ], [ -113.641667132210017, 53.586708394505884 ], [ -113.64180671096058, 53.586777644388356 ], [ -113.641952730071921, 53.586842021457329 ], [ -113.642104709557159, 53.586901313983738 ], [ -113.642262149635442, 53.586955328152754 ], [ -113.64242453227294, 53.587003884474157 ], [ -113.64259132564564, 53.587046825883434 ], [ -113.642761979685659, 53.587084008742963 ], [ -113.64381338060096, 53.586802808812784 ], [ -113.644064931150183, 53.586732025153935 ], [ -113.644311709830262, 53.58665552433262 ], [ -113.644553347131989, 53.586573419401425 ], [ -113.644789485553858, 53.586485833335381 ], [ -113.645019773592225, 53.586392895419614 ], [ -113.645243867221524, 53.586294744847635 ], [ -113.645461435973118, 53.586191526246346 ], [ -113.645672155346986, 53.586083394146165 ], [ -113.645875712882685, 53.585970509404397 ], [ -113.647068559380173, 53.585282938473178 ], [ -113.647486620320436, 53.585006528255057 ], [ -113.648130099414246, 53.584581058480019 ], [ -113.649168189680239, 53.583779668623137 ], [ -113.6499938706975, 53.583042162794605 ], [ -113.650574204709088, 53.582523503596789 ], [ -113.65105691150022, 53.581995157623176 ], [ -113.651819517520821, 53.581995898406078 ], [ -113.651819081253535, 53.577780825749471 ], [ -113.651817052405121, 53.574433463759945 ], [ -113.651816891263081, 53.57416749828797 ], [ -113.651809713445971, 53.573650064996187 ], [ -113.651816149547713, 53.572946015891965 ], [ -113.651816016954783, 53.572725822884081 ], [ -113.651815253014689, 53.571468068480108 ], [ -113.653543814498619, 53.570794404004864 ], [ -113.653684797732666, 53.570739457168891 ], [ -113.653923719658138, 53.570646338298332 ], [ -113.654494375717348, 53.570436624620939 ], [ -113.658543536008821, 53.57043296619203 ], [ -113.66415603407836, 53.570391376330917 ], [ -113.666541716508732, 53.570381032356501 ], [ -113.666781482342984, 53.570556158336586 ], [ -113.666869740369989, 53.570626888734914 ], [ -113.667726934707602, 53.570783324403997 ], [ -113.670113283150698, 53.571233797520343 ], [ -113.670447258959996, 53.571296837587603 ], [ -113.670920266808338, 53.571386119793125 ], [ -113.671279904016899, 53.571324061572987 ], [ -113.671793184180387, 53.571235488614306 ], [ -113.671800266609509, 53.572150769684164 ], [ -113.671803767945349, 53.572603237767837 ], [ -113.671820822120736, 53.573362969375864 ], [ -113.689048423254548, 53.57005271068013 ], [ -113.713630437164554, 53.569905505919166 ], [ -113.713764877916418, 53.569905827661856 ] ] ] } },
{ "type": "Feature", "properties": { "catchment": "Walker", "merged": false, "components": "Walker", "facility_cost": 24043915, "assessable_ha_brief": 1095, "union_ha": 1234.0, "area_ratio": 1.13, "rate_per_ha": 21958, "n_hoods": 4, "member_hoods": "WALKER, CHARLESWORTH, SUMMERSIDE, MELTWATER", "qa_flag": "ok", "approximation": "union of neighbourhoods; boundaries advisory (Bylaw 19340 Schedule A)" }, "geometry": { "type": "Polygon", "coordinates": [ [ [ -113.393544794606854, 53.424278186764511 ], [ -113.393529059209868, 53.407200568889969 ], [ -113.393527199489043, 53.405452085408065 ], [ -113.405838989965119, 53.405443519052177 ], [ -113.405837012940893, 53.405549471566225 ], [ -113.405840246462603, 53.410360835639828 ], [ -113.417855504389649, 53.410375510105318 ], [ -113.418138780151736, 53.410375435759633 ], [ -113.418461054759263, 53.41037637199809 ], [ -113.425975508757702, 53.410389723726063 ], [ -113.429996073321348, 53.410396672942788 ], [ -113.430414172689211, 53.410397388141128 ], [ -113.430414396912212, 53.409092480288265 ], [ -113.430414408841472, 53.409009066465281 ], [ -113.430414420513856, 53.40891430122052 ], [ -113.430904998856775, 53.408969603145444 ], [ -113.431393366992467, 53.40903150011075 ], [ -113.431879274407407, 53.409099960397896 ], [ -113.432362478125839, 53.409174950530875 ], [ -113.432842727718921, 53.409256431610245 ], [ -113.433319783314033, 53.409344362094735 ], [ -113.433793399052348, 53.40943869772223 ], [ -113.434263336634714, 53.409539390675683 ], [ -113.434729356309987, 53.409646388641413 ], [ -113.435446067859672, 53.409782433779341 ], [ -113.435877017702481, 53.409865377837335 ], [ -113.437260120420092, 53.410113039002766 ], [ -113.437544057724594, 53.410156145540789 ], [ -113.43778247439171, 53.410189647392883 ], [ -113.438046840479132, 53.410223955628204 ], [ -113.438581247990868, 53.410290313617793 ], [ -113.438730881289686, 53.410308890582158 ], [ -113.439072538808674, 53.410343980329145 ], [ -113.439354591078526, 53.410369314204161 ], [ -113.439639909131586, 53.410391645158377 ], [ -113.439959137009239, 53.410412729907598 ], [ -113.439976193570402, 53.410413631235372 ], [ -113.440298062174676, 53.410430633332886 ], [ -113.440604254693994, 53.41044286582737 ], [ -113.440922386198011, 53.410451627230678 ], [ -113.441172647075277, 53.410455694817117 ], [ -113.44142617686137, 53.410457293373547 ], [ -113.441553108218102, 53.41045749789037 ], [ -113.441743133796635, 53.41045780312551 ], [ -113.442403764920385, 53.41045886577394 ], [ -113.442601086044974, 53.410459183038569 ], [ -113.442676751542407, 53.410474954754314 ], [ -113.442686733182313, 53.410477035819007 ], [ -113.443076515863666, 53.410476207728777 ], [ -113.446878057829437, 53.410468060646807 ], [ -113.447085802377629, 53.410466564019409 ], [ -113.447308511183522, 53.41046263901228 ], [ -113.447571062456305, 53.410454908911106 ], [ -113.447733976005438, 53.410448144521602 ], [ -113.447804719580759, 53.410445206950747 ], [ -113.448631433890142, 53.410406149770679 ], [ -113.448832123967563, 53.410396667417999 ], [ -113.449397336705928, 53.410373425772129 ], [ -113.449927540908234, 53.41035790742032 ], [ -113.450401486258869, 53.410349162241268 ], [ -113.450919699632834, 53.410345136999183 ], [ -113.452402487325458, 53.410341877100805 ], [ -113.460569304144613, 53.410322679262919 ], [ -113.465654566028292, 53.410311121770789 ], [ -113.466535447827781, 53.410309098439939 ], [ -113.467407520710907, 53.410307087737444 ], [ -113.469646054678933, 53.41030189912356 ], [ -113.469724562038408, 53.410302531708147 ], [ -113.469799289489487, 53.410304654449106 ], [ -113.471018112735322, 53.410351375323913 ], [ -113.471322285990681, 53.410361402942925 ], [ -113.471369603970061, 53.410361351804738 ], [ -113.472769621936692, 53.410359818912013 ], [ -113.474342935146041, 53.410358077272882 ], [ -113.476546581945939, 53.410338402123266 ], [ -113.479568878691495, 53.410247923569607 ], [ -113.483339510535785, 53.41011791757731 ], [ -113.48311596414554, 53.411295731443978 ], [ -113.482685497105592, 53.412547231429905 ], [ -113.482082778711288, 53.413950676486557 ], [ -113.481214507310099, 53.415550499879167 ], [ -113.480087571607001, 53.417124889527223 ], [ -113.478951273414538, 53.418428491047976 ], [ -113.47737172915275, 53.419966126888852 ], [ -113.475554610507928, 53.42177532303355 ], [ -113.474840340326921, 53.422599587320747 ], [ -113.474294219395844, 53.423307248380674 ], [ -113.473922041803405, 53.424020079085658 ], [ -113.473779191991184, 53.424553040431547 ], [ -113.473768287514133, 53.424937307827896 ], [ -113.466993832230429, 53.424927541292149 ], [ -113.462890666873577, 53.424894965157662 ], [ -113.458315995296346, 53.424892361241554 ], [ -113.455286650746459, 53.424903644265058 ], [ -113.452136991133457, 53.424882807388066 ], [ -113.450883020564191, 53.424885808799608 ], [ -113.446634119651861, 53.42486625709914 ], [ -113.44490484353156, 53.42485361587773 ], [ -113.442658766673546, 53.424837158957438 ], [ -113.442705672125356, 53.427380452658873 ], [ -113.442713511307375, 53.430841215188636 ], [ -113.442731235853685, 53.432250078152578 ], [ -113.442572839201276, 53.43225042821927 ], [ -113.442028242275711, 53.432250092600022 ], [ -113.441080069576969, 53.43224944750218 ], [ -113.440941503483145, 53.432249355310361 ], [ -113.440825819584205, 53.432249277517677 ], [ -113.440529943193241, 53.432249079178952 ], [ -113.440329592052649, 53.432248944900714 ], [ -113.440216762593423, 53.43224886910869 ], [ -113.440103942163191, 53.43224879325237 ], [ -113.439991135275818, 53.432248717353019 ], [ -113.439878334408178, 53.432248641375338 ], [ -113.439765529039619, 53.43224856437142 ], [ -113.439652713127984, 53.432248488110112 ], [ -113.439539885180452, 53.432248411685791 ], [ -113.43942705121556, 53.432248335126637 ], [ -113.439314211233309, 53.432248258432665 ], [ -113.439201371252253, 53.432248181632097 ], [ -113.438986358212631, 53.432248034675915 ], [ -113.438681891454777, 53.432247826460014 ], [ -113.438507486125403, 53.432247706805327 ], [ -113.438462350745169, 53.432247675256761 ], [ -113.438417215353283, 53.432247644589708 ], [ -113.438116832401121, 53.432247437957614 ], [ -113.437821044857841, 53.43224723332672 ], [ -113.437620747934446, 53.432247094760001 ], [ -113.437507915494351, 53.432247016395131 ], [ -113.437395086064697, 53.432246937937876 ], [ -113.437282259645528, 53.432246859388201 ], [ -113.437169437741446, 53.432246780753246 ], [ -113.437056618847819, 53.432246702025921 ], [ -113.436943804469308, 53.43224662321331 ], [ -113.436830993101211, 53.432246544308342 ], [ -113.436718178736939, 53.432246464384058 ], [ -113.436605361352733, 53.432246385237633 ], [ -113.436492537939287, 53.432246306854815 ], [ -113.43631530078305, 53.432246181423693 ], [ -113.436129137657559, 53.432246050438337 ], [ -113.43579914201797, 53.432245816805327 ], [ -113.435661462268854, 53.432245719080228 ], [ -113.435619038392474, 53.432245688484052 ], [ -113.435414278566398, 53.432245540407642 ], [ -113.435074568585847, 53.432245293005366 ], [ -113.434877630269526, 53.432245149547505 ], [ -113.43472990057677, 53.432245041842855 ], [ -113.434617063677408, 53.432244958928884 ], [ -113.43450422978853, 53.432244875922542 ], [ -113.434391397393583, 53.432244793715327 ], [ -113.434278568021043, 53.43224471051721 ], [ -113.434165737133156, 53.432244628103959 ], [ -113.434052906258401, 53.432244544685567 ], [ -113.433940076889542, 53.432244461167734 ], [ -113.433827246017245, 53.432244377536179 ], [ -113.433671703868981, 53.432244262944991 ], [ -113.433500044755704, 53.432244135519561 ], [ -113.43323639654345, 53.432243939855098 ], [ -113.432820048608349, 53.432243629719167 ], [ -113.432439708526218, 53.432243340053603 ], [ -113.432147416606512, 53.432243122705401 ], [ -113.431965316313352, 53.432242985673447 ], [ -113.431845004024595, 53.4322428951455 ], [ -113.431732215292868, 53.432242810634001 ], [ -113.431619428055029, 53.43224272692175 ], [ -113.431506646788961, 53.432242646725889 ], [ -113.431393870013991, 53.432242568242174 ], [ -113.431281096225533, 53.432242491463391 ], [ -113.43116832394287, 53.432242414585353 ], [ -113.431055548676142, 53.432242335789397 ], [ -113.430942771930006, 53.432242255082649 ], [ -113.43077793967629, 53.432242133802085 ], [ -113.430588091578187, 53.432241993694447 ], [ -113.43044502802546, 53.432241886758021 ], [ -113.430336872297985, 53.432241805945637 ], [ -113.430022337832213, 53.432241562689619 ], [ -113.429708507844381, 53.432241299503168 ], [ -113.429456560681217, 53.432241081266412 ], [ -113.42926645109074, 53.4322409162423 ], [ -113.429100686173328, 53.43224077471163 ], [ -113.428987853945969, 53.43224067931326 ], [ -113.428875014148502, 53.432240587366579 ], [ -113.428762165264317, 53.43224049976299 ], [ -113.428649302767383, 53.432240417379383 ], [ -113.42853643117158, 53.432240340237307 ], [ -113.428423567112162, 53.432240262126037 ], [ -113.428310715151326, 53.432240179472927 ], [ -113.428197875276979, 53.432240093176553 ], [ -113.428026126013677, 53.432239954756987 ], [ -113.427763829293937, 53.432239739106592 ], [ -113.427404541957856, 53.432239439904883 ], [ -113.427314278853657, 53.43223936574055 ], [ -113.427112864252891, 53.432239199701769 ], [ -113.426731125090214, 53.432238884250324 ], [ -113.426523465946019, 53.432238712410225 ], [ -113.426364735488221, 53.432238581084633 ], [ -113.426205989998806, 53.432238448577287 ], [ -113.426047236976643, 53.432238316721417 ], [ -113.425888486978423, 53.432238183770451 ], [ -113.425729755026211, 53.43223805159387 ], [ -113.425571035125728, 53.432237918365672 ], [ -113.425412324243453, 53.432237785868594 ], [ -113.425253617889737, 53.432237652283796 ], [ -113.425050208082382, 53.432237481254411 ], [ -113.424691612950852, 53.43223717902135 ], [ -113.424430828533502, 53.432236958842374 ], [ -113.424400737342438, 53.432236932464015 ], [ -113.42419293237117, 53.432236750477784 ], [ -113.423875871862151, 53.432236476163851 ], [ -113.423673599401184, 53.432236321755013 ], [ -113.423553299041899, 53.432236238209313 ], [ -113.42343300016428, 53.432236156346868 ], [ -113.423312696810669, 53.432236071645761 ], [ -113.423192384491458, 53.432235982287125 ], [ -113.423079582278419, 53.432235892235994 ], [ -113.42296676961945, 53.432235795737547 ], [ -113.422846425974953, 53.432235686109429 ], [ -113.422726074881908, 53.432235570932356 ], [ -113.422605719288697, 53.432235454713641 ], [ -113.42248535918317, 53.43223533835183 ], [ -113.422372521074337, 53.432235232182876 ], [ -113.422259682918124, 53.432235129501578 ], [ -113.422139322682995, 53.432235022675286 ], [ -113.422018960895983, 53.432234919314702 ], [ -113.42190612114176, 53.432234823480634 ], [ -113.42179328439812, 53.432234727554544 ], [ -113.421672927153708, 53.432234622070013 ], [ -113.4215525729566, 53.432234513783094 ], [ -113.421438088660523, 53.432234408644476 ], [ -113.42132360436581, 53.43223430339615 ], [ -113.421203295348647, 53.432234192280326 ], [ -113.421082957769499, 53.432234079107616 ], [ -113.420970146821816, 53.432233967252401 ], [ -113.420857341955127, 53.432233850826997 ], [ -113.420737018105399, 53.432233723893034 ], [ -113.420616691211393, 53.432233599518966 ], [ -113.420496364257858, 53.432233479516483 ], [ -113.420376034260002, 53.432233362073895 ], [ -113.420263226232507, 53.432233256754131 ], [ -113.420150416640624, 53.432233155813378 ], [ -113.420030086439283, 53.43223305329785 ], [ -113.419933277841054, 53.432232973227116 ], [ -113.419909754698097, 53.432232953349462 ], [ -113.419789421453757, 53.432232853272566 ], [ -113.419669086694029, 53.4322327539657 ], [ -113.419556270992643, 53.432232659623068 ], [ -113.419443453787906, 53.432232565166572 ], [ -113.419323111497036, 53.432232466373193 ], [ -113.419202764632487, 53.432232371929395 ], [ -113.418922225667117, 53.432232185653312 ], [ -113.418517836113296, 53.432231846992799 ], [ -113.418453761111337, 53.432231785777475 ], [ -113.418378089388966, 53.432231708500538 ], [ -113.418151764724712, 53.432231268569602 ], [ -113.417925440068373, 53.432230828209875 ], [ -113.417849779871545, 53.432230568234296 ], [ -113.41677996325781, 53.432226833277113 ], [ -113.410152743427659, 53.432203503834167 ], [ -113.407288630150134, 53.432193278702307 ], [ -113.407059369230225, 53.432192458112702 ], [ -113.406908049288319, 53.432191918957912 ], [ -113.405860564411043, 53.432188165623785 ], [ -113.40021502477444, 53.432167830886328 ], [ -113.397130435225336, 53.432156607172338 ], [ -113.394981674565003, 53.432148741736434 ], [ -113.393709363439882, 53.432144066385206 ], [ -113.393558351679573, 53.432144092391852 ], [ -113.393545336306431, 53.42486816726165 ], [ -113.393544794606854, 53.424278186764511 ] ] ] } },
{ "type": "Feature", "properties": { "catchment": "Southeast", "merged": false, "components": "Southeast", "facility_cost": 26143915, "assessable_ha_brief": 1181, "union_ha": 1655.7, "area_ratio": 1.4, "rate_per_ha": 22137, "n_hoods": 2, "member_hoods": "DECOTEAU, ALCES", "qa_flag": "ok", "approximation": "union of neighbourhoods; boundaries advisory (Bylaw 19340 Schedule A)" }, "geometry": { "type": "Polygon", "coordinates": [ [ [ -113.344634385048082, 53.424886099132678 ], [ -113.344634475387622, 53.424841291447713 ], [ -113.344634567230969, 53.424796483770635 ], [ -113.344634883614845, 53.423862235350853 ], [ -113.344634883879337, 53.423862120328181 ], [ -113.344635358127135, 53.422454191497124 ], [ -113.344636698788591, 53.418470371882776 ], [ -113.344636722100759, 53.418395873152349 ], [ -113.344636790111608, 53.418176121523025 ], [ -113.344636939454446, 53.417692018560928 ], [ -113.344636979971312, 53.417562298391481 ], [ -113.344638400670902, 53.413078617984233 ], [ -113.344638401995127, 53.41307784696901 ], [ -113.344639270259378, 53.410328001196525 ], [ -113.344639461987668, 53.409352554034584 ], [ -113.34463978925578, 53.407687562956433 ], [ -113.344639789570834, 53.407686857534848 ], [ -113.344639965507966, 53.406787060004142 ], [ -113.344639978377955, 53.406723208921498 ], [ -113.344640297564695, 53.405097138481821 ], [ -113.344640307183568, 53.405053360933742 ], [ -113.344640310572004, 53.405031907088123 ], [ -113.344640330897718, 53.404933028374842 ], [ -113.344640455797318, 53.404720688456692 ], [ -113.344640952500072, 53.403877968662776 ], [ -113.344641010105946, 53.403781457123912 ], [ -113.344641400252669, 53.403118368978362 ], [ -113.34464148835589, 53.402846085737814 ], [ -113.344641665495502, 53.402295094924654 ], [ -113.344642016502704, 53.401122466480722 ], [ -113.344642140317049, 53.400704884849155 ], [ -113.344642319938686, 53.400098720695269 ], [ -113.344642468949061, 53.39959269420666 ], [ -113.344642851238532, 53.398294977036748 ], [ -113.344642883555593, 53.398188751979632 ], [ -113.344642948492933, 53.39797197585726 ], [ -113.344643269062317, 53.396903325985939 ], [ -113.344643327756827, 53.396711319621843 ], [ -113.344643575818381, 53.39588507731991 ], [ -113.344643607848525, 53.395776714377391 ], [ -113.356723190058972, 53.39579851120471 ], [ -113.368986146661641, 53.395834684802054 ], [ -113.393515119658062, 53.395804118871268 ], [ -113.417694387393325, 53.395877243002218 ], [ -113.418114760847956, 53.395878045015472 ], [ -113.418115743768041, 53.396471155909467 ], [ -113.418130605775801, 53.405440065904607 ], [ -113.418138780151736, 53.410375435759633 ], [ -113.417855504389649, 53.410375510105318 ], [ -113.405840246462603, 53.410360835639828 ], [ -113.405837012940893, 53.405549471566225 ], [ -113.405838989965119, 53.405443519052177 ], [ -113.393527199489043, 53.405452085408065 ], [ -113.393529059209868, 53.407200568889969 ], [ -113.393544794606854, 53.424278186764511 ], [ -113.393545336306431, 53.42486816726165 ], [ -113.393558351679573, 53.432144092391852 ], [ -113.393407339984591, 53.432144113714791 ], [ -113.393406277634554, 53.432144114610345 ], [ -113.39200172344141, 53.432144418849312 ], [ -113.386077919728393, 53.432145501804548 ], [ -113.381512149064974, 53.43214606131378 ], [ -113.381282620516387, 53.432146084889943 ], [ -113.378577502139976, 53.432146039534601 ], [ -113.369144840080267, 53.43214540120244 ], [ -113.368993517798174, 53.432145753961869 ], [ -113.36891785740913, 53.432145930273641 ], [ -113.368842197019802, 53.432146106537523 ], [ -113.368570730380583, 53.432146611969571 ], [ -113.368234921998294, 53.432268541791061 ], [ -113.367529145940068, 53.433060447272844 ], [ -113.367513125018448, 53.433278738723899 ], [ -113.36749686443099, 53.433497451249217 ], [ -113.367403519940154, 53.434768369636203 ], [ -113.367334328695691, 53.435709698242839 ], [ -113.366870548477209, 53.435778674384771 ], [ -113.364468828548738, 53.436135838102828 ], [ -113.364024433379925, 53.436201917522254 ], [ -113.36308466541216, 53.436341641002656 ], [ -113.363026768951812, 53.436350248434998 ], [ -113.362489962291079, 53.437329787496623 ], [ -113.362250814682241, 53.437766124240866 ], [ -113.362067189576194, 53.438101108365963 ], [ -113.36132494633496, 53.438446606907497 ], [ -113.360387874239322, 53.438882738951094 ], [ -113.359248358941372, 53.439413048179539 ], [ -113.35764140342134, 53.439746226385203 ], [ -113.357447152197977, 53.439786497690442 ], [ -113.356723618631108, 53.439936478558586 ], [ -113.355940414468378, 53.440098854266481 ], [ -113.355379289467663, 53.440215168426668 ], [ -113.349826849457827, 53.441159090190673 ], [ -113.347769649204764, 53.44150871827015 ], [ -113.347769039458029, 53.441508731116336 ], [ -113.344832727322355, 53.441569077089738 ], [ -113.344740990271234, 53.441570960683812 ], [ -113.344603609806853, 53.441573778191646 ], [ -113.344604423405954, 53.441020382511482 ], [ -113.344605858551063, 53.440044979497443 ], [ -113.344605869793511, 53.440037207363751 ], [ -113.344606773622388, 53.43942267597324 ], [ -113.344606778415695, 53.439419626070766 ], [ -113.344610093627878, 53.437646100543247 ], [ -113.344613528383547, 53.435807334133017 ], [ -113.34461401201456, 53.43554840360526 ], [ -113.344614199323146, 53.435448301484797 ], [ -113.34461569785644, 53.434645517372886 ], [ -113.344619289327866, 53.432723004478873 ], [ -113.344619292356555, 53.432720851390776 ], [ -113.344619901959291, 53.432394443691329 ], [ -113.344619973525795, 53.432374435305853 ], [ -113.344620440948802, 53.43224242540348 ], [ -113.34462026862154, 53.432199928493567 ], [ -113.344625952443991, 53.429253824894516 ], [ -113.344634199410265, 53.424977210686457 ], [ -113.344634375574827, 53.424890530204742 ], [ -113.344634385048082, 53.424886099132678 ] ] ] } },
{ "type": "Feature", "properties": { "catchment": "Mistatim Industrial", "merged": false, "components": "Mistatim Industrial", "facility_cost": 26143915, "assessable_ha_brief": 1102, "union_ha": 1283.7, "area_ratio": 1.16, "rate_per_ha": 23724, "n_hoods": 3, "member_hoods": "MISTATIM INDUSTRIAL, ANTHONY HENDAY MISTATIM, RAMPART INDUSTRIAL", "qa_flag": "ok", "approximation": "union of neighbourhoods; boundaries advisory (Bylaw 19340 Schedule A)" }, "geometry": { "type": "Polygon", "coordinates": [ [ [ -113.578037820994908, 53.599420855713277 ], [ -113.578050531299084, 53.598952614897406 ], [ -113.578047487189281, 53.594029635267162 ], [ -113.577972521748379, 53.594050986494132 ], [ -113.577971608448635, 53.593528450207017 ], [ -113.577970298917549, 53.593412795188989 ], [ -113.57867266595089, 53.593269196303055 ], [ -113.577998763629765, 53.592374520194923 ], [ -113.577855542841533, 53.592079326680306 ], [ -113.577795249303719, 53.591582225598835 ], [ -113.577743694998816, 53.590344545599379 ], [ -113.577788287578613, 53.588818436933757 ], [ -113.577944798470639, 53.58870478982417 ], [ -113.577957234373429, 53.585613652012938 ], [ -113.578107607564931, 53.583603873271329 ], [ -113.578585229985279, 53.583563078218873 ], [ -113.579084568701504, 53.583514766354192 ], [ -113.579582272490171, 53.583460810693268 ], [ -113.580078159776875, 53.583401228591242 ], [ -113.580468445524602, 53.583350217889716 ], [ -113.580857399687503, 53.583295722801928 ], [ -113.581266156414728, 53.583234460166594 ], [ -113.58167322998159, 53.583169348770596 ], [ -113.582150598990665, 53.583087711084119 ], [ -113.58262531979517, 53.583000781232101 ], [ -113.583097228842504, 53.582908590126806 ], [ -113.583566159564811, 53.582811168672549 ], [ -113.583744229880494, 53.582772638460099 ], [ -113.583984802869594, 53.582719167872398 ], [ -113.587116512647057, 53.582012972772205 ], [ -113.590248119907528, 53.581306695428189 ], [ -113.590392660264158, 53.581274094309343 ], [ -113.590552148869918, 53.581238738768342 ], [ -113.591200849337241, 53.581092408043126 ], [ -113.591426078103112, 53.581056657706931 ], [ -113.59165400101061, 53.581027572911317 ], [ -113.591884058781062, 53.581005224519089 ], [ -113.592115690795055, 53.580989666319326 ], [ -113.592348332036664, 53.580980938611454 ], [ -113.592581413169995, 53.580979060118416 ], [ -113.592814366491012, 53.580984036992696 ], [ -113.593046621448337, 53.580995857409683 ], [ -113.593277612200126, 53.581014490694855 ], [ -113.593506774541027, 53.58103989270451 ], [ -113.593733547453965, 53.581072001338313 ], [ -113.59395737763009, 53.581110737452931 ], [ -113.594177719441674, 53.581156007557503 ], [ -113.594394033465434, 53.581207700214158 ], [ -113.594605793996806, 53.581265689657528 ], [ -113.594812480006397, 53.581329833966684 ], [ -113.594895189860495, 53.581357708895339 ], [ -113.595011480729596, 53.581399187997867 ], [ -113.595125720511476, 53.581442638745038 ], [ -113.595318340817101, 53.581555168673269 ], [ -113.597620088286092, 53.582899606519639 ], [ -113.598904809864408, 53.58364994871679 ], [ -113.599273899477595, 53.583865512937074 ], [ -113.599827991450198, 53.584189124171345 ], [ -113.600866610235045, 53.584795698969728 ], [ -113.600961190539408, 53.584850918351016 ], [ -113.601325144162374, 53.585063565576583 ], [ -113.603069029747303, 53.586082418675943 ], [ -113.604216615577855, 53.586752858551932 ], [ -113.613342186652162, 53.592083036007253 ], [ -113.613500689507688, 53.592175598691213 ], [ -113.614022477803374, 53.592480314265892 ], [ -113.614757019799384, 53.592909248058369 ], [ -113.614833019185099, 53.592953628726981 ], [ -113.615139779405268, 53.593131148116946 ], [ -113.615433450402435, 53.593302608590584 ], [ -113.616694558249989, 53.59404062976057 ], [ -113.616967152107449, 53.594199798096675 ], [ -113.61969423211265, 53.595790767606857 ], [ -113.621119683074213, 53.596622298278092 ], [ -113.621305359598225, 53.596730608821559 ], [ -113.621581370514519, 53.596887201084485 ], [ -113.62186475346401, 53.597039062465285 ], [ -113.622155281432185, 53.597186069987153 ], [ -113.622452719808464, 53.597328104244554 ], [ -113.622756826378136, 53.597465050302077 ], [ -113.623067355846047, 53.597596798607427 ], [ -113.623352779347144, 53.59771109736969 ], [ -113.623643036541651, 53.597821003072781 ], [ -113.623937939180351, 53.597926445000354 ], [ -113.624287606266023, 53.598043726319446 ], [ -113.624643018334041, 53.598154732716388 ], [ -113.625003854412526, 53.598259362492819 ], [ -113.625369793438679, 53.598357522939025 ], [ -113.625703467258745, 53.598440319725121 ], [ -113.626040770042891, 53.598517738084588 ], [ -113.626381460489725, 53.598589720622627 ], [ -113.626725286670023, 53.598656215305375 ], [ -113.627072002651559, 53.598717174613149 ], [ -113.627383191126299, 53.598766811510636 ], [ -113.627696292727862, 53.598811987566329 ], [ -113.628011129319404, 53.598852678848452 ], [ -113.632027224168993, 53.5993416255982 ], [ -113.632286081247301, 53.599375175707316 ], [ -113.632543405989381, 53.599412664452878 ], [ -113.632799029469325, 53.599454068861569 ], [ -113.633507532594962, 53.599578467590788 ], [ -113.633745680205294, 53.599645138657202 ], [ -113.633947340841658, 53.59969389841784 ], [ -113.634255619986519, 53.599774298626343 ], [ -113.634559330670157, 53.599860634535517 ], [ -113.634830210689543, 53.599943880791059 ], [ -113.635096839325655, 53.600031849024788 ], [ -113.635358986179213, 53.600124461284302 ], [ -113.635616422362588, 53.600221638724641 ], [ -113.635868922071808, 53.600323294424484 ], [ -113.636086117644965, 53.600416059439517 ], [ -113.63629920080254, 53.600512138130796 ], [ -113.636554684435964, 53.600634388983295 ], [ -113.636803513331103, 53.600761404068116 ], [ -113.637045436324854, 53.600893055065221 ], [ -113.637280209835296, 53.601029209185533 ], [ -113.637507596351057, 53.601169729166088 ], [ -113.637727367452598, 53.601314473278954 ], [ -113.637939300790876, 53.601463295321956 ], [ -113.638143183101135, 53.601616045526121 ], [ -113.638338808700041, 53.601772569652276 ], [ -113.638525979478075, 53.601932709889489 ], [ -113.638704506418165, 53.602096303960863 ], [ -113.638874209565273, 53.602263188717544 ], [ -113.638911510757652, 53.60230153885631 ], [ -113.63890057101618, 53.602449312671091 ], [ -113.638850059104101, 53.603131674976495 ], [ -113.638808831688607, 53.604614718803745 ], [ -113.638796702630117, 53.605051043187721 ], [ -113.638780054175214, 53.605649574874114 ], [ -113.638749880002862, 53.606734424802823 ], [ -113.638747256188566, 53.606828716359423 ], [ -113.638743510622604, 53.606963449012376 ], [ -113.638594409901785, 53.606962418367878 ], [ -113.638407568642165, 53.606961130641473 ], [ -113.638172802544034, 53.606959492864199 ], [ -113.637783039074208, 53.606956776377153 ], [ -113.637530762465374, 53.606955023238676 ], [ -113.637381066578399, 53.606953982989779 ], [ -113.63727846925255, 53.606953270416668 ], [ -113.637026192767536, 53.606951507229006 ], [ -113.636773899609253, 53.606949752444827 ], [ -113.63652162309404, 53.606947997179276 ], [ -113.636395544559619, 53.606947115484893 ], [ -113.636269466031109, 53.606946233657681 ], [ -113.635933592731362, 53.60694386362124 ], [ -113.635614280722891, 53.606941658984688 ], [ -113.635406961434057, 53.606855374301205 ], [ -113.635076130992516, 53.606717678377663 ], [ -113.634689424659328, 53.606556724498809 ], [ -113.634445739452062, 53.606455308150217 ], [ -113.634278379074658, 53.606385638902246 ], [ -113.633938470393332, 53.606244164064904 ], [ -113.633702858164867, 53.606146096555911 ], [ -113.633628605552346, 53.606115190615682 ], [ -113.63346772575099, 53.606048229535702 ], [ -113.633306847985509, 53.605981266447046 ], [ -113.633145970721728, 53.605914304040773 ], [ -113.63298509396742, 53.605847341418347 ], [ -113.632824216219561, 53.605780377676595 ], [ -113.6326633404842, 53.605713414621853 ], [ -113.632502465258341, 53.605646451350964 ], [ -113.632341590549757, 53.605579486965361 ], [ -113.632328181700487, 53.60557390688151 ], [ -113.63218071634283, 53.605512523262149 ], [ -113.632017366235999, 53.605444528237783 ], [ -113.631794567940588, 53.605351787226148 ], [ -113.631458029936866, 53.605211698591944 ], [ -113.631368900056032, 53.605175948767524 ], [ -113.631255921215711, 53.605134160575318 ], [ -113.631140159507908, 53.605095158304593 ], [ -113.630978375145816, 53.605046546506671 ], [ -113.630812284606648, 53.605003377426179 ], [ -113.630642403375361, 53.60496578562725 ], [ -113.63046926219468, 53.604933887751841 ], [ -113.630293399504183, 53.604907783395333 ], [ -113.630115361457001, 53.604887553309574 ], [ -113.62993570492668, 53.604873261209477 ], [ -113.629754986948456, 53.604864951943405 ], [ -113.629573770779373, 53.604862649714761 ], [ -113.629572611914853, 53.604862655113678 ], [ -113.629390561096116, 53.604866471200019 ], [ -113.629209156655349, 53.604876350881256 ], [ -113.629028969882398, 53.604892263582151 ], [ -113.628850564696478, 53.604914158040486 ], [ -113.628674503659127, 53.604941965919942 ], [ -113.628501338926256, 53.604975599984712 ], [ -113.628331618292322, 53.605014954118168 ], [ -113.628165873089316, 53.605059905082094 ], [ -113.628004624238628, 53.605110311636878 ], [ -113.627848379238159, 53.605166013632996 ], [ -113.627697630597012, 53.605226838296183 ], [ -113.627110248608105, 53.605478472264366 ], [ -113.627042573738805, 53.605507472656214 ], [ -113.627034053526131, 53.605511123122582 ], [ -113.626330430482398, 53.605812558172225 ], [ -113.625299914583564, 53.606254019978572 ], [ -113.623886727634897, 53.606859361120655 ], [ -113.623351500631387, 53.607088638114362 ], [ -113.621310440111444, 53.608374304205071 ], [ -113.618738759956415, 53.609993998676742 ], [ -113.618301365767223, 53.610378879096821 ], [ -113.618148429740202, 53.610513428163202 ], [ -113.617926924805488, 53.610708345362085 ], [ -113.617753510340833, 53.610860931470413 ], [ -113.617638802231994, 53.610961860936214 ], [ -113.617524093567354, 53.611062791187962 ], [ -113.617409384363071, 53.611163720428543 ], [ -113.617294676122114, 53.611264649561349 ], [ -113.617144977907074, 53.611396364560129 ], [ -113.616971617208037, 53.611548896681555 ], [ -113.616815409936777, 53.611686318922921 ], [ -113.616020660449507, 53.612385548116073 ], [ -113.615542669557655, 53.612806088704424 ], [ -113.615548830040908, 53.613617918356276 ], [ -113.615549450216278, 53.613700028669633 ], [ -113.615549815735775, 53.613747458125644 ], [ -113.615551970712971, 53.614029746930626 ], [ -113.61511595893478, 53.614027852314194 ], [ -113.614889180314293, 53.614026864951136 ], [ -113.614751040131466, 53.614027632583934 ], [ -113.614723157627054, 53.614027784553372 ], [ -113.614702257014585, 53.614027905975789 ], [ -113.614168480878277, 53.614030889672492 ], [ -113.614054248588644, 53.614031527792555 ], [ -113.613764140119898, 53.614033151136894 ], [ -113.613474031722689, 53.614034763893891 ], [ -113.613183938336007, 53.614036384982093 ], [ -113.613141635434843, 53.61403662206984 ], [ -113.6128938298111, 53.614038006216788 ], [ -113.612603736386973, 53.614039625898656 ], [ -113.612313627915199, 53.614041235842819 ], [ -113.612028128603058, 53.614042833965534 ], [ -113.611742627852323, 53.614044421518138 ], [ -113.611457143705962, 53.61404600844363 ], [ -113.611171644422058, 53.61404759553762 ], [ -113.610886145128461, 53.614049181051996 ], [ -113.610600645734152, 53.61405077487089 ], [ -113.610315146396218, 53.614052359921715 ], [ -113.61002964704862, 53.614053943392953 ], [ -113.609744147683074, 53.614055526183108 ], [ -113.609384976281788, 53.614057523847592 ], [ -113.60911560032612, 53.614059188309554 ], [ -113.609071903977451, 53.614059435582718 ], [ -113.608771350662366, 53.614061134019288 ], [ -113.606774664236099, 53.615393293987289 ], [ -113.606138459672195, 53.615847295781116 ], [ -113.606017327130402, 53.61593795894607 ], [ -113.605902961672768, 53.61603167789653 ], [ -113.605795578081143, 53.616128272743268 ], [ -113.605695382101871, 53.616227560871103 ], [ -113.605602564434321, 53.616329353324588 ], [ -113.605506720094212, 53.616447268047125 ], [ -113.605420779328128, 53.616567851791899 ], [ -113.605344950487449, 53.616690809632189 ], [ -113.605279420799633, 53.616815843873773 ], [ -113.605224347358615, 53.616942647735023 ], [ -113.60517986611562, 53.617070913463522 ], [ -113.605146084355582, 53.61720032871682 ], [ -113.60512308674106, 53.617330576582184 ], [ -113.605110927704345, 53.617461340942981 ], [ -113.605110385663082, 53.617585010651048 ], [ -113.605119279737835, 53.617708567713876 ], [ -113.605137589723668, 53.61783175686417 ], [ -113.605165277245902, 53.617954326366863 ], [ -113.605202288832047, 53.618076022637723 ], [ -113.605248545281924, 53.618196595599954 ], [ -113.605303952262531, 53.618315796922033 ], [ -113.605368397267853, 53.618433381804898 ], [ -113.60537225993609, 53.61843989491031 ], [ -113.605376149858898, 53.618446402713921 ], [ -113.605378105416477, 53.61844965485345 ], [ -113.605380068555931, 53.618452904322169 ], [ -113.605382037749209, 53.618456152912223 ], [ -113.605384014507578, 53.618459400628595 ], [ -113.605064045139258, 53.618677295638285 ], [ -113.604744072465735, 53.618895190677279 ], [ -113.604546326734877, 53.619029860052365 ], [ -113.599014412130757, 53.616216177701318 ], [ -113.592232670484449, 53.612334136674249 ], [ -113.591195355751651, 53.61169234589314 ], [ -113.590719347127575, 53.612296316600577 ], [ -113.590696589919318, 53.616851510248615 ], [ -113.590305626991565, 53.617829670624374 ], [ -113.58962005140522, 53.618786199098835 ], [ -113.588605364355786, 53.619700351325278 ], [ -113.587226964105497, 53.620561687488859 ], [ -113.586344725691973, 53.620892362375969 ], [ -113.584334000047065, 53.621406118434962 ], [ -113.580945308622418, 53.622647276073714 ], [ -113.580013264462892, 53.622704636170482 ], [ -113.580003324986706, 53.622705241089022 ], [ -113.578173760762084, 53.622817801090676 ], [ -113.577812692550012, 53.622840011779914 ], [ -113.576784802515149, 53.622903233164593 ], [ -113.57501942408328, 53.623011793470532 ], [ -113.572202025544087, 53.624383413731913 ], [ -113.570869971591492, 53.62503185672567 ], [ -113.570038787870047, 53.6254363729592 ], [ -113.569390312800763, 53.625751960780164 ], [ -113.565981136887984, 53.627410940151648 ], [ -113.565825032469604, 53.627500832001914 ], [ -113.565822786310051, 53.62873257375562 ], [ -113.56521963092959, 53.628731319129969 ], [ -113.565219805526226, 53.628640949001323 ], [ -113.565220792155955, 53.627781551453445 ], [ -113.565221414066158, 53.627239551878397 ], [ -113.565223854758429, 53.625113276971241 ], [ -113.565223870815629, 53.625099801830515 ], [ -113.565223885370514, 53.625086325785702 ], [ -113.565223971656977, 53.625011747934501 ], [ -113.56522397831489, 53.6249213861256 ], [ -113.565224325113945, 53.624610999510288 ], [ -113.565224609836477, 53.624358274040475 ], [ -113.565224694250134, 53.624282406701973 ], [ -113.565225077052688, 53.623953805838006 ], [ -113.565225446139522, 53.623625213892012 ], [ -113.565225813796488, 53.623296612038381 ], [ -113.565225993219002, 53.623115898855183 ], [ -113.565226363674142, 53.622787315854055 ], [ -113.565226735620655, 53.622458732840308 ], [ -113.565227106044958, 53.622130148904404 ], [ -113.565227477951424, 53.621801565854412 ], [ -113.565227848335681, 53.621472981882285 ], [ -113.565227950454997, 53.621382591611912 ], [ -113.565076762896226, 53.62138244403431 ], [ -113.565077110823097, 53.621151284740556 ], [ -113.565077477792627, 53.620948854227549 ], [ -113.565077648069732, 53.620855392826577 ], [ -113.565077817018306, 53.620761913447609 ], [ -113.565077987420892, 53.620668439463962 ], [ -113.56507815634717, 53.620574961879129 ], [ -113.5650783269584, 53.620481467225844 ], [ -113.565078496037899, 53.620387974362686 ], [ -113.565078666201956, 53.620294522837028 ], [ -113.56507883607776, 53.620201099165058 ], [ -113.565079004283334, 53.620107690761508 ], [ -113.565079175306451, 53.620014302135672 ], [ -113.565079344474597, 53.619920946749367 ], [ -113.565079513566957, 53.619827598550025 ], [ -113.565079682786731, 53.619734237769457 ], [ -113.565079852133877, 53.6196408644077 ], [ -113.565080021589978, 53.619547480261815 ], [ -113.565080191219707, 53.619454079041979 ], [ -113.565080379926485, 53.619349852611222 ], [ -113.565080590641983, 53.619233927553033 ], [ -113.565081059296219, 53.618975721141737 ], [ -113.565081282456518, 53.618852850042678 ], [ -113.565081523050836, 53.618720342555427 ], [ -113.565081859005545, 53.618535034426976 ], [ -113.565082071870449, 53.61841772194213 ], [ -113.56508223194858, 53.618329511808476 ], [ -113.565082356074214, 53.618260973415225 ], [ -113.565082480795752, 53.618192523983495 ], [ -113.565082603995791, 53.618124075444037 ], [ -113.565082728715282, 53.618055626010737 ], [ -113.565082853424528, 53.617987177475179 ], [ -113.56508297663072, 53.617918728034802 ], [ -113.565083101347142, 53.61785027859915 ], [ -113.565083226053332, 53.617781830061261 ], [ -113.565083349247217, 53.617713381517099 ], [ -113.565083473960598, 53.61764493207906 ], [ -113.565083598672928, 53.61757648264026 ], [ -113.565083721863758, 53.617508034093717 ], [ -113.565083846564818, 53.617439585551899 ], [ -113.565083971274106, 53.617371136110705 ], [ -113.565084094471118, 53.617302686663272 ], [ -113.565084219169123, 53.617234238119089 ], [ -113.565084343866104, 53.617165789574109 ], [ -113.565084467060061, 53.617097340124317 ], [ -113.565084591764233, 53.617028890679208 ], [ -113.565084716458145, 53.616960442131877 ], [ -113.565084839639809, 53.616891993578271 ], [ -113.565084964340912, 53.616823544130824 ], [ -113.565085121794937, 53.61673632151178 ], [ -113.565085330452916, 53.616622060579552 ], [ -113.565085682973773, 53.616427045005238 ], [ -113.565086282209066, 53.616096565548361 ], [ -113.565086484909045, 53.61598508840666 ], [ -113.565237704484744, 53.615938320861758 ], [ -113.565237862371035, 53.615851318385701 ], [ -113.565238806072898, 53.615331564336273 ], [ -113.565238910404659, 53.615274044319463 ], [ -113.565239903052628, 53.614727454972162 ], [ -113.565240180886633, 53.614574054464249 ], [ -113.565240460235913, 53.614420653059291 ], [ -113.565241055808244, 53.614092019179061 ], [ -113.565089954364979, 53.614092202567974 ], [ -113.565088884686091, 53.613800584440284 ], [ -113.565088225343729, 53.613620938140002 ], [ -113.565087766188071, 53.613496071383551 ], [ -113.565087405382044, 53.613397661209525 ], [ -113.56508704309303, 53.613299248332737 ], [ -113.565086700964613, 53.613205784950388 ], [ -113.565086357233142, 53.613112330546628 ], [ -113.565086014957686, 53.613018881538217 ], [ -113.565085653931988, 53.612920492921653 ], [ -113.565085178097149, 53.612790926474268 ], [ -113.565084378791312, 53.612573433799497 ], [ -113.565083918044891, 53.612447840057534 ], [ -113.565083287510134, 53.612280390358315 ], [ -113.565082254141117, 53.612005533639746 ], [ -113.56508177984783, 53.611879787975226 ], [ -113.565081405269581, 53.611779924707335 ], [ -113.56508091169232, 53.611648850339606 ], [ -113.565080146051145, 53.61144558149951 ], [ -113.565079481176966, 53.611268975032488 ], [ -113.565078623093555, 53.611040734073462 ], [ -113.565078402223435, 53.610982086003645 ], [ -113.565077613371713, 53.610772547605336 ], [ -113.565076909985009, 53.610585425696826 ], [ -113.565076221885349, 53.610402845304002 ], [ -113.56507534780205, 53.610170280245953 ], [ -113.565074498193724, 53.609931804352591 ], [ -113.565073820551106, 53.609741148362524 ], [ -113.56507310508745, 53.609540203389841 ], [ -113.565072469113872, 53.609361815070265 ], [ -113.565072269659737, 53.609305641774796 ], [ -113.565071428173994, 53.609069317097585 ], [ -113.565070732243214, 53.608873530072252 ], [ -113.565069890376634, 53.60863709574874 ], [ -113.565069399862409, 53.608499548788529 ], [ -113.565069222519867, 53.608455928849914 ], [ -113.5650682848798, 53.608221169131284 ], [ -113.565067606337976, 53.608051336081473 ], [ -113.565067233735064, 53.607957899463848 ], [ -113.565066861160346, 53.607864460149109 ], [ -113.565066487102939, 53.607771018131722 ], [ -113.565066114612264, 53.607677570727049 ], [ -113.565065742168272, 53.60758411882815 ], [ -113.565065368204642, 53.607490667820827 ], [ -113.565064995678554, 53.607397224006007 ], [ -113.565064500238762, 53.607273244793298 ], [ -113.565063698706368, 53.607072590567533 ], [ -113.56506315320317, 53.606936278931279 ], [ -113.565063118559181, 53.606927298307262 ], [ -113.565214210786664, 53.6069271401214 ], [ -113.565213963330962, 53.606861646464445 ], [ -113.565213885152829, 53.606840719840505 ], [ -113.565213595671366, 53.60676416619674 ], [ -113.565213313345339, 53.606689269576094 ], [ -113.565208498371192, 53.605412237474674 ], [ -113.565199968477927, 53.60314973820477 ], [ -113.565191040926635, 53.600782259768742 ], [ -113.565189147303755, 53.600279958196651 ], [ -113.565187363581785, 53.599806968988418 ], [ -113.565186902690627, 53.599684735705353 ], [ -113.565186659157035, 53.599620039032544 ], [ -113.565185399796363, 53.599529663254025 ], [ -113.565641220239385, 53.59952914310896 ], [ -113.565766831697701, 53.599441759994761 ], [ -113.568761248158452, 53.599468474282197 ], [ -113.575026840503014, 53.599446051938649 ], [ -113.578037820994908, 53.599420855713277 ] ] ] } },
{ "type": "Feature", "properties": { "catchment": "Cumberland", "merged": false, "components": "Cumberland", "facility_cost": 26143915, "assessable_ha_brief": 1338, "union_ha": 1244.8, "area_ratio": 0.93, "rate_per_ha": 19540, "n_hoods": 7, "member_hoods": "GOODRIDGE CORNERS, ANTHONY HENDAY CASTLEDOWNS, ANTHONY HENDAY RAMPART, ALBANY, RAPPERSWILL, CANOSSA, CUMBERLAND", "qa_flag": "ok", "approximation": "union of neighbourhoods; boundaries advisory (Bylaw 19340 Schedule A)" }, "geometry": { "type": "MultiPolygon", "coordinates": [ [ [ [ -113.541281613776064, 53.613303346833455 ], [ -113.541299995710503, 53.610478289172995 ], [ -113.541300914931597, 53.608970594469653 ], [ -113.541302295628228, 53.606706094450743 ], [ -113.54129856872629, 53.604165377020117 ], [ -113.542754286430593, 53.604161363409993 ], [ -113.543263936321679, 53.604220815733363 ], [ -113.543686517059768, 53.604319519517034 ], [ -113.544065361150913, 53.604445017381067 ], [ -113.544362201670296, 53.604570845247878 ], [ -113.544744827211801, 53.60489583334239 ], [ -113.54571422737304, 53.60591069488251 ], [ -113.546209014977322, 53.606330319224831 ], [ -113.54678993342948, 53.60669289452273 ], [ -113.547449036662371, 53.606992907190751 ], [ -113.548045418904323, 53.607208794226381 ], [ -113.548255664870638, 53.60727479416007 ], [ -113.548380541579633, 53.607300051252238 ], [ -113.548928878207718, 53.607415892298704 ], [ -113.549553599269601, 53.607513821907354 ], [ -113.550000743476843, 53.607568658279924 ], [ -113.550206202417058, 53.607590068538578 ], [ -113.550433714983768, 53.607606959612419 ], [ -113.550628685255489, 53.607619410346587 ], [ -113.550824841388348, 53.607628903463059 ], [ -113.552226306372816, 53.607643501384615 ], [ -113.552681847863852, 53.607655664474976 ], [ -113.553137389617135, 53.607667826730456 ], [ -113.55393090305293, 53.607725353767123 ], [ -113.554859238980868, 53.607829614882071 ], [ -113.556139906618583, 53.608034543786601 ], [ -113.5564067365993, 53.608067534539202 ], [ -113.556691084505175, 53.608093801643648 ], [ -113.560045591478712, 53.608121616942853 ], [ -113.559990446826646, 53.607957560108908 ], [ -113.559933213100081, 53.607760497576912 ], [ -113.559771724356636, 53.607777039761714 ], [ -113.559749220693661, 53.607688087426141 ], [ -113.55974794228554, 53.607682726234188 ], [ -113.559713209845128, 53.607519184652574 ], [ -113.559686580367526, 53.607355105858197 ], [ -113.559668077967416, 53.607190631922379 ], [ -113.559657716163713, 53.607025906673002 ], [ -113.559655503979386, 53.606861070325429 ], [ -113.560614878868606, 53.606860031558014 ], [ -113.560829446764643, 53.606859810906791 ], [ -113.561192782853155, 53.606859435427062 ], [ -113.561433606265794, 53.60685918684996 ], [ -113.56159115229417, 53.606859090136368 ], [ -113.56174837860641, 53.606858935433486 ], [ -113.561905451061875, 53.606858755698937 ], [ -113.562062431456837, 53.606858565536889 ], [ -113.56221937865908, 53.606858370554555 ], [ -113.562418120989975, 53.606858166443281 ], [ -113.562588709825718, 53.606839152280649 ], [ -113.56395070936253, 53.606842326191867 ], [ -113.564118593649241, 53.606895871841012 ], [ -113.565063415751396, 53.606894550312475 ], [ -113.565063118559181, 53.606927298307262 ], [ -113.56506315320317, 53.606936278931279 ], [ -113.565063698706368, 53.607072590567533 ], [ -113.565064500238762, 53.607273244793298 ], [ -113.565064995678554, 53.607397224006007 ], [ -113.565065368204642, 53.607490667820827 ], [ -113.565065742168272, 53.60758411882815 ], [ -113.565066114612264, 53.607677570727049 ], [ -113.565066487102939, 53.607771018131722 ], [ -113.565066861160346, 53.607864460149109 ], [ -113.565067233735064, 53.607957899463848 ], [ -113.565067606337976, 53.608051336081473 ], [ -113.5650682848798, 53.608221169131284 ], [ -113.565069222519867, 53.608455928849914 ], [ -113.565069399862409, 53.608499548788529 ], [ -113.565069890376634, 53.60863709574874 ], [ -113.565070732243214, 53.608873530072252 ], [ -113.565071428173994, 53.609069317097585 ], [ -113.565072269659737, 53.609305641774796 ], [ -113.565072469113872, 53.609361815070265 ], [ -113.56507310508745, 53.609540203389841 ], [ -113.565073820551106, 53.609741148362524 ], [ -113.565074498193724, 53.609931804352591 ], [ -113.56507534780205, 53.610170280245953 ], [ -113.565076221885349, 53.610402845304002 ], [ -113.565076909985009, 53.610585425696826 ], [ -113.565077613371713, 53.610772547605336 ], [ -113.565078402223435, 53.610982086003645 ], [ -113.565078623093555, 53.611040734073462 ], [ -113.565079481176966, 53.611268975032488 ], [ -113.565080146051145, 53.61144558149951 ], [ -113.56508091169232, 53.611648850339606 ], [ -113.565081405269581, 53.611779924707335 ], [ -113.56508177984783, 53.611879787975226 ], [ -113.565082254141117, 53.612005533639746 ], [ -113.565083287510134, 53.612280390358315 ], [ -113.565083918044891, 53.612447840057534 ], [ -113.565084378791312, 53.612573433799497 ], [ -113.565085178097149, 53.612790926474268 ], [ -113.565085653931988, 53.612920492921653 ], [ -113.565086014957686, 53.613018881538217 ], [ -113.565086357233142, 53.613112330546628 ], [ -113.565086700964613, 53.613205784950388 ], [ -113.56508704309303, 53.613299248332737 ], [ -113.565087405382044, 53.613397661209525 ], [ -113.565087766188071, 53.613496071383551 ], [ -113.565088225343729, 53.613620938140002 ], [ -113.565088884686091, 53.613800584440284 ], [ -113.565089954364979, 53.614092202567974 ], [ -113.565241055808244, 53.614092019179061 ], [ -113.565240460235913, 53.614420653059291 ], [ -113.565240180886633, 53.614574054464249 ], [ -113.560086165911457, 53.614580228774507 ], [ -113.557045073541886, 53.614596573266446 ], [ -113.553510343296722, 53.614602881288647 ], [ -113.551122015226213, 53.614607084454377 ], [ -113.550344934258959, 53.614678027054474 ], [ -113.549442592543329, 53.614846972138636 ], [ -113.548684433377503, 53.615084158324748 ], [ -113.545402335555764, 53.616491117931481 ], [ -113.544840676969812, 53.616698676139904 ], [ -113.544105066728548, 53.616861577091889 ], [ -113.54333336737173, 53.616924915139855 ], [ -113.541127359026135, 53.616963771706281 ], [ -113.541153563970724, 53.61535170835603 ], [ -113.541189273265616, 53.614532203925791 ], [ -113.541256560094169, 53.614447081539467 ], [ -113.54126348765304, 53.614130876749954 ], [ -113.541281613776064, 53.613303346833455 ] ] ], [ [ [ -113.565220792155955, 53.627781551453445 ], [ -113.565219805526226, 53.628640949001323 ], [ -113.56521963092959, 53.628731319129969 ], [ -113.565822786310051, 53.62873257375562 ], [ -113.565825032469604, 53.627500832001914 ], [ -113.565981136887984, 53.627410940151648 ], [ -113.569390312800763, 53.625751960780164 ], [ -113.570038787870047, 53.6254363729592 ], [ -113.570869971591492, 53.62503185672567 ], [ -113.572202025544087, 53.624383413731913 ], [ -113.57501942408328, 53.623011793470532 ], [ -113.576784802515149, 53.622903233164593 ], [ -113.577812692550012, 53.622840011779914 ], [ -113.578173760762084, 53.622817801090676 ], [ -113.580003324986706, 53.622705241089022 ], [ -113.580013264462892, 53.622704636170482 ], [ -113.580945308622418, 53.622647276073714 ], [ -113.584334000047065, 53.621406118434962 ], [ -113.586344725691973, 53.620892362375969 ], [ -113.587226964105497, 53.620561687488859 ], [ -113.588605364355786, 53.619700351325278 ], [ -113.58962005140522, 53.618786199098835 ], [ -113.590305626991565, 53.617829670624374 ], [ -113.590696589919318, 53.616851510248615 ], [ -113.590719347127575, 53.612296316600577 ], [ -113.591195355751651, 53.61169234589314 ], [ -113.592232670484449, 53.612334136674249 ], [ -113.599014412130757, 53.616216177701318 ], [ -113.604546326734877, 53.619029860052365 ], [ -113.604289573916844, 53.619204711991017 ], [ -113.603136429697969, 53.618600748423134 ], [ -113.602827940434295, 53.618439408468319 ], [ -113.602828540270252, 53.618559378872227 ], [ -113.602831328172286, 53.619105583680124 ], [ -113.601977612616949, 53.620518635108404 ], [ -113.600988982865189, 53.620747062778612 ], [ -113.600062540397587, 53.6209610988547 ], [ -113.59844373148988, 53.621335079947244 ], [ -113.598182587332076, 53.621395410754403 ], [ -113.597422191647325, 53.621911947117532 ], [ -113.597307180250382, 53.621989788417416 ], [ -113.597061468975468, 53.622154489095642 ], [ -113.596673330860256, 53.622410428075284 ], [ -113.596544371516472, 53.622494327530497 ], [ -113.596147389295567, 53.622749178253258 ], [ -113.595735250218624, 53.623008388522322 ], [ -113.595368144497414, 53.623234868566598 ], [ -113.595351505281528, 53.623245045410258 ], [ -113.595334860046208, 53.623255218636942 ], [ -113.59497973004153, 53.623470038389463 ], [ -113.594823270113125, 53.623563518001149 ], [ -113.594725490524269, 53.623621558198778 ], [ -113.594349910186736, 53.623841977811018 ], [ -113.594102260964334, 53.6239851483043 ], [ -113.59388645759509, 53.624108529854489 ], [ -113.59366960738393, 53.62423123981258 ], [ -113.593367580392638, 53.624400038745861 ], [ -113.59326479803012, 53.62445683688027 ], [ -113.592981849304493, 53.624612158880474 ], [ -113.592801510403874, 53.62471001882021 ], [ -113.592425069733608, 53.62491162835579 ], [ -113.59233910953624, 53.624957188651898 ], [ -113.592011069424188, 53.62512933894395 ], [ -113.591698268759842, 53.625291059219315 ], [ -113.591611030478077, 53.625335758280791 ], [ -113.591330889105208, 53.625478069045556 ], [ -113.591117679164569, 53.62558516849213 ], [ -113.590911059531464, 53.625687958900379 ], [ -113.590703638832494, 53.625790168422434 ], [ -113.590678022340512, 53.625802616095029 ], [ -113.590652389302107, 53.625815053821135 ], [ -113.590348069637244, 53.625963128491634 ], [ -113.590329287935106, 53.625972189348467 ], [ -113.590141172380186, 53.626062517272253 ], [ -113.5899524104519, 53.626152388900607 ], [ -113.589768959396636, 53.62623899949444 ], [ -113.589584910252, 53.626325168348238 ], [ -113.589394199830508, 53.626413708799532 ], [ -113.589202870487355, 53.626501768775611 ], [ -113.589016908874399, 53.626586638925836 ], [ -113.588840151181827, 53.626666648503168 ], [ -113.588830390176142, 53.626671048595213 ], [ -113.58863713059057, 53.62675776843497 ], [ -113.588443270223351, 53.626844008748449 ], [ -113.588248800016657, 53.626929768602963 ], [ -113.588047630982999, 53.6270176985349 ], [ -113.587723238968394, 53.627157818657565 ], [ -113.587701338730312, 53.627167234085547 ], [ -113.587679398002322, 53.627176615223831 ], [ -113.587610490014754, 53.627206048236587 ], [ -113.587045443045525, 53.627443926385538 ], [ -113.586475751194712, 53.62767785900526 ], [ -113.585901490442922, 53.62790781394353 ], [ -113.585322739799935, 53.628133759059615 ], [ -113.585069254750437, 53.628231399763735 ], [ -113.584791264238916, 53.628338422428008 ], [ -113.584605387651123, 53.628409981569952 ], [ -113.58441950891482, 53.628481541314521 ], [ -113.584233628038831, 53.628553100763192 ], [ -113.584047746534779, 53.628624659921165 ], [ -113.583962870151737, 53.628657318777492 ], [ -113.583863029784581, 53.628695771749939 ], [ -113.583729142412238, 53.628747315449274 ], [ -113.583679051417079, 53.628766598314591 ], [ -113.583495139407063, 53.628837378101046 ], [ -113.583241648390796, 53.628837188658892 ], [ -113.582818749606972, 53.628836878374337 ], [ -113.581651100772191, 53.629286438822 ], [ -113.581439378557647, 53.629371979958293 ], [ -113.581234260092643, 53.629463029683265 ], [ -113.581036152257582, 53.629559408839107 ], [ -113.580845445450223, 53.629660924733066 ], [ -113.580662518040938, 53.629767379239787 ], [ -113.580487728894511, 53.629878560687665 ], [ -113.580321424866199, 53.629994250174761 ], [ -113.580163934790676, 53.6301142179531 ], [ -113.580015570948859, 53.630238227926341 ], [ -113.579876624559361, 53.63036603493785 ], [ -113.57974737030419, 53.63049738568489 ], [ -113.579628066301581, 53.630632021413895 ], [ -113.579518945052939, 53.630769676091205 ], [ -113.579420225526917, 53.630910077343884 ], [ -113.579332101056096, 53.631052947315396 ], [ -113.579254745364992, 53.631198004483764 ], [ -113.579188314107824, 53.631344960970985 ], [ -113.579132934231581, 53.631493527896943 ], [ -113.57908872064904, 53.631643410944939 ], [ -113.57905575654901, 53.631794313886566 ], [ -113.579034108512815, 53.631945938634907 ], [ -113.579012143535877, 53.632154901849113 ], [ -113.578559290451736, 53.632155716665331 ], [ -113.578152972317127, 53.632156420589723 ], [ -113.577577791224073, 53.632156521105664 ], [ -113.576812655780344, 53.632158735820525 ], [ -113.576749577078829, 53.632045534652789 ], [ -113.576706803362484, 53.631968788047914 ], [ -113.576700746090197, 53.631958308899776 ], [ -113.576694297950212, 53.631947911937559 ], [ -113.576655978825855, 53.631896931809429 ], [ -113.576608329004898, 53.631848810314317 ], [ -113.576551944178576, 53.631804149802903 ], [ -113.576551360217152, 53.631803737084013 ], [ -113.576487033279932, 53.631763223273182 ], [ -113.576415519534791, 53.631727218257041 ], [ -113.576337706482136, 53.6316961672674 ], [ -113.576254563831867, 53.631670457420334 ], [ -113.576167122438576, 53.631650407757803 ], [ -113.576076469776865, 53.631636268333764 ], [ -113.575053990855295, 53.631512548176836 ], [ -113.574808019958269, 53.631487408500675 ], [ -113.574560292355685, 53.631469360896489 ], [ -113.574311388018401, 53.631458448750905 ], [ -113.574061885601665, 53.631454695681732 ], [ -113.573812371453599, 53.631458111860212 ], [ -113.573563426056253, 53.631468689469813 ], [ -113.573315630074148, 53.631486402727774 ], [ -113.573069562816599, 53.631511210575319 ], [ -113.572825800736808, 53.631543055773591 ], [ -113.572584909883304, 53.631581863978049 ], [ -113.572347454980985, 53.63162754287206 ], [ -113.57211399029832, 53.631679988424146 ], [ -113.571885059739458, 53.63173907590231 ], [ -113.571661199786945, 53.631804667971409 ], [ -113.567954188096621, 53.63297572745963 ], [ -113.567948659819777, 53.632977448066917 ], [ -113.566274139876768, 53.633589128743736 ], [ -113.565817298267376, 53.633755999631198 ], [ -113.565665938607452, 53.633811285950109 ], [ -113.565665209364312, 53.634227335289097 ], [ -113.565663602631403, 53.63514289389034 ], [ -113.56566198788984, 53.636064072070432 ], [ -113.56565848079687, 53.63715665091614 ], [ -113.565651503099858, 53.640534355789626 ], [ -113.565646626412814, 53.642895329973449 ], [ -113.565636806146131, 53.645925803411998 ], [ -113.565630273099202, 53.647941249115419 ], [ -113.565621499798723, 53.650471370673372 ], [ -113.565621191187475, 53.650561731898193 ], [ -113.564832991920724, 53.650561312221768 ], [ -113.564732751301648, 53.650561258776548 ], [ -113.564408049197766, 53.650561085283591 ], [ -113.564151273750028, 53.650560947020722 ], [ -113.564050704930608, 53.650560892708413 ], [ -113.563992563989629, 53.650560860724468 ], [ -113.563848396640822, 53.650560783160465 ], [ -113.563712930555425, 53.650560709272241 ], [ -113.563020803615032, 53.65056033115782 ], [ -113.553479247497606, 53.650554597902477 ], [ -113.552308277410148, 53.650553847570706 ], [ -113.541337360528473, 53.650546248099303 ], [ -113.541033160613551, 53.650546298221812 ], [ -113.540208505944619, 53.650546416872871 ], [ -113.535830399221581, 53.650546950015809 ], [ -113.530621380395999, 53.650547375466125 ], [ -113.528863269874464, 53.650547468722714 ], [ -113.528108637529087, 53.650547505472197 ], [ -113.524554835070745, 53.650547577044641 ], [ -113.523954538228722, 53.650547578526542 ], [ -113.522794149465284, 53.650547568263654 ], [ -113.520310616948549, 53.650547508157601 ], [ -113.517033519978725, 53.650547366646983 ], [ -113.516725040165184, 53.650547348530388 ], [ -113.516420829652915, 53.650547368427624 ], [ -113.50426455962554, 53.650546898801053 ], [ -113.503908912432067, 53.650546914757179 ], [ -113.495075575935118, 53.650546528649784 ], [ -113.493537959215445, 53.650546578136854 ], [ -113.492533312950741, 53.650546530699266 ], [ -113.491892899623011, 53.650545903973153 ], [ -113.491907138378778, 53.647651125606572 ], [ -113.491910632983092, 53.646940572112747 ], [ -113.491928530252835, 53.643301049372297 ], [ -113.492401160763521, 53.643300458989579 ], [ -113.492627945881495, 53.643300485741122 ], [ -113.492867714947039, 53.643300514044356 ], [ -113.493421039015146, 53.643300576812379 ], [ -113.493728395409818, 53.643300610783903 ], [ -113.4939596718432, 53.643300636032933 ], [ -113.494190946767631, 53.643300660828828 ], [ -113.49442222320738, 53.643300685184336 ], [ -113.494653499650298, 53.643300709093083 ], [ -113.494880082159952, 53.643300731621913 ], [ -113.494884776107114, 53.643300731656566 ], [ -113.495116052556341, 53.643300754671785 ], [ -113.495347329008709, 53.643300777240277 ], [ -113.495562636384747, 53.643300797677782 ], [ -113.49584628260277, 53.643499908709295 ], [ -113.49600179357202, 53.643609073110497 ], [ -113.496148037255722, 53.643711730283925 ], [ -113.496296297247213, 53.643815802045637 ], [ -113.496429029986714, 53.643908974960773 ], [ -113.496547818994685, 53.643992358305596 ], [ -113.496666611463226, 53.64407574424083 ], [ -113.496856254473755, 53.64420886173086 ], [ -113.497009731028839, 53.644316591991704 ], [ -113.497289914206561, 53.644513407079089 ], [ -113.49746789162603, 53.644638577828587 ], [ -113.497615456878705, 53.644741972869902 ], [ -113.497734784311845, 53.644825616967061 ], [ -113.497899292036593, 53.644941059077794 ], [ -113.497918546248684, 53.644954570984275 ], [ -113.498139934380802, 53.645017344341426 ], [ -113.498310561568474, 53.645065728508598 ], [ -113.498477332044317, 53.645113029655029 ], [ -113.498644104246907, 53.645160344054133 ], [ -113.498810881403287, 53.645207654646207 ], [ -113.498892769027222, 53.645230875396599 ], [ -113.499104414385116, 53.645290876281052 ], [ -113.499398616356046, 53.64537427611279 ], [ -113.499528389755739, 53.645411064892834 ], [ -113.499883300382479, 53.645415589623134 ], [ -113.500067640366211, 53.645417924821146 ], [ -113.500355147477549, 53.645421585302209 ], [ -113.500653139423775, 53.645425373288916 ], [ -113.500897755364278, 53.645428468980242 ], [ -113.501155698658337, 53.645431742806487 ], [ -113.50151065054682, 53.645436258391022 ], [ -113.501535363896238, 53.645436572449896 ], [ -113.501747508794963, 53.645439200534732 ], [ -113.501844266824406, 53.645440400200776 ], [ -113.501964053806589, 53.645441888780361 ], [ -113.502083834685521, 53.645443382606203 ], [ -113.502180586549343, 53.645444593656386 ], [ -113.502277332359711, 53.64544580550178 ], [ -113.502397104073125, 53.645447308860511 ], [ -113.502521489147966, 53.645448869907426 ], [ -113.502622839237631, 53.645450141040868 ], [ -113.502724189333932, 53.645451412088519 ], [ -113.502848577480691, 53.645452971011125 ], [ -113.502968361420741, 53.645454466660389 ], [ -113.503065122487129, 53.645455670743765 ], [ -113.503161880587882, 53.645456870243706 ], [ -113.503281682888812, 53.645458349481089 ], [ -113.503406100118724, 53.645459881886069 ], [ -113.503507474746769, 53.645461128110526 ], [ -113.503608847869103, 53.645462374242868 ], [ -113.503752021057096, 53.645464133213586 ], [ -113.503862385052528, 53.64546548918139 ], [ -113.504284348801491, 53.64547067497881 ], [ -113.50473207651585, 53.645476223760376 ], [ -113.505324083150796, 53.645468281735866 ], [ -113.505697141148318, 53.645463344592734 ], [ -113.505933958908855, 53.645460210138964 ], [ -113.506283170148293, 53.645455586112284 ], [ -113.506710499221043, 53.645449926977328 ], [ -113.506828123032548, 53.645448369051941 ], [ -113.506997513427095, 53.645446118405374 ], [ -113.507427096204836, 53.645440409382161 ], [ -113.507697325744118, 53.64543681762558 ], [ -113.507742396264447, 53.645436218473797 ], [ -113.507863350262298, 53.645431007893741 ], [ -113.508029211833517, 53.645423861964382 ], [ -113.508195071837875, 53.645416715798895 ], [ -113.508360933289381, 53.645409570308253 ], [ -113.508526793184458, 53.645402423682981 ], [ -113.508692653024923, 53.645395276827806 ], [ -113.508917201245708, 53.645385601035407 ], [ -113.509319021975983, 53.645368285635541 ], [ -113.509529625599271, 53.645359210208433 ], [ -113.509991330987617, 53.645339310907239 ], [ -113.510087352353139, 53.64533517318462 ], [ -113.510360813904171, 53.645323386356708 ], [ -113.510559898240373, 53.645314804754022 ], [ -113.510757325696787, 53.645306295125515 ], [ -113.510804446642425, 53.645304263666354 ], [ -113.510950911895193, 53.64528170277751 ], [ -113.51112092907448, 53.645255514142761 ], [ -113.511273129549096, 53.645232086678909 ], [ -113.511425329845707, 53.64520865991966 ], [ -113.511577529985161, 53.645185232067938 ], [ -113.511729729946651, 53.645161804920804 ], [ -113.511881929750956, 53.645138376681182 ], [ -113.512034129377312, 53.645114949146162 ], [ -113.512186328846468, 53.645091520518662 ], [ -113.512338528148035, 53.645068091697212 ], [ -113.512490727271668, 53.645044663580364 ], [ -113.512642924725839, 53.645021234364869 ], [ -113.512795123524668, 53.644997804961619 ], [ -113.51294732214555, 53.644974376262951 ], [ -113.513155644147915, 53.644942307458386 ], [ -113.513197703960955, 53.644906571012172 ], [ -113.513375924336856, 53.644755147058738 ], [ -113.513559818532343, 53.644598899820608 ], [ -113.51385075502867, 53.644351699969228 ], [ -113.513933364883911, 53.644281509012799 ], [ -113.514430478179193, 53.643859123427504 ], [ -113.514875461045136, 53.643481012610309 ], [ -113.514900890648079, 53.643459405825013 ], [ -113.514995139763286, 53.643379318443678 ], [ -113.514982050825722, 53.643300288752776 ], [ -113.515019475389607, 53.643300284900981 ], [ -113.515110184738489, 53.643300275800414 ], [ -113.515322141323765, 53.643300254320643 ], [ -113.515534091862548, 53.643300232441192 ], [ -113.515773501401043, 53.643300207125961 ], [ -113.516168331463433, 53.643300164327179 ], [ -113.516437825230213, 53.643300134351428 ], [ -113.516669256253152, 53.64330011006507 ], [ -113.516701053739055, 53.643299717246933 ], [ -113.516673082512412, 53.642518513499823 ], [ -113.516638518337999, 53.641553144873583 ], [ -113.516575056135991, 53.639780525392013 ], [ -113.516574440025096, 53.639674921096052 ], [ -113.516553323031019, 53.636053757500257 ], [ -113.516537818223043, 53.633394553407413 ], [ -113.516567828334232, 53.63249340725546 ], [ -113.516487824642283, 53.632426917599631 ], [ -113.516488945858399, 53.631078687522724 ], [ -113.516550603148502, 53.631015552001813 ], [ -113.516609212023113, 53.628715071765285 ], [ -113.521633955911028, 53.628728042955032 ], [ -113.526307719866693, 53.628736635541848 ], [ -113.52888332992957, 53.628771634914514 ], [ -113.529069876194754, 53.628774167008949 ], [ -113.534056584155536, 53.62875864503696 ], [ -113.541030073177112, 53.628736590700406 ], [ -113.541175963434327, 53.628711741536492 ], [ -113.553511287491546, 53.628717107486501 ], [ -113.559428796619244, 53.628719230416785 ], [ -113.563358375551928, 53.628730341313364 ], [ -113.563455890331269, 53.628640306427918 ], [ -113.563639166282599, 53.628551132249903 ], [ -113.565220792155955, 53.627781551453445 ] ], [ [ -113.541349708591753, 53.639672655150406 ], [ -113.541352234574617, 53.641467771215211 ], [ -113.541352703797514, 53.641799986303219 ], [ -113.541349708591753, 53.639672655150406 ] ], [ [ -113.541345427467633, 53.636062921372073 ], [ -113.541345475912522, 53.636109138590378 ], [ -113.541345513379014, 53.636137745201289 ], [ -113.541346147008269, 53.636671058060557 ], [ -113.541346287721993, 53.636790230785358 ], [ -113.541349708591753, 53.639672655150406 ], [ -113.541345427467633, 53.636062921372073 ] ] ] ] } },
{ "type": "Feature", "properties": { "catchment": "Blatchford", "merged": false, "components": "Blatchford", "facility_cost": 25757959, "assessable_ha_brief": 785, "union_ha": 305.2, "area_ratio": 0.39, "rate_per_ha": 32813, "n_hoods": 1, "member_hoods": "BLATCHFORD AREA", "qa_flag": "under-covers (catchment larger than mapped hoods)", "approximation": "union of neighbourhoods; boundaries advisory (Bylaw 19340 Schedule A)" }, "geometry": { "type": "Polygon", "coordinates": [ [ [ -113.519875893719913, 53.580793036515196 ], [ -113.525517943788131, 53.580745619603995 ], [ -113.528824796712996, 53.580719440226432 ], [ -113.530518769250619, 53.58100309006651 ], [ -113.531211959804253, 53.580958732564028 ], [ -113.531115248907028, 53.580832798431828 ], [ -113.53111499748799, 53.580664758546682 ], [ -113.531114926645841, 53.580616852417826 ], [ -113.531114854741062, 53.580568905847663 ], [ -113.531114348772192, 53.580230379173486 ], [ -113.531111469219894, 53.577844078600826 ], [ -113.531111399438785, 53.577809448289763 ], [ -113.531110643130802, 53.577750076979115 ], [ -113.530749028847168, 53.577650167850685 ], [ -113.530748521963247, 53.575120508275212 ], [ -113.530705630129987, 53.572106341142664 ], [ -113.53095380075014, 53.571940581815717 ], [ -113.530948365297959, 53.570470299997787 ], [ -113.53094778676352, 53.570313992400216 ], [ -113.530719907127477, 53.570294067346794 ], [ -113.530508455018676, 53.570246504420744 ], [ -113.529944793636759, 53.570009742227278 ], [ -113.528556849919255, 53.56937469469274 ], [ -113.52647829097053, 53.568487514582429 ], [ -113.521238519841972, 53.566265439377524 ], [ -113.52119132428146, 53.566245422048993 ], [ -113.519654903628137, 53.565592896487345 ], [ -113.517408268079322, 53.564626454762916 ], [ -113.516810896880315, 53.564375492253532 ], [ -113.512306548474427, 53.562482970710654 ], [ -113.50837335015828, 53.564139844377181 ], [ -113.505617484352726, 53.565321486164763 ], [ -113.503046954147408, 53.566393170525586 ], [ -113.502895942803235, 53.567062171534651 ], [ -113.502923075033095, 53.570359757984761 ], [ -113.502948951309094, 53.57083171775573 ], [ -113.503106923791762, 53.571954306936817 ], [ -113.503133095825206, 53.573541118558985 ], [ -113.503266118957384, 53.573788919722716 ], [ -113.503452535168407, 53.573993109720817 ], [ -113.503876124063254, 53.574321239909359 ], [ -113.504500672618136, 53.574749258691909 ], [ -113.504842444413569, 53.575128873022386 ], [ -113.504896638268946, 53.57538295696267 ], [ -113.504915750645964, 53.57562904466463 ], [ -113.504905688006403, 53.576711503685949 ], [ -113.504905170582489, 53.578295220640875 ], [ -113.504893987043388, 53.579441318456986 ], [ -113.505106860301709, 53.5813862460801 ], [ -113.507559916683476, 53.581337040593354 ], [ -113.508578597641417, 53.5813784694611 ], [ -113.509472233106166, 53.581486816592083 ], [ -113.511363106277727, 53.581486078412965 ], [ -113.514484919399948, 53.581484675799885 ], [ -113.515263395342387, 53.581484511983241 ], [ -113.516285467955655, 53.581212468137707 ], [ -113.517456643925044, 53.580985391420406 ], [ -113.518706693747177, 53.580847776425195 ], [ -113.519875893719913, 53.580793036515196 ] ] ] } },
{ "type": "Feature", "properties": { "catchment": "EETP", "merged": true, "components": "EETP, Northeast EETP", "facility_cost": 52287830, "assessable_ha_brief": 3308, "union_ha": 5333.9, "area_ratio": 1.61, "rate_per_ha": 15806, "n_hoods": 1, "member_hoods": "EDMONTON ENERGY AND TECHNOLOGY PARK", "qa_flag": "over-covers (gross hoods exceed assessable; rural/merged land)", "approximation": "union of neighbourhoods; boundaries advisory (Bylaw 19340 Schedule A)" }, "geometry": { "type": "Polygon", "coordinates": [ [ [ -113.295316399811682, 53.699082095991315 ], [ -113.295313279075373, 53.699463457999954 ], [ -113.295312986010927, 53.699499495030942 ], [ -113.29531045217847, 53.699810272818397 ], [ -113.295309032891396, 53.699983801495158 ], [ -113.295298153636296, 53.701320350375376 ], [ -113.295296615105329, 53.701375280955062 ], [ -113.295293064706854, 53.702496612492681 ], [ -113.295292387434145, 53.702652451377865 ], [ -113.295291810384597, 53.702785521549465 ], [ -113.29528967917652, 53.703279104697899 ], [ -113.295286795564238, 53.703946789996408 ], [ -113.295286249211969, 53.70407330512846 ], [ -113.29528155163635, 53.705158173753389 ], [ -113.295281178198749, 53.705240890062981 ], [ -113.295280969476025, 53.705287462586838 ], [ -113.295279923998592, 53.705519892071074 ], [ -113.29526610575131, 53.708592095076426 ], [ -113.295262755827025, 53.709338167007267 ], [ -113.295246594856224, 53.712938026259685 ], [ -113.295245968302297, 53.713075201551817 ], [ -113.295242823585809, 53.713776194799486 ], [ -113.295238538604252, 53.714729539076117 ], [ -113.295234440490418, 53.715641232181504 ], [ -113.296763476434833, 53.715644294459182 ], [ -113.297049678450946, 53.715644863239014 ], [ -113.297126873405375, 53.715645017771045 ], [ -113.297255175678529, 53.715645275222705 ], [ -113.300340757824088, 53.715650999600904 ], [ -113.302688237392644, 53.715655307569996 ], [ -113.307375671992475, 53.715663784259 ], [ -113.307382125020325, 53.715663794603678 ], [ -113.309245190565477, 53.715667112083757 ], [ -113.311788228432249, 53.715671594406494 ], [ -113.312019079669881, 53.715671998194459 ], [ -113.319530768245826, 53.715684908839769 ], [ -113.319640829689618, 53.715690471562844 ], [ -113.319819805412692, 53.715699517439681 ], [ -113.321355187124382, 53.715777108088893 ], [ -113.331983517740866, 53.715795018157081 ], [ -113.331983737983165, 53.715729298811567 ], [ -113.333481512121296, 53.715731753231495 ], [ -113.341616949702001, 53.715744708358486 ], [ -113.342078279890274, 53.715811148682526 ], [ -113.344113299765993, 53.715814278545587 ], [ -113.344255497077071, 53.715814502418247 ], [ -113.356571779309476, 53.715833248856747 ], [ -113.357717287928665, 53.715834758048913 ], [ -113.365558805238436, 53.715845303197284 ], [ -113.366088878510936, 53.715845993481828 ], [ -113.36872490977494, 53.715849358464773 ], [ -113.368877244616954, 53.715849568784414 ], [ -113.369029579462037, 53.715849778910403 ], [ -113.369835736544516, 53.715850850322326 ], [ -113.370922722465551, 53.715852265122116 ], [ -113.380755562695072, 53.715864700473084 ], [ -113.380755589326782, 53.71591816884915 ], [ -113.381174279848167, 53.715918788197783 ], [ -113.381212599809544, 53.715918848616958 ], [ -113.381212639524719, 53.715865258378066 ], [ -113.381954197289872, 53.715866171617179 ], [ -113.393319859172024, 53.715879528394794 ], [ -113.393472194613793, 53.715879698460689 ], [ -113.393624530058247, 53.715879868332877 ], [ -113.395161068720796, 53.715882052476609 ], [ -113.397635333986727, 53.715885527340077 ], [ -113.398126208049987, 53.715886210391844 ], [ -113.399669611204999, 53.715888346036834 ], [ -113.404907052365914, 53.715891898355324 ], [ -113.40529777437655, 53.715892278320695 ], [ -113.405538271875244, 53.715892541705692 ], [ -113.417760650540004, 53.715904081168894 ], [ -113.41842636524531, 53.715905093810427 ], [ -113.42184469492237, 53.715907683467691 ], [ -113.430287863846388, 53.715917424870391 ], [ -113.430288940004004, 53.715600457439564 ], [ -113.430289457863921, 53.715447785176302 ], [ -113.430307764070278, 53.71005640056061 ], [ -113.430311975110769, 53.708815888997805 ], [ -113.430312160727354, 53.708761112492276 ], [ -113.430326087895665, 53.704665005810753 ], [ -113.430335102545882, 53.702013581668552 ], [ -113.430335847548932, 53.70179447450947 ], [ -113.430335971737165, 53.701757581192162 ], [ -113.430336312369022, 53.701657563640481 ], [ -113.430336619479178, 53.701567204767187 ], [ -113.430336776843063, 53.701520677927 ], [ -113.430336873667343, 53.701481437386164 ], [ -113.43033734628024, 53.701287656297453 ], [ -113.4303374634368, 53.70123995751517 ], [ -113.430342254811706, 53.699273606760791 ], [ -113.430354420920168, 53.694276903708705 ], [ -113.430355381719338, 53.693882183035626 ], [ -113.43035818523677, 53.692729190484535 ], [ -113.430358716703196, 53.692510601352311 ], [ -113.430360797162564, 53.691655299852904 ], [ -113.430368489645446, 53.688490754391275 ], [ -113.430372042886674, 53.687029150730957 ], [ -113.430372488705274, 53.686848623141138 ], [ -113.430372489956483, 53.686848418270287 ], [ -113.430373570834362, 53.686525607646743 ], [ -113.430385040105094, 53.683099337289121 ], [ -113.43039569924278, 53.679911857905132 ], [ -113.430396704407002, 53.679611542588994 ], [ -113.430402961495673, 53.677707921878365 ], [ -113.430414048547618, 53.674330219458959 ], [ -113.430415425014544, 53.673910900706574 ], [ -113.430420441067326, 53.672382316370182 ], [ -113.430420755251674, 53.672316501032249 ], [ -113.430437625402135, 53.668777351830812 ], [ -113.430446471982037, 53.666925113038978 ], [ -113.430454930196078, 53.665150948146646 ], [ -113.430472193878671, 53.661535731278967 ], [ -113.430489539489727, 53.657902038584233 ], [ -113.430490370539076, 53.65772130887246 ], [ -113.431609366685805, 53.657723358397732 ], [ -113.431468947179027, 53.657668297629854 ], [ -113.431238772920508, 53.65757803150705 ], [ -113.431153642061261, 53.65754464898427 ], [ -113.431156289594767, 53.657039229816021 ], [ -113.431163064483158, 53.65689185331081 ], [ -113.431181827166768, 53.656744842862281 ], [ -113.431212532023821, 53.656598544204421 ], [ -113.431255107793547, 53.656453297554293 ], [ -113.43514476828237, 53.652226200536496 ], [ -113.435345649007758, 53.652018542740848 ], [ -113.435554920778088, 53.651813831092021 ], [ -113.435772462426229, 53.651612185386199 ], [ -113.435998145267192, 53.651413722687622 ], [ -113.436231839100245, 53.651218560951186 ], [ -113.436473406243195, 53.651026812704515 ], [ -113.437123428057433, 53.650505702538219 ], [ -113.434063242793925, 53.650503408315352 ], [ -113.432698151556579, 53.647874622295831 ], [ -113.432669128833723, 53.647818727380731 ], [ -113.432639180287822, 53.647761053359041 ], [ -113.431351979714748, 53.647393778167157 ], [ -113.430500859004127, 53.647150919481135 ], [ -113.424115882072172, 53.64532874101409 ], [ -113.423187800114903, 53.645063838917025 ], [ -113.414271830366189, 53.645055828170399 ], [ -113.412537761510634, 53.643245932132892 ], [ -113.411698089406897, 53.642369478657848 ], [ -113.407243571865166, 53.641002244499774 ], [ -113.406121250374483, 53.640657728758001 ], [ -113.405864973330651, 53.640583697442011 ], [ -113.405730802028415, 53.640544939367615 ], [ -113.402896108500769, 53.64062466673623 ], [ -113.395148659472653, 53.640842223946379 ], [ -113.394337155326582, 53.640864982926225 ], [ -113.393845504796317, 53.641330126863998 ], [ -113.393693853026761, 53.641334345233169 ], [ -113.393531220727311, 53.641339243733363 ], [ -113.393504239027052, 53.641339993959875 ], [ -113.393389250721967, 53.641419168531989 ], [ -113.392257515852464, 53.641413994987076 ], [ -113.391524437247256, 53.641411180801882 ], [ -113.39139125548509, 53.641754510579077 ], [ -113.391256835614556, 53.642101022997828 ], [ -113.390823325984798, 53.643218508171302 ], [ -113.390144846484148, 53.643215621943831 ], [ -113.390144967441216, 53.643215308951724 ], [ -113.390196055984688, 53.643082844600571 ], [ -113.390106937343802, 53.64289659438812 ], [ -113.389997251155734, 53.643214897883588 ], [ -113.387309616423835, 53.64320168534227 ], [ -113.383017371678008, 53.643180447007452 ], [ -113.381613180227205, 53.643173518758672 ], [ -113.381235119980133, 53.643171648113345 ], [ -113.381233483241161, 53.645114798262235 ], [ -113.381228949550447, 53.65040888838486 ], [ -113.381122819546533, 53.650408489034739 ], [ -113.38066653001593, 53.650406768600511 ], [ -113.376320210872876, 53.650390072154359 ], [ -113.369744874393788, 53.650364924659591 ], [ -113.36908760044075, 53.650362368861764 ], [ -113.368928572222487, 53.650361201003939 ], [ -113.36892924927686, 53.651322783052713 ], [ -113.368929548159045, 53.651747021902416 ], [ -113.368933417514285, 53.657248343368224 ], [ -113.368769465254474, 53.657307618222454 ], [ -113.367653667883943, 53.657711009080664 ], [ -113.366793928671527, 53.658033539079966 ], [ -113.357908317639485, 53.661366309158993 ], [ -113.357447436672999, 53.661539141110012 ], [ -113.356594679782177, 53.661858920879219 ], [ -113.354410059363644, 53.662678090907058 ], [ -113.352389112216514, 53.663592874412366 ], [ -113.34427636620994, 53.668765035480241 ], [ -113.342636583417601, 53.66983176425704 ], [ -113.333730626335125, 53.675624024257253 ], [ -113.323181456792966, 53.682482066860608 ], [ -113.31987614592316, 53.684633169237358 ], [ -113.318185232407842, 53.685724059898575 ], [ -113.316489714690817, 53.686830884534643 ], [ -113.306960449695083, 53.693047381731411 ], [ -113.30668377814402, 53.693227831039358 ], [ -113.304827844732586, 53.694364856478558 ], [ -113.303643996477092, 53.695048843565679 ], [ -113.302961204313149, 53.695414272058358 ], [ -113.30194441031351, 53.695917826288174 ], [ -113.299965695757479, 53.69689769956625 ], [ -113.297135309487402, 53.698224629160244 ], [ -113.29623563252099, 53.698645537455299 ], [ -113.295630517685353, 53.698931140292601 ], [ -113.295316399811682, 53.699082095991315 ] ] ] } },
{ "type": "Feature", "properties": { "catchment": "Horse Hill", "merged": true, "components": "Horse Hill, Northeast Horse Hill", "facility_cost": 52287830, "assessable_ha_brief": 1868, "union_ha": 4022.0, "area_ratio": 2.15, "rate_per_ha": 27991, "n_hoods": 6, "member_hoods": "ANTHONY HENDAY HORSE HILL, RURAL NORTH EAST HORSE HILL, MARQUIS, RURAL NORTH EAST SOUTH STURGEON, EVERGREEN, QUARRY RIDGE", "qa_flag": "over-covers (gross hoods exceed assessable; rural/merged land)", "approximation": "union of neighbourhoods; boundaries advisory (Bylaw 19340 Schedule A)" }, "geometry": { "type": "Polygon", "coordinates": [ [ [ -113.322406746825052, 53.633464287814895 ], [ -113.322410069356494, 53.633434980044925 ], [ -113.322413627469388, 53.633403613127705 ], [ -113.322417395768184, 53.633373281683852 ], [ -113.322422147603362, 53.633342899195135 ], [ -113.322431389698963, 53.633298458427269 ], [ -113.322438474508033, 53.633267027900573 ], [ -113.322446394228237, 53.633231894491992 ], [ -113.322452282431939, 53.633198430857576 ], [ -113.32245437401663, 53.63318168747557 ], [ -113.322455733399352, 53.633164972298779 ], [ -113.322459008535205, 53.633093607270943 ], [ -113.32245942396861, 53.633083247912126 ], [ -113.32246186489408, 53.633022240770593 ], [ -113.322470628290688, 53.632834981629557 ], [ -113.322471054227293, 53.632811887427081 ], [ -113.322469599204453, 53.632771348018821 ], [ -113.322465029382897, 53.63271063726949 ], [ -113.32246450793599, 53.632702701512493 ], [ -113.322463031768791, 53.632680279476915 ], [ -113.322462063797914, 53.632649917627205 ], [ -113.322462619084135, 53.632621109085342 ], [ -113.322464171348884, 53.632595844857313 ], [ -113.322468499660417, 53.632552444700927 ], [ -113.322472971946567, 53.632507606706696 ], [ -113.322476491282828, 53.632463458831872 ], [ -113.322477330947706, 53.632441340149121 ], [ -113.322477288030527, 53.632419294648955 ], [ -113.322475845790507, 53.632393339524718 ], [ -113.322474019609075, 53.632374269067654 ], [ -113.322469153941313, 53.632337499732586 ], [ -113.322463970308718, 53.632302553646042 ], [ -113.322460984754485, 53.63228243245792 ], [ -113.322457608849874, 53.632254874974819 ], [ -113.32245538521515, 53.632227302446985 ], [ -113.322454526919316, 53.632203212517823 ], [ -113.322454571462913, 53.63216098773902 ], [ -113.322455037306597, 53.632137572961057 ], [ -113.322455831355512, 53.632097635756693 ], [ -113.322455814400243, 53.632065949364375 ], [ -113.322454634573759, 53.632034279753633 ], [ -113.32245297508662, 53.632012827161603 ], [ -113.322448525593217, 53.631974714081828 ], [ -113.322444332035673, 53.63194704863038 ], [ -113.322436819337568, 53.631904893399629 ], [ -113.322428561389472, 53.631862828302467 ], [ -113.322425268486356, 53.631850475533156 ], [ -113.322420679070632, 53.631837516960111 ], [ -113.32241857072863, 53.631832569037655 ], [ -113.322401964886325, 53.631794631564134 ], [ -113.322397980564801, 53.631784010069389 ], [ -113.322393547139697, 53.631767732963858 ], [ -113.322392339294041, 53.631759706156053 ], [ -113.322391909133842, 53.631751830221468 ], [ -113.322392312896525, 53.631727857062465 ], [ -113.322394707091036, 53.631685901680271 ], [ -113.322396079128367, 53.631669810197465 ], [ -113.32240275156397, 53.631591539801533 ], [ -113.322404588745485, 53.631560004082658 ], [ -113.322406468080487, 53.631490358238459 ], [ -113.322408741653788, 53.631420733495496 ], [ -113.32241101396697, 53.63139931034479 ], [ -113.322415003240394, 53.631378859309081 ], [ -113.322423081877403, 53.631347750705352 ], [ -113.322429773705736, 53.631324314553353 ], [ -113.322437142823532, 53.631298424573728 ], [ -113.322442655098243, 53.631274159528843 ], [ -113.32244468526342, 53.631261904282496 ], [ -113.32244606890707, 53.631249615723043 ], [ -113.322446895358809, 53.63122869838444 ], [ -113.322446381338167, 53.631210297615489 ], [ -113.322443780424294, 53.631178534589928 ], [ -113.32244265599266, 53.63116671707634 ], [ -113.322439178192965, 53.631130332998175 ], [ -113.322438197895508, 53.631106121961999 ], [ -113.322439153307556, 53.631081684652706 ], [ -113.322443104710047, 53.631044344283801 ], [ -113.322450512863043, 53.630988931142504 ], [ -113.322458823629276, 53.630933323620688 ], [ -113.322461487543933, 53.630920009819619 ], [ -113.322475567454831, 53.630873640169639 ], [ -113.322478645775263, 53.630862013581606 ], [ -113.322481633088614, 53.630844365883192 ], [ -113.322482062171559, 53.63083570045179 ], [ -113.322481658015661, 53.630827238778743 ], [ -113.32247855660421, 53.630808598715468 ], [ -113.322473897935865, 53.63079138130211 ], [ -113.322468761178158, 53.630776829114993 ], [ -113.322457791083821, 53.630751477828554 ], [ -113.322436471910592, 53.630710329049052 ], [ -113.322418707499978, 53.630676036907474 ], [ -113.322353577796406, 53.63054670258466 ], [ -113.322345829389178, 53.630528996810121 ], [ -113.322340503794706, 53.630512931210028 ], [ -113.322336835671223, 53.630498434955939 ], [ -113.322332436135497, 53.630473259236297 ], [ -113.322325211692601, 53.630398040866957 ], [ -113.322319820068529, 53.630345527822442 ], [ -113.32231541720391, 53.630302635356209 ], [ -113.322310806877212, 53.630246556610039 ], [ -113.322307489109534, 53.630219348995844 ], [ -113.322304945878145, 53.63020579005422 ], [ -113.322301611531273, 53.630192354234389 ], [ -113.322295728591669, 53.630175789450696 ], [ -113.322288796581049, 53.630161200132477 ], [ -113.322281614591375, 53.630148531496289 ], [ -113.322267243074364, 53.630126684328332 ], [ -113.322221056919716, 53.63006282736351 ], [ -113.322168214690549, 53.629982835233427 ], [ -113.322141856572074, 53.629943912439941 ], [ -113.322114084733087, 53.629904629384669 ], [ -113.322102809592664, 53.629889848320843 ], [ -113.3220976663832, 53.629883730304932 ], [ -113.322081460832408, 53.629864457988994 ], [ -113.322047960206319, 53.629826925289485 ], [ -113.322031560173357, 53.629807999621875 ], [ -113.322016069057895, 53.629788769982596 ], [ -113.322001265261477, 53.629768536907484 ], [ -113.321979912955598, 53.629737717216592 ], [ -113.321961982376308, 53.629713083970856 ], [ -113.321957772621161, 53.629707301919446 ], [ -113.321938345605432, 53.629683317966432 ], [ -113.321915165209049, 53.629655733638799 ], [ -113.321889949183017, 53.629624713223713 ], [ -113.321870431916693, 53.629598537070983 ], [ -113.321865277933796, 53.629591303825286 ], [ -113.32184208119638, 53.629558710613225 ], [ -113.321812885895085, 53.629519234309043 ], [ -113.321787914327729, 53.629488345552822 ], [ -113.32172979699871, 53.629419517147689 ], [ -113.321711108252643, 53.629396458400606 ], [ -113.321686819792745, 53.629364365779203 ], [ -113.32165206727133, 53.629315956445801 ], [ -113.321634303891912, 53.629291666461093 ], [ -113.321615564572312, 53.629267337694763 ], [ -113.321593784314004, 53.629241177424866 ], [ -113.32156039699133, 53.629203424170022 ], [ -113.32152647750749, 53.629164639894718 ], [ -113.32150614237699, 53.629138868803935 ], [ -113.321494666397427, 53.62912315739262 ], [ -113.321476684245809, 53.62909847435516 ], [ -113.321461676729655, 53.629078626451509 ], [ -113.321445552801237, 53.629059109191118 ], [ -113.321435320595199, 53.629048512447426 ], [ -113.321425223756222, 53.629039466549379 ], [ -113.321406012519816, 53.629024213595223 ], [ -113.321382280876534, 53.629006438709879 ], [ -113.321376263954605, 53.629001931385091 ], [ -113.32136198623607, 53.628990496673119 ], [ -113.321348852579078, 53.6289786110598 ], [ -113.32131727715398, 53.628947425965052 ], [ -113.321294140308495, 53.628923772220418 ], [ -113.321277445256854, 53.628905751456166 ], [ -113.321265395981115, 53.628891955275165 ], [ -113.321248666935887, 53.628871155853126 ], [ -113.321233713178657, 53.628850042101767 ], [ -113.32121273227439, 53.628817526024925 ], [ -113.32118106952332, 53.628766458047537 ], [ -113.321151310618575, 53.628715922942604 ], [ -113.321135782002628, 53.628688718824122 ], [ -113.321093219106274, 53.628614159892621 ], [ -113.321059755008207, 53.628555537944727 ], [ -113.321044851464066, 53.628527447747956 ], [ -113.321034179813523, 53.628506289065797 ], [ -113.321025775094043, 53.628490444063011 ], [ -113.321018893189063, 53.628478521984654 ], [ -113.321007446831501, 53.628461081791848 ], [ -113.320994292471298, 53.628444381339165 ], [ -113.320970983483718, 53.62841904887231 ], [ -113.320896093643228, 53.628344565280159 ], [ -113.320799583832525, 53.62824569146472 ], [ -113.320788359167921, 53.628234883253469 ], [ -113.320767013603557, 53.628216642828782 ], [ -113.3207498716245, 53.628203420654202 ], [ -113.320722312724371, 53.628183691932968 ], [ -113.320695206408416, 53.628165151921394 ], [ -113.320663969747528, 53.628144284461065 ], [ -113.320604832092116, 53.62810617182086 ], [ -113.32054876199723, 53.628071809334031 ], [ -113.320510630933867, 53.628049323864659 ], [ -113.320452334368355, 53.62801627232659 ], [ -113.320392571084739, 53.627984096651844 ], [ -113.320372059308028, 53.627973818862607 ], [ -113.320334740767819, 53.627956754691368 ], [ -113.320287156588648, 53.627936008176086 ], [ -113.320278172081416, 53.62793209049655 ], [ -113.320270770922818, 53.627928699399092 ], [ -113.320249999525217, 53.627919153369525 ], [ -113.3202237394446, 53.627905923370747 ], [ -113.320180474877105, 53.627882223392952 ], [ -113.320118776219815, 53.627846618325762 ], [ -113.320057276178332, 53.627809760811871 ], [ -113.320024335404185, 53.627789614959973 ], [ -113.31997465981803, 53.627758217051394 ], [ -113.319950141402515, 53.627742071054541 ], [ -113.319926058404405, 53.627725640873898 ], [ -113.319903496684702, 53.62770899108795 ], [ -113.319884751302254, 53.627693793547245 ], [ -113.319853651230801, 53.627666452257138 ], [ -113.319818903567239, 53.627634877609864 ], [ -113.319808177729129, 53.627625130686155 ], [ -113.31978445544739, 53.627604889779356 ], [ -113.319773281250463, 53.627596233897087 ], [ -113.31975926424407, 53.627585375572494 ], [ -113.319736961710049, 53.627569725568449 ], [ -113.319696217466671, 53.627543221735479 ], [ -113.319633931575865, 53.627504051038315 ], [ -113.319603566406741, 53.627483950259979 ], [ -113.31957483756473, 53.62746324413483 ], [ -113.319539951765037, 53.62743576891733 ], [ -113.319522876782742, 53.627421808297626 ], [ -113.319488843248024, 53.627393981166747 ], [ -113.319462969350468, 53.627373225646942 ], [ -113.319436361296582, 53.627352815501652 ], [ -113.319263565796717, 53.627225048104798 ], [ -113.31916766572121, 53.627152549330646 ], [ -113.319140063054476, 53.627131683263784 ], [ -113.319098427640171, 53.627100771028886 ], [ -113.319084763885897, 53.627091089997847 ], [ -113.319058174140167, 53.627073696461053 ], [ -113.319034520530408, 53.627059372155692 ], [ -113.318989502783651, 53.62703377381407 ], [ -113.318940657338132, 53.627006688065364 ], [ -113.318922580589742, 53.626996664702354 ], [ -113.318891727676075, 53.62697864031837 ], [ -113.31886126707316, 53.626959441895089 ], [ -113.318842980426979, 53.626947248112145 ], [ -113.318768086279462, 53.626896889562836 ], [ -113.318734085206927, 53.626873767451691 ], [ -113.318678091669341, 53.626835691505832 ], [ -113.318573400541524, 53.626761952465806 ], [ -113.318537499274299, 53.626737814848887 ], [ -113.318522484052195, 53.62672852773143 ], [ -113.318508628557055, 53.626720630155674 ], [ -113.318483265489846, 53.626707348264397 ], [ -113.31840403857116, 53.626669637730103 ], [ -113.318358870312522, 53.626648644499554 ], [ -113.318290363087996, 53.626617942885304 ], [ -113.318256358289432, 53.626602397586225 ], [ -113.318222929096763, 53.626586405358658 ], [ -113.318185642766764, 53.62656709689432 ], [ -113.318153718415999, 53.626549279181845 ], [ -113.318099668302963, 53.626517203181329 ], [ -113.318070064376556, 53.626499292630463 ], [ -113.318019464550076, 53.626468679396218 ], [ -113.317979981896428, 53.626446096445825 ], [ -113.317957018282996, 53.626433648532156 ], [ -113.3179491023363, 53.626429586698222 ], [ -113.317935462320023, 53.626422587981594 ], [ -113.317893228429185, 53.626402451481809 ], [ -113.31781818695687, 53.626368855718482 ], [ -113.317795774036156, 53.626358821848243 ], [ -113.317763823677964, 53.626343948585237 ], [ -113.317740199608153, 53.626332249889643 ], [ -113.317699932603304, 53.626310890757502 ], [ -113.317680155675177, 53.62630003529658 ], [ -113.317640444519768, 53.626278238101335 ], [ -113.317610164238872, 53.626262264549553 ], [ -113.317579028214624, 53.626246958262094 ], [ -113.317569392179621, 53.626242985442126 ], [ -113.31756024013778, 53.626239932848513 ], [ -113.317540230301276, 53.626234616786995 ], [ -113.317529910751887, 53.626231878333869 ], [ -113.317521584613814, 53.626229541236583 ], [ -113.317507516757246, 53.62622527086836 ], [ -113.317494920437682, 53.626220206441452 ], [ -113.317445885391137, 53.626195994504378 ], [ -113.317337103696758, 53.626140194898667 ], [ -113.317300557075214, 53.626122027099306 ], [ -113.317215557411913, 53.626079289339536 ], [ -113.317194208614126, 53.626068902884938 ], [ -113.317161155529718, 53.626053821883154 ], [ -113.317144213460537, 53.62604669281243 ], [ -113.317127029556985, 53.626039937074722 ], [ -113.317095898221908, 53.626028574630539 ], [ -113.317040184752003, 53.626009825636814 ], [ -113.31699985488288, 53.625997175112907 ], [ -113.316917065537865, 53.625971206793778 ], [ -113.316870935233283, 53.625956242485202 ], [ -113.316825343577008, 53.625940312545048 ], [ -113.316761019799657, 53.625917187531719 ], [ -113.31672921889249, 53.625906393576095 ], [ -113.316687511193678, 53.625893520316566 ], [ -113.316664376603967, 53.625887300252863 ], [ -113.316623071986101, 53.625877455747705 ], [ -113.316529338144591, 53.625857341040451 ], [ -113.316498177905459, 53.625850217857035 ], [ -113.316405814894367, 53.625828439489112 ], [ -113.31635987028028, 53.625817345403107 ], [ -113.316314290879561, 53.625805728604526 ], [ -113.316193434338189, 53.625773278226944 ], [ -113.316073278838331, 53.625740393216688 ], [ -113.31583609763895, 53.625675077439546 ], [ -113.315713941252412, 53.625642009896666 ], [ -113.315591240417021, 53.625609718199428 ], [ -113.315569011828003, 53.625604604783611 ], [ -113.315548599700477, 53.625600829877335 ], [ -113.315512659558308, 53.625595515837531 ], [ -113.315476953044126, 53.625590804284649 ], [ -113.315458457228374, 53.62558836305714 ], [ -113.315431525149378, 53.625584146475447 ], [ -113.315405385747155, 53.625578959442947 ], [ -113.315383699030846, 53.625573617253551 ], [ -113.315346854492617, 53.625563010643582 ], [ -113.315291669825143, 53.625545950523048 ], [ -113.315263774204581, 53.625538041446283 ], [ -113.315235166652045, 53.625531158082971 ], [ -113.31518860873615, 53.625521384569431 ], [ -113.315117873487281, 53.625507363419231 ], [ -113.315047479445923, 53.625494677698249 ], [ -113.314957379435839, 53.625480171824719 ], [ -113.314821820758212, 53.625459432702336 ], [ -113.314754240051442, 53.625448515177418 ], [ -113.314687107437308, 53.625436626099962 ], [ -113.31438844211884, 53.625380115715444 ], [ -113.314271560700149, 53.625357831323122 ], [ -113.314154778935844, 53.625335374856526 ], [ -113.314139253006388, 53.62533213092015 ], [ -113.314110469385909, 53.625324938957746 ], [ -113.314085631478434, 53.625317720175701 ], [ -113.314045935844916, 53.625304830562627 ], [ -113.314001503644519, 53.625290403248549 ], [ -113.313980166409848, 53.62528385059845 ], [ -113.313963889117844, 53.625279216695539 ], [ -113.313938877739375, 53.625272910762419 ], [ -113.313913806978405, 53.625267750195576 ], [ -113.313879804630631, 53.625261911206643 ], [ -113.31381981249578, 53.625252589426616 ], [ -113.313767278913815, 53.62524492515621 ], [ -113.31372952851676, 53.625239417785842 ], [ -113.313684506956335, 53.625232537890334 ], [ -113.313639779229689, 53.625225063892465 ], [ -113.313392642746351, 53.625181384603543 ], [ -113.313370404723116, 53.625177068678369 ], [ -113.313332247660611, 53.625168218762113 ], [ -113.313275582217727, 53.625153624849375 ], [ -113.313247313428931, 53.625146673760497 ], [ -113.313218486257398, 53.625140412279954 ], [ -113.313157810876547, 53.625128969150836 ], [ -113.31306635122499, 53.625112733232967 ], [ -113.313020681954299, 53.625104425092537 ], [ -113.312975160131288, 53.625095601985862 ], [ -113.312869734623291, 53.625074088269095 ], [ -113.312764600352807, 53.625052146601512 ], [ -113.312640929977263, 53.625025437374795 ], [ -113.312517628317295, 53.62499818648584 ], [ -113.312482401776222, 53.624989942608821 ], [ -113.312421569110981, 53.624974158873258 ], [ -113.312330935767591, 53.624949717548951 ], [ -113.312284919187917, 53.624938245864584 ], [ -113.312261675434129, 53.624932954367345 ], [ -113.31223828321211, 53.624928055598318 ], [ -113.312227978860349, 53.624926189311495 ], [ -113.312214443210749, 53.624923736543138 ], [ -113.312195112734216, 53.6249207832048 ], [ -113.312162114791249, 53.624916512159125 ], [ -113.312092120830044, 53.624908432306434 ], [ -113.312070735273053, 53.624905810401778 ], [ -113.312042743953455, 53.624901803529525 ], [ -113.311902181419484, 53.624880831943337 ], [ -113.311866974389446, 53.624875025892379 ], [ -113.311840815059526, 53.624870280972644 ], [ -113.311802314915695, 53.624862393688254 ], [ -113.311783433746015, 53.624858027574994 ], [ -113.311762241818911, 53.624852612089228 ], [ -113.311543203081982, 53.624795034652841 ], [ -113.311517376702128, 53.624787855478473 ], [ -113.311473653126939, 53.624774368534446 ], [ -113.311408903427861, 53.624753459511979 ], [ -113.311395884801641, 53.624749523344192 ], [ -113.311375977035851, 53.624743505927889 ], [ -113.311356960042119, 53.624738389535025 ], [ -113.311342322561558, 53.624734451236669 ], [ -113.311295628417696, 53.624723404801792 ], [ -113.311260139072687, 53.624715640699804 ], [ -113.311206599564841, 53.624704748040543 ], [ -113.311152777053152, 53.624694527677015 ], [ -113.310903799490148, 53.624648501672525 ], [ -113.310893837995323, 53.6246466597092 ], [ -113.310732850602761, 53.624616898586389 ], [ -113.310629863030456, 53.624597859984192 ], [ -113.31054448024517, 53.624581360592842 ], [ -113.31043551533628, 53.624559401097187 ], [ -113.310414806855093, 53.624555226424732 ], [ -113.310350187152963, 53.624542621518721 ], [ -113.310285156093727, 53.624530773522665 ], [ -113.310193503950757, 53.624515549708171 ], [ -113.310106679951829, 53.624502078958876 ], [ -113.30991725651144, 53.624472690199774 ], [ -113.309791674066474, 53.624452118795553 ], [ -113.309666286685584, 53.624431272514606 ], [ -113.309604216952451, 53.624420269733491 ], [ -113.309557947595593, 53.624411214564056 ], [ -113.309489092410885, 53.624396513492151 ], [ -113.309421160217582, 53.624380739387902 ], [ -113.309410135884789, 53.624377066116288 ], [ -113.309400632681914, 53.624372158858769 ], [ -113.309392991785188, 53.624366970300862 ], [ -113.309382004877023, 53.624358134797049 ], [ -113.309370285386194, 53.624348711875292 ], [ -113.309363955783425, 53.624344309965799 ], [ -113.309358333326969, 53.62434103538358 ], [ -113.309349701689854, 53.624337184510424 ], [ -113.309341226323468, 53.624334594372719 ], [ -113.309300953535384, 53.624325535962342 ], [ -113.309265427065938, 53.624317958859294 ], [ -113.309202606192741, 53.624305485022504 ], [ -113.309155160592738, 53.624296828176043 ], [ -113.309083620147632, 53.624284968014685 ], [ -113.309011413247859, 53.624274397045703 ], [ -113.308918239673133, 53.624262244761169 ], [ -113.308777737572285, 53.624244735735431 ], [ -113.308707656839985, 53.624235504988675 ], [ -113.308637964318081, 53.624225459617413 ], [ -113.308552742077595, 53.624212270162737 ], [ -113.308488964388829, 53.624202037816815 ], [ -113.308393576401883, 53.624185927484369 ], [ -113.308298848015625, 53.624168677870571 ], [ -113.308239608845582, 53.624157201000415 ], [ -113.308151220922127, 53.624139251061678 ], [ -113.308063348134141, 53.624120492601129 ], [ -113.307978849678619, 53.624101520847368 ], [ -113.307854385088802, 53.624072524117643 ], [ -113.307726465248834, 53.624043158618399 ], [ -113.307684692547127, 53.624034258126628 ], [ -113.307610791721174, 53.624019915879529 ], [ -113.307593167760729, 53.624016639185562 ], [ -113.307568870952011, 53.624012122462169 ], [ -113.307499500820697, 53.623999227038979 ], [ -113.307444092715571, 53.623988190684557 ], [ -113.307389436409736, 53.623976106396078 ], [ -113.307353897730934, 53.623967374852882 ], [ -113.307323022844585, 53.623959249883789 ], [ -113.307269591392341, 53.62394418568811 ], [ -113.307190529111253, 53.623920233354134 ], [ -113.30711220650862, 53.623895700261933 ], [ -113.307070691787956, 53.623882232575077 ], [ -113.307000462501989, 53.623857769624713 ], [ -113.306892921224886, 53.623819351017367 ], [ -113.306838772904229, 53.623801102338014 ], [ -113.306811321840556, 53.623792426453406 ], [ -113.306783587635294, 53.62378414969745 ], [ -113.306747254199138, 53.623773940567794 ], [ -113.306715066089339, 53.623765351347259 ], [ -113.3066580401659, 53.623751146683972 ], [ -113.306614526650691, 53.623741141240636 ], [ -113.30654900631454, 53.623727374358531 ], [ -113.306483103050041, 53.623715024108378 ], [ -113.306167028355262, 53.623659511915811 ], [ -113.305889260163369, 53.623611073737777 ], [ -113.305875503229615, 53.623608889444853 ], [ -113.305848890143992, 53.623605632252591 ], [ -113.305825347167342, 53.623603561935667 ], [ -113.305772328201641, 53.623600449020614 ], [ -113.305742769859648, 53.623598714021462 ], [ -113.305722119468257, 53.62359731913407 ], [ -113.305691164635405, 53.623594468949015 ], [ -113.305675929066425, 53.623592583376812 ], [ -113.305660982175638, 53.623590331051936 ], [ -113.305632915555094, 53.623585475759441 ], [ -113.305584088259664, 53.623576092395588 ], [ -113.305547740248997, 53.623568364744251 ], [ -113.30549379607659, 53.623555781401592 ], [ -113.305440817243266, 53.623542219670846 ], [ -113.30539967046272, 53.623530975769981 ], [ -113.305327644715618, 53.623510334828282 ], [ -113.30522172330889, 53.623479454366084 ], [ -113.305168031614912, 53.623464395804284 ], [ -113.305113807600321, 53.623450091646369 ], [ -113.305064794265377, 53.623437971656266 ], [ -113.30497836833537, 53.623417616221843 ], [ -113.304848454195096, 53.623387515377168 ], [ -113.304783640857565, 53.623371816948499 ], [ -113.304719660265178, 53.623355300205546 ], [ -113.30442130594642, 53.623274763302163 ], [ -113.304136729605602, 53.623197299880914 ], [ -113.304108188355926, 53.623189071725882 ], [ -113.304081110503546, 53.623180553737591 ], [ -113.304037367833573, 53.623165898469615 ], [ -113.303971084896517, 53.623143189174506 ], [ -113.303935575756213, 53.623131736725533 ], [ -113.303909070618005, 53.623123875309602 ], [ -113.303892686116626, 53.623119810915476 ], [ -113.303882608976721, 53.623118423283266 ], [ -113.303866458581624, 53.623117309447281 ], [ -113.303850081686349, 53.623116549238176 ], [ -113.303840816665371, 53.623116145798051 ], [ -113.303823993922805, 53.623114739595792 ], [ -113.303811126165925, 53.623112455100284 ], [ -113.30376696366514, 53.623101460877095 ], [ -113.303734142193704, 53.623092298354074 ], [ -113.303709869531957, 53.623084810217968 ], [ -113.303690163222015, 53.623078145697647 ], [ -113.303665794143129, 53.623069169811096 ], [ -113.303641031738593, 53.623058929100402 ], [ -113.303591864367576, 53.623036661532069 ], [ -113.303565448094815, 53.623024144019091 ], [ -113.303549731536634, 53.623016695747665 ], [ -113.303509053245918, 53.62299670426524 ], [ -113.303404759361626, 53.622945442454956 ], [ -113.303368266686348, 53.622927831408404 ], [ -113.303312774372969, 53.622902049336432 ], [ -113.303284544272145, 53.622889542769784 ], [ -113.303255959453978, 53.622877374700444 ], [ -113.303114891027263, 53.622818779869021 ], [ -113.302973565915238, 53.622760375675057 ], [ -113.302863067943889, 53.622715019691611 ], [ -113.302752209457822, 53.622670000276784 ], [ -113.302732815906268, 53.62266244690813 ], [ -113.302695277249057, 53.622649087121232 ], [ -113.30266151567757, 53.622638122526503 ], [ -113.302654506802753, 53.622636015814912 ], [ -113.302601469542182, 53.622620071193076 ], [ -113.302552014123535, 53.622605529463137 ], [ -113.302511179342559, 53.62259352347079 ], [ -113.302466742649329, 53.62257941082671 ], [ -113.30244489177224, 53.622571932052089 ], [ -113.30242353406328, 53.622564153319843 ], [ -113.30239721648006, 53.622553847572789 ], [ -113.302352165071795, 53.622534762052638 ], [ -113.302318746257413, 53.622519980313982 ], [ -113.302285620090714, 53.622505326974157 ], [ -113.302251925470586, 53.622490957862944 ], [ -113.302217484693273, 53.622477291589462 ], [ -113.302187037495727, 53.622466088283637 ], [ -113.302132945347651, 53.622447226741663 ], [ -113.302119178868438, 53.622442540260636 ], [ -113.302051260319246, 53.622419422278256 ], [ -113.302010806917252, 53.622405116127936 ], [ -113.301971098302175, 53.62239019337553 ], [ -113.301940281185736, 53.622377874485359 ], [ -113.301887208790319, 53.622355667904017 ], [ -113.301880190394627, 53.622352677768703 ], [ -113.301807755221816, 53.622321808949287 ], [ -113.301767627276874, 53.62230528597425 ], [ -113.301726866056057, 53.622289403586556 ], [ -113.301469216781371, 53.622193143009035 ], [ -113.301303016601324, 53.622130459896383 ], [ -113.301275775707808, 53.622119442212288 ], [ -113.301255415751839, 53.622110398475563 ], [ -113.301198142897718, 53.622083020789461 ], [ -113.301188845018586, 53.622078124856095 ], [ -113.301180484205062, 53.62207304928156 ], [ -113.301165910319227, 53.622062628510164 ], [ -113.301156557536842, 53.622054560199956 ], [ -113.301121188027537, 53.622024051139917 ], [ -113.301108016193666, 53.622013943172625 ], [ -113.301098904462364, 53.622007845095254 ], [ -113.301090494726481, 53.622002987588154 ], [ -113.301077852568696, 53.621996866198835 ], [ -113.301065171259168, 53.62199201699547 ], [ -113.301038014359634, 53.621983609278033 ], [ -113.301013722285774, 53.621976814195719 ], [ -113.300991051610112, 53.621971051182747 ], [ -113.300970751535672, 53.621965892389461 ], [ -113.300905896453273, 53.621950376715191 ], [ -113.300873561568849, 53.621942317926106 ], [ -113.300686607181419, 53.621891551253519 ], [ -113.300648276136158, 53.621880580057216 ], [ -113.300619879444454, 53.621871930466185 ], [ -113.300577543038202, 53.621857850055093 ], [ -113.300557209203618, 53.621850442699667 ], [ -113.300537430431618, 53.621842740249519 ], [ -113.300511289620601, 53.621831762066613 ], [ -113.300488827992595, 53.621821683310664 ], [ -113.300450491349537, 53.621803287793952 ], [ -113.300394527800023, 53.621774573067647 ], [ -113.30033918359635, 53.621745610327466 ], [ -113.30022774092599, 53.621686787152321 ], [ -113.30019236253159, 53.621668113207654 ], [ -113.300133856607061, 53.621637232247764 ], [ -113.300104338059626, 53.621622681164808 ], [ -113.300077789901195, 53.621610576356979 ], [ -113.30003044965639, 53.62159036410484 ], [ -113.299958869355592, 53.621560696987153 ], [ -113.299937256420492, 53.621551319504348 ], [ -113.299923663177694, 53.621545421571938 ], [ -113.299889463277651, 53.621529438544549 ], [ -113.299882103587507, 53.621525442559609 ], [ -113.299875496461155, 53.62152118139646 ], [ -113.299864211773695, 53.621512237231109 ], [ -113.29985205732568, 53.621500319904712 ], [ -113.299831225678076, 53.621478442069503 ], [ -113.299822114600417, 53.621470130648191 ], [ -113.299814638704362, 53.621464389798639 ], [ -113.299808408876572, 53.621460346502566 ], [ -113.29979865353252, 53.621455163826546 ], [ -113.299788940257272, 53.62145118372122 ], [ -113.299719599230571, 53.621427153889435 ], [ -113.299695807787899, 53.621418909330622 ], [ -113.299624773168247, 53.621394292634079 ], [ -113.299559551040247, 53.621370902350257 ], [ -113.2995111755192, 53.621352633791993 ], [ -113.299439681092778, 53.621324489988503 ], [ -113.299368891522803, 53.621295681710151 ], [ -113.299348109231218, 53.62128690744894 ], [ -113.29931245893944, 53.621270822310407 ], [ -113.299286278025264, 53.621258199186137 ], [ -113.299277135783768, 53.621253512488622 ], [ -113.299248328885739, 53.621238736215574 ], [ -113.299210728036428, 53.621218231998512 ], [ -113.299159563397552, 53.621188972376871 ], [ -113.299122233602972, 53.621166526947583 ], [ -113.299095585031381, 53.621149660553712 ], [ -113.299075126788807, 53.621136113885349 ], [ -113.29904611679315, 53.621115724622499 ], [ -113.299018565929103, 53.621094754416809 ], [ -113.298977363786634, 53.6210617385074 ], [ -113.298960499568508, 53.621048208375512 ], [ -113.298940499622105, 53.621031911060328 ], [ -113.298876998373061, 53.620980160808287 ], [ -113.298793660116843, 53.620911235305968 ], [ -113.298778426536884, 53.620898636663256 ], [ -113.298702922316764, 53.620836189163754 ], [ -113.298664157644254, 53.620803505529238 ], [ -113.298622689188193, 53.62076707685187 ], [ -113.298602241169249, 53.620748101723471 ], [ -113.298568379395689, 53.620714709936415 ], [ -113.298465831887867, 53.620608501971745 ], [ -113.298433311162185, 53.620575645482866 ], [ -113.298416879111031, 53.620559044596206 ], [ -113.298391269565514, 53.620534612535621 ], [ -113.298377794499757, 53.620522623514034 ], [ -113.298363768350001, 53.620510872983651 ], [ -113.298353089645133, 53.620502790387235 ], [ -113.298342063170367, 53.62049535453977 ], [ -113.298330422006345, 53.620488255656916 ], [ -113.298308520652739, 53.620476456257485 ], [ -113.298288307505601, 53.620466756893016 ], [ -113.298251072339525, 53.620450518365857 ], [ -113.298244394850286, 53.620447694457219 ], [ -113.298195341091528, 53.620426948438492 ], [ -113.298188286884695, 53.620423691888817 ], [ -113.298167825043663, 53.620414227377175 ], [ -113.298155274970782, 53.620407893247069 ], [ -113.298142749649116, 53.620401069524227 ], [ -113.298047642937334, 53.620346983140706 ], [ -113.29799960404327, 53.620318920307454 ], [ -113.297953865623583, 53.620291128845835 ], [ -113.297901893828083, 53.620257984689445 ], [ -113.29783384586969, 53.620213141690975 ], [ -113.297824838087806, 53.620207206616492 ], [ -113.297746948044562, 53.620156439772835 ], [ -113.297723986037752, 53.620142362382907 ], [ -113.297681627597143, 53.620118207509009 ], [ -113.297636389054901, 53.620093014910452 ], [ -113.297617593097684, 53.620082547357562 ], [ -113.297586522931169, 53.620064071342284 ], [ -113.297571484642532, 53.620054497475124 ], [ -113.297557002958769, 53.620044717498963 ], [ -113.297538182058886, 53.620030747945542 ], [ -113.297522391301243, 53.620017794516954 ], [ -113.297494047441774, 53.619992149277856 ], [ -113.297459846658867, 53.619959601659872 ], [ -113.297441214693379, 53.619942541119471 ], [ -113.297421214625345, 53.619925589363454 ], [ -113.297385025413902, 53.619897381968158 ], [ -113.297150687685914, 53.619705435674014 ], [ -113.297135818182511, 53.619701090793271 ], [ -113.297104808307211, 53.619691114856039 ], [ -113.297079391025022, 53.619681842109884 ], [ -113.297057066676786, 53.619672805882608 ], [ -113.297037753271468, 53.619664210575017 ], [ -113.297020742505154, 53.619655932514853 ], [ -113.297006744429638, 53.619648535700904 ], [ -113.296983911065809, 53.619635115798133 ], [ -113.2969681811946, 53.619624611335688 ], [ -113.296957391090899, 53.619616622310872 ], [ -113.296944093374194, 53.619605462674549 ], [ -113.296928405487947, 53.619590159033947 ], [ -113.296904167213981, 53.619563058673201 ], [ -113.296863229080301, 53.619515435937899 ], [ -113.296813349283411, 53.619455831748702 ], [ -113.296803423120991, 53.619443971227255 ], [ -113.296773273155793, 53.619408372199018 ], [ -113.296742407460172, 53.619373008883542 ], [ -113.296712816432517, 53.619341069524623 ], [ -113.296603554670995, 53.619231017593762 ], [ -113.296581428594436, 53.619207530265903 ], [ -113.296577323563213, 53.619203173992695 ], [ -113.296558560473485, 53.61918204188467 ], [ -113.296545089523534, 53.619165953264826 ], [ -113.29652600027616, 53.61914125988195 ], [ -113.296509031037047, 53.619116595131118 ], [ -113.296494486636362, 53.619092532314234 ], [ -113.296482719577142, 53.619070958765938 ], [ -113.296464138857345, 53.619033138924074 ], [ -113.296446813240451, 53.618994917593866 ], [ -113.29643832100416, 53.618976183994228 ], [ -113.296425194595059, 53.618947835096151 ], [ -113.296411061936283, 53.618919376942394 ], [ -113.296314874799151, 53.618731660149777 ], [ -113.296265947076762, 53.618637904648878 ], [ -113.296240733798214, 53.618591155027168 ], [ -113.296214852429785, 53.618544594670141 ], [ -113.296138823280572, 53.618411425326414 ], [ -113.296062503891079, 53.618278469887045 ], [ -113.296006486638191, 53.618181588579922 ], [ -113.295992725837621, 53.61815779089963 ], [ -113.295958315182617, 53.618097322109058 ], [ -113.295925109938025, 53.618036534206908 ], [ -113.295915344169018, 53.618017430938814 ], [ -113.295898585709637, 53.617981055884677 ], [ -113.295885249846776, 53.617948440934555 ], [ -113.295874715641872, 53.617920117103516 ], [ -113.295857845611124, 53.617870198590147 ], [ -113.295822751165701, 53.61775785046958 ], [ -113.295810315491678, 53.617720282332286 ], [ -113.295798163541789, 53.617684828470729 ], [ -113.295723255440635, 53.617466316424704 ], [ -113.295614211484022, 53.617154877813633 ], [ -113.295610959862529, 53.617143849930613 ], [ -113.295608751258854, 53.617133353866777 ], [ -113.295606465553348, 53.617113054523337 ], [ -113.295606081181774, 53.617095199778007 ], [ -113.295607409702399, 53.617063147351018 ], [ -113.295608641548725, 53.617033452280964 ], [ -113.295608494409805, 53.617017960452003 ], [ -113.295607956965725, 53.617009664110903 ], [ -113.295606286819691, 53.616996328045701 ], [ -113.295605177521253, 53.616988883806123 ], [ -113.295600647705214, 53.616972024574231 ], [ -113.295596656563234, 53.616960845866359 ], [ -113.29558971386642, 53.616941405133545 ], [ -113.295568801359607, 53.616888065171651 ], [ -113.295535500307437, 53.616808157969871 ], [ -113.295519151675506, 53.616768183676939 ], [ -113.295509681574799, 53.616743785762885 ], [ -113.295499084134519, 53.616716478734546 ], [ -113.295494713013184, 53.616705432576062 ], [ -113.295464624659871, 53.616636180090659 ], [ -113.295456114884558, 53.616613833936611 ], [ -113.295450705100279, 53.616597004563168 ], [ -113.295447213632926, 53.616583594871344 ], [ -113.29544365204994, 53.616564593677829 ], [ -113.295442023334971, 53.616546050466397 ], [ -113.295441586944747, 53.616508179098609 ], [ -113.295443696197069, 53.616394843015037 ], [ -113.295444202402535, 53.61631914883192 ], [ -113.295444202139649, 53.616312629487538 ], [ -113.295444205160592, 53.616243556820436 ], [ -113.295442898007209, 53.61620978602825 ], [ -113.295440398046537, 53.616181123045386 ], [ -113.295433748639581, 53.616130101831267 ], [ -113.295421973041698, 53.616053665887542 ], [ -113.295416884041373, 53.616015397802649 ], [ -113.295413327861212, 53.615977106391291 ], [ -113.295412284042555, 53.615959924405416 ], [ -113.295409362922442, 53.61591181143929 ], [ -113.29540626855264, 53.615860761726417 ], [ -113.295404248736034, 53.615802811698849 ], [ -113.295404133504647, 53.615744656320402 ], [ -113.295410208669878, 53.615471376578896 ], [ -113.29541158925467, 53.615421771197163 ], [ -113.295417809955907, 53.615198286427706 ], [ -113.295422767497428, 53.615058740543191 ], [ -113.295426801209857, 53.614932381566184 ], [ -113.295427220675734, 53.614919259979828 ], [ -113.295427572743534, 53.614871338805692 ], [ -113.295426889640652, 53.614829406997806 ], [ -113.295424253281013, 53.614756025264143 ], [ -113.295421852527539, 53.614700987144182 ], [ -113.295419451779637, 53.614645949023725 ], [ -113.295418373957489, 53.614607665903222 ], [ -113.295417926365303, 53.614591798481136 ], [ -113.295417675857863, 53.614535866330343 ], [ -113.296981731590861, 53.614614762673568 ], [ -113.297066744334089, 53.613824483042698 ], [ -113.297290699136042, 53.612815494645488 ], [ -113.297603057730868, 53.61186290851947 ], [ -113.297844767374727, 53.611231786635841 ], [ -113.298366885738815, 53.610423548033374 ], [ -113.299168705660122, 53.609479436057704 ], [ -113.299920383967631, 53.608768790077868 ], [ -113.300521760913682, 53.608214665310115 ], [ -113.300765647847385, 53.607989935131435 ], [ -113.301192193506779, 53.607648239033438 ], [ -113.301618733779307, 53.60730654138262 ], [ -113.301702906420402, 53.607239109101769 ], [ -113.302321983066776, 53.606791927594358 ], [ -113.302779301529824, 53.606461582031542 ], [ -113.304039696068543, 53.605740122436742 ], [ -113.304960029179753, 53.605262755172234 ], [ -113.305179011756849, 53.605149169389868 ], [ -113.305230828557853, 53.60512239627456 ], [ -113.305288031001083, 53.605097590886459 ], [ -113.30681170132803, 53.60443682556209 ], [ -113.307639004325807, 53.604119612753138 ], [ -113.308318933079406, 53.60385890113929 ], [ -113.309641007031388, 53.603431983414474 ], [ -113.311291443045832, 53.603028669486868 ], [ -113.311992862899046, 53.602889121169078 ], [ -113.312694276635199, 53.602749569612186 ], [ -113.314111517440267, 53.602581291170104 ], [ -113.315354351873438, 53.602530520159874 ], [ -113.316667899679999, 53.602624937896522 ], [ -113.318236788847116, 53.602742524321314 ], [ -113.319777333599248, 53.602928463513095 ], [ -113.319919245620184, 53.602945590460273 ], [ -113.320083165194902, 53.602965373636302 ], [ -113.320314968054021, 53.602993349200915 ], [ -113.321143452008087, 53.603117281733148 ], [ -113.32224894139398, 53.603282641356472 ], [ -113.322775980197946, 53.603361471423817 ], [ -113.323130889972646, 53.603414554895046 ], [ -113.323485512766666, 53.603467594352985 ], [ -113.324330635077246, 53.603595538282249 ], [ -113.326028545712759, 53.603852565625694 ], [ -113.326765366678217, 53.603964096621176 ], [ -113.327166801823836, 53.604023465715187 ], [ -113.328217757912839, 53.604178886157783 ], [ -113.329407631480493, 53.604354837869458 ], [ -113.329915753263322, 53.604429971949379 ], [ -113.3299724737915, 53.60443835895861 ], [ -113.330717047001343, 53.604571245315128 ], [ -113.331450067644397, 53.604702067595078 ], [ -113.331941244055457, 53.604789725506777 ], [ -113.332183092853086, 53.604832885396021 ], [ -113.33248610812015, 53.604886961604478 ], [ -113.332913066491287, 53.604970387931019 ], [ -113.334819364573931, 53.605342855916959 ], [ -113.336492403391389, 53.605669717427759 ], [ -113.337053065834269, 53.605784706481963 ], [ -113.339611886186475, 53.60630946758085 ], [ -113.339701435499691, 53.606330464131389 ], [ -113.341762381453592, 53.606813671766737 ], [ -113.341839150166606, 53.606831669677909 ], [ -113.343493982359817, 53.607219625327176 ], [ -113.344263333057, 53.60738142511525 ], [ -113.344304966243897, 53.607390180028531 ], [ -113.3446068178351, 53.607453659739136 ], [ -113.344941514422018, 53.607524046276595 ], [ -113.345276210631994, 53.60759443097372 ], [ -113.346114580658394, 53.607741856673329 ], [ -113.346952955045026, 53.607889277403935 ], [ -113.347939510128853, 53.608008093063887 ], [ -113.348471321563807, 53.608072138162875 ], [ -113.348820336184787, 53.609132584584572 ], [ -113.349047933432729, 53.609740125721707 ], [ -113.349059922412025, 53.609772128901263 ], [ -113.349213603730618, 53.610182347044308 ], [ -113.349361312384332, 53.610162676493879 ], [ -113.349602078243763, 53.610794897030196 ], [ -113.350784343652521, 53.613892864572804 ], [ -113.3508889509895, 53.614166949691594 ], [ -113.351891294498259, 53.616793060786307 ], [ -113.350587178002684, 53.617137379286888 ], [ -113.350585542620365, 53.617924865583142 ], [ -113.35058416677721, 53.618586916286915 ], [ -113.350583607712267, 53.618856024963023 ], [ -113.350583280623908, 53.619013124826175 ], [ -113.352654979264372, 53.618867058857987 ], [ -113.352672264891112, 53.618877420606736 ], [ -113.352689550512579, 53.618887783251566 ], [ -113.352966636894863, 53.619611791595254 ], [ -113.356660856569732, 53.620919186202812 ], [ -113.356660723903119, 53.620963395511914 ], [ -113.356659735507407, 53.621291995046477 ], [ -113.357718757348835, 53.621293543491021 ], [ -113.361297256629939, 53.622559745100794 ], [ -113.364323440450178, 53.624412229969053 ], [ -113.36749114290005, 53.626351091144279 ], [ -113.367819201065117, 53.626551871845713 ], [ -113.367974658602762, 53.626647014633015 ], [ -113.368258142220654, 53.626820511056316 ], [ -113.368569819912423, 53.627011259370811 ], [ -113.368794379446641, 53.62714868949174 ], [ -113.368918762330551, 53.627224634041596 ], [ -113.369097938043112, 53.627334284188521 ], [ -113.369096997916273, 53.627455791653929 ], [ -113.369095727447373, 53.627595594553277 ], [ -113.369308757179382, 53.627463483469327 ], [ -113.369491573517166, 53.627575363639956 ], [ -113.36969446937384, 53.627699284387546 ], [ -113.369801760853562, 53.627632510430978 ], [ -113.371163105233691, 53.626785226967094 ], [ -113.372373228336457, 53.626032015118611 ], [ -113.372647488485541, 53.625861303706678 ], [ -113.374032648472436, 53.624999087048515 ], [ -113.374033207107445, 53.624999641706864 ], [ -113.374275425259754, 53.625239719483609 ], [ -113.379757528890423, 53.626225951169637 ], [ -113.37984713594507, 53.62624206894769 ], [ -113.380106052635412, 53.626288613835627 ], [ -113.379803754275912, 53.626638969694518 ], [ -113.380094279984704, 53.626698218243924 ], [ -113.380082007326124, 53.627333769651933 ], [ -113.380060659808521, 53.628434978251498 ], [ -113.380184829707133, 53.628501608575363 ], [ -113.380445366385402, 53.628641113384688 ], [ -113.380700024251226, 53.628777517609933 ], [ -113.380771663868728, 53.628775489873014 ], [ -113.380771469984495, 53.628815786297622 ], [ -113.381251939112943, 53.629073068757378 ], [ -113.381754018580295, 53.629342222566009 ], [ -113.381980036371729, 53.629463384235599 ], [ -113.384052420983238, 53.630574280671944 ], [ -113.384182304280955, 53.630627105048553 ], [ -113.384227250962525, 53.630645384503808 ], [ -113.384243533190869, 53.630652006421371 ], [ -113.385032692322923, 53.630972951955769 ], [ -113.387537649817503, 53.631991632329282 ], [ -113.3877125366039, 53.63205878290087 ], [ -113.387893162274096, 53.632120333774822 ], [ -113.388079018263397, 53.632176113390351 ], [ -113.388269582170423, 53.632225965394589 ], [ -113.388464322293231, 53.632269748665834 ], [ -113.388662688507736, 53.632307340861814 ], [ -113.388864127412134, 53.632338636700048 ], [ -113.389068071732851, 53.632363548802587 ], [ -113.389273949422062, 53.632382005945409 ], [ -113.389481183593958, 53.632393957551336 ], [ -113.38968919107937, 53.632399369189734 ], [ -113.389897388421957, 53.632398226201467 ], [ -113.390105191905633, 53.632390531902018 ], [ -113.390312019067508, 53.632376307589183 ], [ -113.390517287187649, 53.632355592535184 ], [ -113.390720422334837, 53.632328445830005 ], [ -113.390920854871396, 53.632294943662458 ], [ -113.391118019441606, 53.632255180218621 ], [ -113.39219901768773, 53.632018027604282 ], [ -113.392847357287081, 53.631551694349497 ], [ -113.393180859524421, 53.631311825731075 ], [ -113.393181426680002, 53.631056931141124 ], [ -113.393181522316169, 53.631014546810384 ], [ -113.393181452698414, 53.631002118921849 ], [ -113.393181527608235, 53.630988468781389 ], [ -113.393186385858371, 53.628808662818436 ], [ -113.39318678005931, 53.628648420535079 ], [ -113.393577411401637, 53.628648761064426 ], [ -113.396225149933343, 53.628664235261567 ], [ -113.396467033072426, 53.628665573652626 ], [ -113.395799231697865, 53.630388119255556 ], [ -113.395680659552752, 53.630693950669382 ], [ -113.391524437247256, 53.641411180801882 ], [ -113.39139125548509, 53.641754510579077 ], [ -113.391256835614556, 53.642101022997828 ], [ -113.390823325984798, 53.643218508171302 ], [ -113.390144846484148, 53.643215621943831 ], [ -113.390144967441216, 53.643215308951724 ], [ -113.390196055984688, 53.643082844600571 ], [ -113.390106937343802, 53.64289659438812 ], [ -113.389997251155734, 53.643214897883588 ], [ -113.387309616423835, 53.64320168534227 ], [ -113.383017371678008, 53.643180447007452 ], [ -113.381613180227205, 53.643173518758672 ], [ -113.381235119980133, 53.643171648113345 ], [ -113.381233483241161, 53.645114798262235 ], [ -113.381228949550447, 53.65040888838486 ], [ -113.381122819546533, 53.650408489034739 ], [ -113.38066653001593, 53.650406768600511 ], [ -113.376320210872876, 53.650390072154359 ], [ -113.369744874393788, 53.650364924659591 ], [ -113.36908760044075, 53.650362368861764 ], [ -113.368928572222487, 53.650361201003939 ], [ -113.36892924927686, 53.651322783052713 ], [ -113.368929548159045, 53.651747021902416 ], [ -113.368933417514285, 53.657248343368224 ], [ -113.368769465254474, 53.657307618222454 ], [ -113.367653667883943, 53.657711009080664 ], [ -113.366793928671527, 53.658033539079966 ], [ -113.357908317639485, 53.661366309158993 ], [ -113.357447436672999, 53.661539141110012 ], [ -113.356594679782177, 53.661858920879219 ], [ -113.354410059363644, 53.662678090907058 ], [ -113.352389112216514, 53.663592874412366 ], [ -113.34427636620994, 53.668765035480241 ], [ -113.342636583417601, 53.66983176425704 ], [ -113.333730626335125, 53.675624024257253 ], [ -113.323181456792966, 53.682482066860608 ], [ -113.31987614592316, 53.684633169237358 ], [ -113.318185232407842, 53.685724059898575 ], [ -113.316489714690817, 53.686830884534643 ], [ -113.306960449695083, 53.693047381731411 ], [ -113.30668377814402, 53.693227831039358 ], [ -113.304827844732586, 53.694364856478558 ], [ -113.303643996477092, 53.695048843565679 ], [ -113.302961204313149, 53.695414272058358 ], [ -113.30194441031351, 53.695917826288174 ], [ -113.299965695757479, 53.69689769956625 ], [ -113.297135309487402, 53.698224629160244 ], [ -113.29623563252099, 53.698645537455299 ], [ -113.295630517685353, 53.698931140292601 ], [ -113.295316399811682, 53.699082095991315 ], [ -113.295317618833465, 53.698933151470136 ], [ -113.295320480505708, 53.698583246562812 ], [ -113.295320708346296, 53.698555464468406 ], [ -113.295321934221718, 53.698405472221268 ], [ -113.295357062004513, 53.694108300812537 ], [ -113.295364545506288, 53.693191262504143 ], [ -113.295364765869991, 53.693164194718953 ], [ -113.295365565050119, 53.693066290109236 ], [ -113.295408712065395, 53.687772919519695 ], [ -113.295415862050064, 53.686894601207605 ], [ -113.295417322906872, 53.686713875597327 ], [ -113.295466355478425, 53.682976593933226 ], [ -113.295474139980726, 53.682381765884955 ], [ -113.295481447419448, 53.681823213755585 ], [ -113.295484976693629, 53.681554517390715 ], [ -113.295486464240881, 53.681440716087373 ], [ -113.295491182962778, 53.68107988255332 ], [ -113.295496267592569, 53.68069194696789 ], [ -113.295496730965539, 53.680656562304925 ], [ -113.295506469102648, 53.679912669355531 ], [ -113.295512850148199, 53.679424528702341 ], [ -113.295508001743357, 53.676990421776509 ], [ -113.29550043318531, 53.67454778371485 ], [ -113.295497794419319, 53.673193258455171 ], [ -113.2954958442741, 53.672192379498377 ], [ -113.295378964596381, 53.672193483678043 ], [ -113.295264073680144, 53.672194115105654 ], [ -113.294842046844394, 53.672196728645538 ], [ -113.29400728980535, 53.672200280771953 ], [ -113.292683718555722, 53.672205900434122 ], [ -113.292671734752147, 53.672205819771818 ], [ -113.292661439710102, 53.672198424660628 ], [ -113.292651881795166, 53.672194272427205 ], [ -113.292624130614939, 53.672190972430649 ], [ -113.292602607343085, 53.672188168394946 ], [ -113.292581007731698, 53.672185133864922 ], [ -113.292572485502362, 53.67218356580279 ], [ -113.29255844758849, 53.672179998140855 ], [ -113.292536411884711, 53.672173818651061 ], [ -113.29252540392919, 53.672171402906997 ], [ -113.292513990248992, 53.672169900430163 ], [ -113.292476986294673, 53.672167360761172 ], [ -113.292452260135065, 53.672165418396325 ], [ -113.292427601616922, 53.672163684000722 ], [ -113.29239304466131, 53.672162136431055 ], [ -113.292237424688366, 53.672156855084175 ], [ -113.292209255409233, 53.672155209523844 ], [ -113.292184521856299, 53.672152896840089 ], [ -113.292136147649359, 53.672146989336269 ], [ -113.292077537237162, 53.672139572775627 ], [ -113.292045075350131, 53.672136541334233 ], [ -113.292028919634845, 53.672135548136808 ], [ -113.292012912571593, 53.672134985342922 ], [ -113.291991897338747, 53.672135820801884 ], [ -113.291967693240906, 53.672137672582338 ], [ -113.291957008753641, 53.672138079378151 ], [ -113.291937905553695, 53.672137966435749 ], [ -113.291924528017859, 53.672137887342934 ], [ -113.291887887261382, 53.672139953125303 ], [ -113.291875564995209, 53.672139482190339 ], [ -113.291864870981087, 53.67213829122521 ], [ -113.291846889233611, 53.672135193486994 ], [ -113.291818358122129, 53.672129679054173 ], [ -113.291804302653006, 53.672127704403181 ], [ -113.29179008814107, 53.672126821497763 ], [ -113.291773760572696, 53.672127323405142 ], [ -113.291748549329768, 53.672129313858662 ], [ -113.291736847327073, 53.672129936569526 ], [ -113.291724686436794, 53.672129859258057 ], [ -113.291532636997175, 53.672120735723908 ], [ -113.29148078875582, 53.672118417047315 ], [ -113.291428907752461, 53.672116698413781 ], [ -113.291406885079752, 53.67211651779224 ], [ -113.291373647629968, 53.672117233201071 ], [ -113.291340430348981, 53.672118460018822 ], [ -113.291311393712036, 53.67211980861449 ], [ -113.291275101317837, 53.672121494369307 ], [ -113.291217400337885, 53.672122295899143 ], [ -113.29119929316029, 53.672123248173541 ], [ -113.291167518015939, 53.672126188107484 ], [ -113.291099163110019, 53.672134679573226 ], [ -113.29107307681646, 53.672137411434811 ], [ -113.291060005309546, 53.672137852544509 ], [ -113.291048285639562, 53.672137363525316 ], [ -113.291042282998887, 53.672133817192488 ], [ -113.29103249506889, 53.672134091728687 ], [ -113.291023510369499, 53.672135917495872 ], [ -113.291015563267436, 53.672138404478453 ], [ -113.290981168085835, 53.672151380501639 ], [ -113.290965881306576, 53.672154695661867 ], [ -113.290957357951584, 53.672155001042121 ], [ -113.290934059166972, 53.672151419695339 ], [ -113.290884734268673, 53.672155366306093 ], [ -113.290841776972812, 53.672160048808109 ], [ -113.290833907806785, 53.672161138031143 ], [ -113.290813509865629, 53.672163961029725 ], [ -113.290784992150606, 53.67216756713794 ], [ -113.290775264103814, 53.672168240083963 ], [ -113.290758255849482, 53.672168182492115 ], [ -113.29073483978587, 53.67216716948635 ], [ -113.290723045191854, 53.6721669064368 ], [ -113.290711131601881, 53.672167241143555 ], [ -113.290685610383079, 53.672169212464411 ], [ -113.290647477484256, 53.672172807419287 ], [ -113.290628344509628, 53.67217446611496 ], [ -113.290609004069438, 53.672175773127847 ], [ -113.290562536237644, 53.672177734466665 ], [ -113.290537996200101, 53.67217876984401 ], [ -113.290505083328398, 53.672180608377516 ], [ -113.290488542032193, 53.672182029900299 ], [ -113.290472475654056, 53.67218409672774 ], [ -113.290447326570714, 53.672188956479928 ], [ -113.290422394321624, 53.672194060131417 ], [ -113.290329471712809, 53.672210439005447 ], [ -113.290297845864856, 53.672216013366651 ], [ -113.290208355322619, 53.672232749457251 ], [ -113.290193070159546, 53.672234972739389 ], [ -113.290179129047004, 53.672236280233186 ], [ -113.2901544566203, 53.672237536699598 ], [ -113.290135676337911, 53.672238196375709 ], [ -113.290117630420369, 53.672238830748299 ], [ -113.290099168289885, 53.672240098854111 ], [ -113.290081340184983, 53.672242269307432 ], [ -113.29007119373513, 53.672244154612457 ], [ -113.290053934153676, 53.672248423049716 ], [ -113.290044153070113, 53.672251168673718 ], [ -113.290028553206099, 53.672255547588591 ], [ -113.290015460817429, 53.672258757921064 ], [ -113.290002220876005, 53.672261203574145 ], [ -113.289968643292354, 53.672265939573165 ], [ -113.289934896741187, 53.67226992423668 ], [ -113.2898336673111, 53.672280008260913 ], [ -113.289798100759114, 53.67228396322313 ], [ -113.289789938773225, 53.672285274390589 ], [ -113.289776333729776, 53.672288732363967 ], [ -113.289755769114706, 53.672295428922872 ], [ -113.28974642213521, 53.67229827504358 ], [ -113.289736269177652, 53.672300725496058 ], [ -113.289685424701233, 53.672310427068929 ], [ -113.289634151747379, 53.672319510543204 ], [ -113.2896121670871, 53.672323091323392 ], [ -113.28958952748512, 53.672326113783228 ], [ -113.289570931395872, 53.672325986398363 ], [ -113.289552282020011, 53.672328036881446 ], [ -113.289506848836353, 53.672333968536776 ], [ -113.289480038154608, 53.672338007698691 ], [ -113.289471925239212, 53.672339639034405 ], [ -113.289458472787345, 53.672343468995535 ], [ -113.289439415323358, 53.672349985737874 ], [ -113.289429409603102, 53.672353127156619 ], [ -113.289417706113738, 53.672355990720703 ], [ -113.289399782941516, 53.672358949472425 ], [ -113.289373257588153, 53.672362398131369 ], [ -113.289360024184248, 53.672364361208494 ], [ -113.289346937090471, 53.672366892163915 ], [ -113.289304137197774, 53.672376765316649 ], [ -113.28927553323885, 53.672383591107895 ], [ -113.289204063050207, 53.672401440712044 ], [ -113.289186719561911, 53.672405200822148 ], [ -113.289160528243272, 53.672410198792051 ], [ -113.289147496626072, 53.672412848669147 ], [ -113.289134672354322, 53.672415856516594 ], [ -113.289067097041638, 53.672433718374819 ], [ -113.289005308970687, 53.672450472442286 ], [ -113.288982116153633, 53.672455876366399 ], [ -113.288946538290276, 53.672462466579354 ], [ -113.288904497634476, 53.672471095953128 ], [ -113.288887278094791, 53.672477736743268 ], [ -113.288878315928557, 53.67248082051244 ], [ -113.288868289511541, 53.672482760344032 ], [ -113.288854899089344, 53.672483350283144 ], [ -113.288824725567295, 53.672482366868309 ], [ -113.288814517209872, 53.672482440137998 ], [ -113.288792277058931, 53.672483301009997 ], [ -113.288770240710832, 53.672484460522107 ], [ -113.288727781071756, 53.672487773971163 ], [ -113.28868554300638, 53.672491947775164 ], [ -113.288664228561458, 53.672494630176011 ], [ -113.288632502073639, 53.672499415435375 ], [ -113.288600766849157, 53.672504000248402 ], [ -113.288586618543121, 53.672505202089702 ], [ -113.288563405776486, 53.672506126333225 ], [ -113.288552183228404, 53.672506845035002 ], [ -113.288541111686172, 53.672508211619075 ], [ -113.28852678246993, 53.672510899548378 ], [ -113.28851281703551, 53.672514180910703 ], [ -113.288493848832374, 53.672519428322751 ], [ -113.288478742805566, 53.672524300601395 ], [ -113.28845555440779, 53.672532668905077 ], [ -113.288434844691096, 53.672540682610162 ], [ -113.288402319434823, 53.672555148087504 ], [ -113.288384908038765, 53.672561672645905 ], [ -113.288371180019993, 53.672566129862211 ], [ -113.288351249141655, 53.672571837002124 ], [ -113.288332373866069, 53.672576596106786 ], [ -113.288325199419248, 53.672573180158821 ], [ -113.28831622304196, 53.672571716027377 ], [ -113.288300660035944, 53.672576763489261 ], [ -113.288282285503911, 53.672583147520378 ], [ -113.288270838330462, 53.672587495172735 ], [ -113.288260682236526, 53.672591110057034 ], [ -113.288243638033208, 53.672596227784872 ], [ -113.288160523036964, 53.672618968687225 ], [ -113.288104581001434, 53.672634596956456 ], [ -113.288094279823355, 53.672637032011544 ], [ -113.288075115040343, 53.672640199745537 ], [ -113.288056867205029, 53.672642476132594 ], [ -113.288046124448073, 53.672643815870579 ], [ -113.288031756882319, 53.672645991315378 ], [ -113.288017835086791, 53.672648923327252 ], [ -113.287961832130591, 53.672664569139663 ], [ -113.287930155418877, 53.672672672111084 ], [ -113.287898160600861, 53.67268016483586 ], [ -113.287870019249951, 53.672685646053473 ], [ -113.287827168524288, 53.672692750713914 ], [ -113.287784464706178, 53.67270002696516 ], [ -113.287702061383058, 53.672715359296774 ], [ -113.287681356816975, 53.672719734503389 ], [ -113.287651221655153, 53.672727054011879 ], [ -113.287636562538154, 53.672731169532582 ], [ -113.287622346049432, 53.672735599495823 ], [ -113.287611261096188, 53.672739729084853 ], [ -113.287580329409138, 53.672753357345137 ], [ -113.287552072597407, 53.672764510612907 ], [ -113.287523661194925, 53.672774959356758 ], [ -113.287510374166558, 53.672779190855813 ], [ -113.287500072531628, 53.672781917899606 ], [ -113.287484143470991, 53.672785151516344 ], [ -113.287467715653875, 53.672787181644622 ], [ -113.287398554501479, 53.672791329600052 ], [ -113.287306076767493, 53.672798774978247 ], [ -113.287261882066062, 53.672801932011389 ], [ -113.287230444204397, 53.672805104746473 ], [ -113.287200162029762, 53.672809560352519 ], [ -113.287165095489215, 53.672815857443943 ], [ -113.287112932860722, 53.672826207850648 ], [ -113.287061220942718, 53.672837288777316 ], [ -113.28702478884729, 53.672846036246462 ], [ -113.287000784408022, 53.672851799784347 ], [ -113.286980204885111, 53.67285619987647 ], [ -113.286964824291857, 53.672859032323238 ], [ -113.286950374253962, 53.672861513567419 ], [ -113.28691977283485, 53.672866767847459 ], [ -113.286889927836924, 53.672871587212235 ], [ -113.286880073056722, 53.672872851259925 ], [ -113.286863538733485, 53.672874105186338 ], [ -113.286831785724161, 53.672875951415676 ], [ -113.286814583665674, 53.67287803345527 ], [ -113.286745201059134, 53.672890172691552 ], [ -113.286713212510364, 53.672896196838416 ], [ -113.286680551286523, 53.672903878466911 ], [ -113.286672051560586, 53.672910478320794 ], [ -113.286662279057182, 53.672917710390557 ], [ -113.286656559490694, 53.672920713564089 ], [ -113.286636895391325, 53.672925296072584 ], [ -113.286615493083232, 53.6729287692458 ], [ -113.28660605416178, 53.672930497624463 ], [ -113.286596462584512, 53.672932662707353 ], [ -113.286566489954396, 53.672940373799278 ], [ -113.286536597075497, 53.672948290237784 ], [ -113.286445832012404, 53.672973998256516 ], [ -113.286426783293422, 53.672978878236734 ], [ -113.286411968309579, 53.672982264819645 ], [ -113.286389402550355, 53.672986524477047 ], [ -113.28636677061624, 53.672989505937949 ], [ -113.286254987253955, 53.672999175400264 ], [ -113.28622989542005, 53.67300157516344 ], [ -113.286205056124629, 53.673004522770512 ], [ -113.286177823407044, 53.673008686279374 ], [ -113.286136483631083, 53.673016162373123 ], [ -113.286097092898331, 53.673023285242543 ], [ -113.28602962051167, 53.673034298732993 ], [ -113.286010478731555, 53.673036981034699 ], [ -113.285990946372891, 53.673039224289006 ], [ -113.285981434919435, 53.67304031688149 ], [ -113.285952587675624, 53.673044109479449 ], [ -113.285939491325166, 53.673046536670043 ], [ -113.285916861069538, 53.673052099711136 ], [ -113.28589069890262, 53.673059622185107 ], [ -113.285867334452476, 53.673066003949394 ], [ -113.28585025686543, 53.673069756177071 ], [ -113.285829199743503, 53.67307294371895 ], [ -113.285796993932109, 53.673076586854187 ], [ -113.285781013864451, 53.673078795545713 ], [ -113.285765503042327, 53.673081802287598 ], [ -113.285728925457448, 53.673090444259145 ], [ -113.285716223845483, 53.673093509982849 ], [ -113.285663218644814, 53.673106303397709 ], [ -113.285582168437145, 53.673126359953187 ], [ -113.285542780548781, 53.673135628495565 ], [ -113.285503043510445, 53.673144155400699 ], [ -113.28548682607483, 53.673146974578152 ], [ -113.285462170991707, 53.673150296046195 ], [ -113.285437607372458, 53.673154025117107 ], [ -113.285411789906718, 53.673159144012338 ], [ -113.285388117250619, 53.673164236161924 ], [ -113.285373770270667, 53.673167322583716 ], [ -113.285335395848193, 53.67317509286228 ], [ -113.28527096335786, 53.673186279522803 ], [ -113.285238603160309, 53.673191346753896 ], [ -113.285206157131498, 53.673196030663718 ], [ -113.28517831494004, 53.673199263859708 ], [ -113.285161018399705, 53.673200835596603 ], [ -113.285136216365714, 53.673203090390281 ], [ -113.285115239022204, 53.673205223335941 ], [ -113.285094457913473, 53.673207921765183 ], [ -113.285067494838628, 53.673212322961412 ], [ -113.284984657655826, 53.673224381759191 ], [ -113.284957623854112, 53.673229383666595 ], [ -113.28493075214304, 53.673235447772988 ], [ -113.284902546246798, 53.673242550766808 ], [ -113.284861296504118, 53.673253887310615 ], [ -113.284820546664008, 53.673265639279322 ], [ -113.284800483113642, 53.673272072897127 ], [ -113.284782869316331, 53.673278434876664 ], [ -113.284771163326056, 53.67328266293427 ], [ -113.284756401255663, 53.673287825246888 ], [ -113.284741281723186, 53.673292559490164 ], [ -113.284730637274322, 53.673295047919197 ], [ -113.284720468106727, 53.67329663699941 ], [ -113.284702206748207, 53.673298343986744 ], [ -113.284689780776503, 53.673299244742552 ], [ -113.284675016871972, 53.673300315744264 ], [ -113.284661576551059, 53.673301956270031 ], [ -113.284648815997755, 53.673304562348179 ], [ -113.284632134451414, 53.673309758109909 ], [ -113.284618670430547, 53.673314851778819 ], [ -113.284608049964689, 53.67331887154122 ], [ -113.284595821011962, 53.673323238435408 ], [ -113.284583080229282, 53.673326999315535 ], [ -113.284538409073946, 53.673337956771825 ], [ -113.284515502107041, 53.673342861024835 ], [ -113.284492399228554, 53.673347002096904 ], [ -113.284452153076614, 53.673352863084069 ], [ -113.284411516327992, 53.673357929165618 ], [ -113.284394490353861, 53.673359514090357 ], [ -113.284369157941583, 53.673361356696937 ], [ -113.284356546121742, 53.673362595975526 ], [ -113.284344105170319, 53.673364379023489 ], [ -113.28430928043116, 53.673370821398777 ], [ -113.284280929553006, 53.673376466762306 ], [ -113.284233220031936, 53.673385965504025 ], [ -113.284155465933679, 53.673401659260392 ], [ -113.28413704733795, 53.673404960222896 ], [ -113.284112428986532, 53.673407974314649 ], [ -113.28410126815622, 53.673407711706396 ], [ -113.284093503899982, 53.673406962594989 ], [ -113.284077014491388, 53.673405371463119 ], [ -113.284068496820566, 53.673404966500016 ], [ -113.284028127394578, 53.673404524781269 ], [ -113.283987823776116, 53.673404486011648 ], [ -113.283952377199995, 53.673405114268803 ], [ -113.283916616160809, 53.673406348982098 ], [ -113.283897136143068, 53.673407630714884 ], [ -113.2838684873864, 53.673410401400702 ], [ -113.283839672017734, 53.673412734367595 ], [ -113.28382036671357, 53.673413440236494 ], [ -113.283786270532744, 53.673413502319484 ], [ -113.283752666127057, 53.673412853851652 ], [ -113.283735109778149, 53.673412515219383 ], [ -113.283709475173495, 53.673412363700415 ], [ -113.283683977904758, 53.673412948045787 ], [ -113.283663426307882, 53.67341450548922 ], [ -113.283642245895081, 53.673417179712345 ], [ -113.283628122272887, 53.673419665204712 ], [ -113.283604421764338, 53.673425485594116 ], [ -113.283570979889802, 53.673434790854436 ], [ -113.28355363691567, 53.673438822427109 ], [ -113.28354457593845, 53.673440470155441 ], [ -113.283535485093154, 53.67344173759993 ], [ -113.283514990249671, 53.673443784191619 ], [ -113.283499429729503, 53.673444886226491 ], [ -113.283475912334126, 53.673445799575596 ], [ -113.283452762859739, 53.673445810239066 ], [ -113.283349004235674, 53.673442908771449 ], [ -113.283308602847285, 53.67344229768365 ], [ -113.28326828876267, 53.673442427544643 ], [ -113.283259739574788, 53.67344280950217 ], [ -113.283245023946961, 53.673444329912833 ], [ -113.283223443758487, 53.673447462647168 ], [ -113.28321249136026, 53.673448917514648 ], [ -113.283200580883801, 53.67345002428322 ], [ -113.283181207990893, 53.673450609233285 ], [ -113.283152640127994, 53.673450482272429 ], [ -113.283138261475671, 53.673450783500179 ], [ -113.283123966883224, 53.673451838249676 ], [ -113.283069912437497, 53.673458438330073 ], [ -113.282969537213489, 53.673472670475981 ], [ -113.282946369673567, 53.673476239358529 ], [ -113.282923576340863, 53.673480318181788 ], [ -113.282915583122445, 53.673481912948724 ], [ -113.282786626442515, 53.673508036506746 ], [ -113.282768021348545, 53.673511438581706 ], [ -113.282739797158996, 53.673515933243166 ], [ -113.282711804256294, 53.673520086021036 ], [ -113.282703732409558, 53.673521497888714 ], [ -113.282651842987477, 53.673535959950676 ], [ -113.282619411494082, 53.673544565602967 ], [ -113.282609760665835, 53.673548683551815 ], [ -113.282603287770058, 53.67355129023376 ], [ -113.282586256683317, 53.673555661405572 ], [ -113.282561230654153, 53.673561103428696 ], [ -113.282535689377397, 53.673565874705929 ], [ -113.282494253512567, 53.673572967966201 ], [ -113.28245276573837, 53.673579820078423 ], [ -113.282428895115601, 53.673583524828985 ], [ -113.282404402427815, 53.673586700171128 ], [ -113.282386140954827, 53.673587154167556 ], [ -113.282370726978954, 53.673586395949599 ], [ -113.282362932008638, 53.673586207263519 ], [ -113.282354983833159, 53.673586484926837 ], [ -113.282308504660094, 53.673590244677158 ], [ -113.282262063301488, 53.673594628259082 ], [ -113.282211810382762, 53.673599960356967 ], [ -113.282161746923109, 53.673605630541466 ], [ -113.282134750180205, 53.673609308408665 ], [ -113.282107905616229, 53.673614004388405 ], [ -113.282094796259827, 53.673617796043061 ], [ -113.28207753922905, 53.67362165538789 ], [ -113.282069374640386, 53.673623001059731 ], [ -113.282061320906195, 53.673623879228998 ], [ -113.282036520275227, 53.673625225811939 ], [ -113.281982043947778, 53.67362662092264 ], [ -113.281962864004626, 53.673627422494796 ], [ -113.281905580673197, 53.673632007816934 ], [ -113.281887782317042, 53.673632991987951 ], [ -113.281868287137243, 53.673633197685305 ], [ -113.281842700279142, 53.673632722560178 ], [ -113.281824310066781, 53.6736323804449 ], [ -113.281809635862245, 53.673632526081732 ], [ -113.28169728731713, 53.673636202384031 ], [ -113.281641081528875, 53.673637579778088 ], [ -113.281584925550931, 53.673638430869552 ], [ -113.281549508297061, 53.673638211219462 ], [ -113.281496466746461, 53.673636927925656 ], [ -113.281443262492019, 53.673636135162106 ], [ -113.28134074894345, 53.673636971279429 ], [ -113.281218667457026, 53.673636241338549 ], [ -113.281171080737778, 53.673637045719381 ], [ -113.281123359136018, 53.673638572638438 ], [ -113.281098853172736, 53.673639764441013 ], [ -113.281062311487489, 53.673642124045784 ], [ -113.281048419610514, 53.673642895212936 ], [ -113.281025674265123, 53.673643783961069 ], [ -113.280998848307263, 53.673644090180929 ], [ -113.280958524407851, 53.67364380675216 ], [ -113.280918211536246, 53.673643142372889 ], [ -113.280888832781883, 53.673642282143781 ], [ -113.280844974628295, 53.673640436369595 ], [ -113.280823021757584, 53.673639755504212 ], [ -113.280801053379264, 53.673639540911083 ], [ -113.28078488746641, 53.673639838312369 ], [ -113.280756489328226, 53.673641200766916 ], [ -113.280723318568263, 53.673643426853339 ], [ -113.280714067596904, 53.673644047932974 ], [ -113.280692796543065, 53.673645273458561 ], [ -113.280678552171793, 53.673645771090868 ], [ -113.280488333591421, 53.673649268774035 ], [ -113.2803343952163, 53.673652697521199 ], [ -113.280296467036834, 53.673652939564654 ], [ -113.280258748547567, 53.673652243827277 ], [ -113.280235625457649, 53.67365123232824 ], [ -113.280200744460714, 53.673648494950648 ], [ -113.28016586987539, 53.673644405219967 ], [ -113.280149931186642, 53.673641937135471 ], [ -113.280127729425004, 53.673638990193901 ], [ -113.280097903492816, 53.673635334257838 ], [ -113.280077167008784, 53.673633253371868 ], [ -113.280048067433682, 53.673630931706342 ], [ -113.280030454783798, 53.673629364715531 ], [ -113.280014976560537, 53.673627583209964 ], [ -113.280004601079924, 53.673625902469659 ], [ -113.279989027930426, 53.67362249932944 ], [ -113.279973669733465, 53.673618649081952 ], [ -113.279956982127828, 53.673613775430354 ], [ -113.279933139984166, 53.673605856563263 ], [ -113.279920857014972, 53.673602264722739 ], [ -113.279908018468845, 53.673599393805887 ], [ -113.279877751216119, 53.673594553512359 ], [ -113.279793733368905, 53.673582894063237 ], [ -113.279766868025291, 53.673579477800644 ], [ -113.279739918716714, 53.673576637024738 ], [ -113.279725928939797, 53.673575783693316 ], [ -113.279704915207645, 53.673575409299389 ], [ -113.279683875837023, 53.673574852333367 ], [ -113.279634873083509, 53.673572084668081 ], [ -113.279586201182966, 53.67356846351295 ], [ -113.279556874898418, 53.673565330732359 ], [ -113.279523537423401, 53.673561096401535 ], [ -113.279491263035524, 53.673556996955824 ], [ -113.279469233159872, 53.673554713188587 ], [ -113.279429012327114, 53.67355167657751 ], [ -113.279388745153639, 53.673548429403468 ], [ -113.279281537587622, 53.673537640975781 ], [ -113.279260246631338, 53.673535156737707 ], [ -113.279234459215715, 53.673530655052694 ], [ -113.279170785520122, 53.673515170983137 ], [ -113.27915464361638, 53.673511049929843 ], [ -113.279145646530083, 53.673504777516847 ], [ -113.279132051311763, 53.673495618105321 ], [ -113.279123809234378, 53.673495027542067 ], [ -113.279116492237875, 53.673496715985394 ], [ -113.279108253690652, 53.673486611145776 ], [ -113.279099869501195, 53.673480250762118 ], [ -113.279090739531199, 53.673477951120731 ], [ -113.279081688950342, 53.673477383544146 ], [ -113.279070057398371, 53.673477214681405 ], [ -113.279053320203886, 53.673473304794527 ], [ -113.279046896326307, 53.673469660072406 ], [ -113.279039257681333, 53.673466256048627 ], [ -113.279031067157902, 53.673464330480961 ], [ -113.279023581552309, 53.673463219686781 ], [ -113.278994897999596, 53.673460916443929 ], [ -113.278970078076725, 53.673456656856146 ], [ -113.278957401700325, 53.673449789874226 ], [ -113.278949428947726, 53.673446366759883 ], [ -113.278918287948457, 53.673439179230677 ], [ -113.27887636926917, 53.673428701749977 ], [ -113.278859603734219, 53.673423795126212 ], [ -113.278835056220103, 53.673415638157969 ], [ -113.278822396081779, 53.673411898361117 ], [ -113.278809432788393, 53.673408896278936 ], [ -113.278795203984316, 53.673406802240173 ], [ -113.278782123745444, 53.673405685596329 ], [ -113.278773531517118, 53.673404952719849 ], [ -113.278751827263207, 53.673402837919397 ], [ -113.278721755993601, 53.673398588888304 ], [ -113.278709672518772, 53.673396882472829 ], [ -113.278692618004868, 53.673395163189774 ], [ -113.278669194316905, 53.673392800790026 ], [ -113.278655975392425, 53.67339085569342 ], [ -113.278625244994515, 53.673384530513786 ], [ -113.278594733972881, 53.673377943360094 ], [ -113.278529439484018, 53.673364967939435 ], [ -113.278485447485963, 53.67335787001781 ], [ -113.278464643343241, 53.673353561732156 ], [ -113.278433964346945, 53.673346180068187 ], [ -113.278403119561446, 53.67333911370195 ], [ -113.278391764061212, 53.673337139366993 ], [ -113.278374581168251, 53.673334787554474 ], [ -113.278357374908481, 53.673332032130681 ], [ -113.278349468967619, 53.673329662529106 ], [ -113.278315603744275, 53.673324979877684 ], [ -113.278281042321169, 53.673319150910082 ], [ -113.27826431617359, 53.673315842137391 ], [ -113.278247896928733, 53.673311931357752 ], [ -113.27824011451446, 53.673309152735214 ], [ -113.278232345026936, 53.673306060581254 ], [ -113.278210541728342, 53.673300271639405 ], [ -113.278201284934056, 53.673296366279352 ], [ -113.27817600556439, 53.673278182762232 ], [ -113.278160364650134, 53.673270880880551 ], [ -113.278100843097022, 53.673256262347905 ], [ -113.278033847198643, 53.673239880618972 ], [ -113.278016048418323, 53.673235760206317 ], [ -113.277988798657134, 53.673230243012632 ], [ -113.27796101398043, 53.673225741591651 ], [ -113.277915042417078, 53.67322017081392 ], [ -113.277869001766391, 53.673214923993854 ], [ -113.277819343574862, 53.673207684728425 ], [ -113.277797308664489, 53.673204472376263 ], [ -113.277773087056275, 53.673201788684452 ], [ -113.277759700119702, 53.673201001659748 ], [ -113.27774708270131, 53.673200789880575 ], [ -113.277719327389192, 53.67320032505819 ], [ -113.277661159644751, 53.673197787960419 ], [ -113.277650473897722, 53.673198774862605 ], [ -113.277635026023319, 53.6732008958191 ], [ -113.277626674572389, 53.673201749429651 ], [ -113.277617572393282, 53.673201991062832 ], [ -113.277567314031103, 53.673199407274971 ], [ -113.277523276384201, 53.673198004003019 ], [ -113.277502103065984, 53.673196531976366 ], [ -113.277490850295422, 53.673195191683227 ], [ -113.277479532291139, 53.673193241749722 ], [ -113.277451934577343, 53.6731867509558 ], [ -113.27742554238182, 53.673180295285263 ], [ -113.277381163303261, 53.673170812452383 ], [ -113.277370810986341, 53.67316805600764 ], [ -113.277356243635126, 53.673163557816721 ], [ -113.277341334126206, 53.673159245365241 ], [ -113.277308415042071, 53.67315164052269 ], [ -113.277274349399846, 53.673145154688399 ], [ -113.277254970859957, 53.673142359038842 ], [ -113.277235934519197, 53.6731403481255 ], [ -113.277219680992431, 53.673138965945377 ], [ -113.277194663767062, 53.673137590178406 ], [ -113.277181667943651, 53.673137384143139 ], [ -113.277168127434948, 53.67313770229282 ], [ -113.277150593434044, 53.673138984789254 ], [ -113.277114599356509, 53.673142871405858 ], [ -113.27709953782751, 53.673144081655217 ], [ -113.277028372888168, 53.673147081999737 ], [ -113.277010860022884, 53.673148455361193 ], [ -113.276983552176304, 53.673151555989058 ], [ -113.276970248066547, 53.673152827153096 ], [ -113.276953602980427, 53.673153013312771 ], [ -113.276944379890139, 53.673148650674904 ], [ -113.276893745345518, 53.673142854560105 ], [ -113.276855262471628, 53.673138928085173 ], [ -113.276817018339827, 53.673134404576821 ], [ -113.276806532603629, 53.67313219541898 ], [ -113.276796320954872, 53.673129799210919 ], [ -113.276780901119423, 53.673127366159271 ], [ -113.276753655425424, 53.673124363869078 ], [ -113.276729978445772, 53.673122137942826 ], [ -113.276712990140268, 53.673120540087083 ], [ -113.276692799587806, 53.673117886811561 ], [ -113.276673198366538, 53.673114135417457 ], [ -113.276662549301122, 53.673111390597931 ], [ -113.276652262713114, 53.673108334357906 ], [ -113.276620446763161, 53.673097916204867 ], [ -113.276587156130532, 53.673087364231201 ], [ -113.276567120667025, 53.673082019687712 ], [ -113.276546970233525, 53.673076849671887 ], [ -113.27652355785338, 53.673069958012931 ], [ -113.276489036180749, 53.673058832461791 ], [ -113.276471446448554, 53.673053564680359 ], [ -113.276453265401443, 53.673048892685109 ], [ -113.276438384574703, 53.673047064902711 ], [ -113.276425801702359, 53.673047136249586 ], [ -113.276406693448109, 53.673048002063304 ], [ -113.276396645178167, 53.67304799616597 ], [ -113.276387937947064, 53.67304735767393 ], [ -113.276334273251209, 53.673040189732852 ], [ -113.276249823416165, 53.673030545216562 ], [ -113.276184593812147, 53.673023303723681 ], [ -113.276170433447561, 53.673021028270128 ], [ -113.276160166572467, 53.673018679299247 ], [ -113.27612917160485, 53.673011581783925 ], [ -113.276094516941953, 53.673005662659214 ], [ -113.27607720720745, 53.673002868540507 ], [ -113.276060060835022, 53.672999725854261 ], [ -113.276049049153116, 53.672996774807402 ], [ -113.27604007243832, 53.672993319370164 ], [ -113.2760260856722, 53.672986392036009 ], [ -113.276003928455808, 53.672974616822664 ], [ -113.275986361440147, 53.67296776488805 ], [ -113.275967614649844, 53.672964055385741 ], [ -113.27593889199008, 53.672960531782643 ], [ -113.27593001117053, 53.672958986426302 ], [ -113.27590446272319, 53.672953121402948 ], [ -113.275882377911145, 53.67294771672826 ], [ -113.275868013213781, 53.672944386852699 ], [ -113.275853475893697, 53.6729414162673 ], [ -113.275830687172515, 53.672937790134725 ], [ -113.275807948848012, 53.672934931700688 ], [ -113.27579591826877, 53.672933420304858 ], [ -113.275778577750373, 53.672931100413614 ], [ -113.275761448101491, 53.67292830913528 ], [ -113.275729465174948, 53.672921911835402 ], [ -113.275712040531758, 53.672917703482469 ], [ -113.27569634517404, 53.672913078753972 ], [ -113.275646668629633, 53.672895659215982 ], [ -113.275589323407786, 53.672877052058581 ], [ -113.275572440059307, 53.672870843996193 ], [ -113.275547657578286, 53.672861001865279 ], [ -113.275522485716309, 53.672851540174179 ], [ -113.275449890530382, 53.672827143618392 ], [ -113.275424827723413, 53.672818472429391 ], [ -113.275399979603677, 53.672809637192977 ], [ -113.275307247279187, 53.672775088619147 ], [ -113.275289412874969, 53.672767956399774 ], [ -113.27527836971079, 53.672762613935788 ], [ -113.275262751832102, 53.672753833627453 ], [ -113.27525292978585, 53.672748057341643 ], [ -113.275247536374536, 53.672744884121087 ], [ -113.275150501850035, 53.672689539316025 ], [ -113.275074155058363, 53.672646491995621 ], [ -113.275060874677564, 53.672643301577828 ], [ -113.275032203229387, 53.672628967096429 ], [ -113.275003734897538, 53.672614437944439 ], [ -113.27498423131216, 53.672604052552977 ], [ -113.274977346706123, 53.672600387748275 ], [ -113.274950390479091, 53.672586723197902 ], [ -113.274933567649967, 53.672579382285463 ], [ -113.274876323492208, 53.672556166512962 ], [ -113.274863566498681, 53.672552990923805 ], [ -113.274856580430423, 53.672551181990457 ], [ -113.274840976087376, 53.672550170941712 ], [ -113.27483536522, 53.672542391996053 ], [ -113.274828414573989, 53.672540547331835 ], [ -113.274809454957023, 53.672536910941631 ], [ -113.274788597344269, 53.672538668989553 ], [ -113.274778558006261, 53.672537973789503 ], [ -113.274746748772785, 53.672530828749508 ], [ -113.274737180935432, 53.67252876155429 ], [ -113.274727206808578, 53.672526824889559 ], [ -113.274714800351177, 53.67252473960324 ], [ -113.274684210481638, 53.672520171008053 ], [ -113.274672885413025, 53.672518650292787 ], [ -113.274659130085794, 53.672517300866168 ], [ -113.274651594666082, 53.672516727753127 ], [ -113.274643865781684, 53.672516140887566 ], [ -113.274629297911773, 53.672513640830324 ], [ -113.274620581327156, 53.672511264274164 ], [ -113.274612776005824, 53.672509136755501 ], [ -113.274604386257465, 53.672506409929397 ], [ -113.274589340332255, 53.672500554321815 ], [ -113.274561164488375, 53.672491652026459 ], [ -113.274530459604222, 53.672481008207555 ], [ -113.274520777909714, 53.672476937341841 ], [ -113.274511322846038, 53.672472623430963 ], [ -113.27449390926607, 53.672466555778037 ], [ -113.274484698540931, 53.67246035180731 ], [ -113.274472194860778, 53.672454062289404 ], [ -113.274441150715049, 53.672436744340196 ], [ -113.274422752657486, 53.672433016938413 ], [ -113.274411665352716, 53.67243131163012 ], [ -113.274330323619594, 53.672389543716001 ], [ -113.274274279166633, 53.672361978544487 ], [ -113.274255720005698, 53.672352218785235 ], [ -113.274239571725374, 53.672342975048053 ], [ -113.274226773755828, 53.672335234290514 ], [ -113.274221423182496, 53.672331777327408 ], [ -113.274207917466086, 53.672323041130724 ], [ -113.274198737292096, 53.672317088928821 ], [ -113.274185119847431, 53.67230781020087 ], [ -113.274157819093574, 53.672289211904427 ], [ -113.274149275263824, 53.672283392054148 ], [ -113.274097812076349, 53.672248678402241 ], [ -113.274050515213901, 53.672216330817264 ], [ -113.273990055226875, 53.672173549829139 ], [ -113.273930956218805, 53.672130040214832 ], [ -113.273883907859243, 53.672093552454456 ], [ -113.273838079066891, 53.672056461026756 ], [ -113.273816654126065, 53.672038334096065 ], [ -113.273808300202305, 53.672030892513604 ], [ -113.273802491559465, 53.672025653539777 ], [ -113.273758880704221, 53.671986312872889 ], [ -113.273749330758577, 53.671978023848922 ], [ -113.273730661596645, 53.671962094499122 ], [ -113.273709366722343, 53.671945033170118 ], [ -113.273666517315405, 53.671913516642533 ], [ -113.273643618598641, 53.671897149172722 ], [ -113.273622074147042, 53.671881756798484 ], [ -113.273590297357075, 53.6718602736957 ], [ -113.273552249325604, 53.671835289366648 ], [ -113.273545356763947, 53.671830342137987 ], [ -113.273533948488719, 53.671822147857895 ], [ -113.273522717663539, 53.671813402917046 ], [ -113.273513862660963, 53.671805801918723 ], [ -113.273490539115656, 53.671783788677864 ], [ -113.273457589322931, 53.67175010092172 ], [ -113.27342509901338, 53.671716272168972 ], [ -113.273374270389326, 53.671664014324477 ], [ -113.273323145491091, 53.671611832837499 ], [ -113.273301205047574, 53.671591063516274 ], [ -113.2732855565135, 53.671577430357523 ], [ -113.273279937351404, 53.671572795463319 ], [ -113.273266316858496, 53.671561696959152 ], [ -113.273239586928739, 53.671540932708893 ], [ -113.273144955543444, 53.671471563913791 ], [ -113.273132513395566, 53.67146287089065 ], [ -113.273120992436517, 53.671455694890845 ], [ -113.273109303793476, 53.671448414533955 ], [ -113.27306905135309, 53.671423708710705 ], [ -113.273059593989657, 53.671417265003832 ], [ -113.273052351485958, 53.671411907660669 ], [ -113.273042376351043, 53.671403632172556 ], [ -113.273028795428971, 53.671390857106203 ], [ -113.273010719751781, 53.671372216594008 ], [ -113.273006529813571, 53.671367894985693 ], [ -113.272991720051792, 53.671351258389592 ], [ -113.272946230120269, 53.671296949827564 ], [ -113.272925803375813, 53.671272922340542 ], [ -113.272910969852006, 53.671255472362979 ], [ -113.272884481320148, 53.671224312774548 ], [ -113.272875675405402, 53.671213610980757 ], [ -113.272871776380057, 53.67120883015555 ], [ -113.272867385330443, 53.671203446981224 ], [ -113.272859571744902, 53.671193205899378 ], [ -113.272847435804721, 53.671177283726067 ], [ -113.272835572689957, 53.671160545488256 ], [ -113.272825851954124, 53.671145586891811 ], [ -113.272805113119716, 53.671110340350005 ], [ -113.272796433540307, 53.671094237873795 ], [ -113.272773867322428, 53.671052368381396 ], [ -113.272747560338331, 53.671003562392293 ], [ -113.272733464353649, 53.670978530946762 ], [ -113.272730931509386, 53.670974031585487 ], [ -113.272699360991581, 53.670917968032725 ], [ -113.272696031532462, 53.670912364853301 ], [ -113.27267398833591, 53.670875283525348 ], [ -113.272646807097857, 53.670833057093418 ], [ -113.272643394839989, 53.670828484095928 ], [ -113.272633905343497, 53.670818206760501 ], [ -113.272623992387338, 53.670809584756775 ], [ -113.272607087780386, 53.670797216285166 ], [ -113.27257760315652, 53.670776798182388 ], [ -113.272563169939986, 53.670765995687688 ], [ -113.272552058963143, 53.670756031091351 ], [ -113.272519389929599, 53.67072291268336 ], [ -113.27251197017938, 53.670715118143463 ], [ -113.272500522505339, 53.670703091022624 ], [ -113.272488322754469, 53.670690273961377 ], [ -113.272471617924865, 53.670672726293844 ], [ -113.272459431197802, 53.670659417778211 ], [ -113.272448533670769, 53.670647518898811 ], [ -113.272425664090804, 53.67062179790944 ], [ -113.27240914970757, 53.670602333791862 ], [ -113.272399523913705, 53.670590312338192 ], [ -113.272387721334212, 53.670574998691521 ], [ -113.272381755231862, 53.670566361108726 ], [ -113.272374912155016, 53.670556453876614 ], [ -113.272367520360277, 53.670544317494652 ], [ -113.272359339413796, 53.670529239714625 ], [ -113.272351830723736, 53.670513085909477 ], [ -113.272348862954217, 53.670506695053959 ], [ -113.272341894573742, 53.67048921910596 ], [ -113.272334316341571, 53.670467529542549 ], [ -113.272325085743674, 53.670437493688617 ], [ -113.272321925487077, 53.670424886093045 ], [ -113.27231844750402, 53.670404196416023 ], [ -113.272316361090233, 53.670386702504715 ], [ -113.272314405427551, 53.670370314657546 ], [ -113.272311600394914, 53.670352460536598 ], [ -113.27230762554494, 53.670335842061824 ], [ -113.272299969493375, 53.670312611833779 ], [ -113.272291253599661, 53.670291699825853 ], [ -113.272286719240213, 53.670282173243017 ], [ -113.272279558456489, 53.670269455970136 ], [ -113.272273230389828, 53.670259083693928 ], [ -113.272263092447616, 53.670244298637478 ], [ -113.272258936580243, 53.670239152300077 ], [ -113.272252842565194, 53.670231970552614 ], [ -113.272239675636072, 53.670217774536546 ], [ -113.272212805369364, 53.67019118271682 ], [ -113.272207641079916, 53.670186073381679 ], [ -113.27220176643111, 53.67018003687393 ], [ -113.272191388408586, 53.670168560769909 ], [ -113.27217357597813, 53.670148130828416 ], [ -113.272167037951661, 53.670140461137542 ], [ -113.272160469984598, 53.670131104604621 ], [ -113.272156812051009, 53.67012516423749 ], [ -113.272154541725968, 53.670120628717619 ], [ -113.272151992729647, 53.670113561065236 ], [ -113.27215032372267, 53.670106533806212 ], [ -113.27214876898816, 53.670099987989119 ], [ -113.272145967974737, 53.67008102771927 ], [ -113.27214521633239, 53.670075911053488 ], [ -113.27214402736891, 53.67005981990512 ], [ -113.272142355326821, 53.670003977442576 ], [ -113.272142087822075, 53.669981042815877 ], [ -113.272143968894682, 53.669914130609712 ], [ -113.27214399692437, 53.669891520373852 ], [ -113.272144011641785, 53.669879164804527 ], [ -113.272143530839656, 53.669870098669612 ], [ -113.272143193051562, 53.669863709414969 ], [ -113.272141267991074, 53.669844234182477 ], [ -113.272137400302384, 53.669822370363505 ], [ -113.27213474781712, 53.669811826322167 ], [ -113.272132392748645, 53.669802551105057 ], [ -113.272126196387489, 53.669783314098147 ], [ -113.272118029036207, 53.669761841991175 ], [ -113.272116128355606, 53.669756844144175 ], [ -113.272113184818807, 53.669750193735545 ], [ -113.272109355475138, 53.669741558341627 ], [ -113.272105063398982, 53.669732203057528 ], [ -113.272100473407733, 53.669722925038677 ], [ -113.272092976499437, 53.669707769623386 ], [ -113.272090306159157, 53.669702388789929 ], [ -113.272073180437488, 53.669670400803952 ], [ -113.272035682502619, 53.669603222271661 ], [ -113.271996720487508, 53.66953644997659 ], [ -113.271951558879309, 53.669461877928086 ], [ -113.271944143578949, 53.669449630847012 ], [ -113.27191682470972, 53.669406441903142 ], [ -113.271889619271846, 53.669365541461154 ], [ -113.271878873509294, 53.669350397729147 ], [ -113.271875146951331, 53.669345196477479 ], [ -113.271857810966736, 53.669322700819514 ], [ -113.271839958535224, 53.669301022434553 ], [ -113.271833896380073, 53.669293759984392 ], [ -113.271824302250124, 53.669282737010491 ], [ -113.271811031283647, 53.669267491652647 ], [ -113.271782877493507, 53.669236231819461 ], [ -113.271760992865651, 53.669213217855244 ], [ -113.271755208488344, 53.669207135146131 ], [ -113.271737368082853, 53.669189152733381 ], [ -113.271711998120395, 53.66916397711509 ], [ -113.271688114429239, 53.669140275237623 ], [ -113.271682652522102, 53.669134798340856 ], [ -113.271676082039761, 53.669127884140956 ], [ -113.271660151444664, 53.669111122838032 ], [ -113.271653512365219, 53.669103624133861 ], [ -113.271646273654198, 53.66909544783725 ], [ -113.271630160910817, 53.669075913261352 ], [ -113.271607665692812, 53.669046549686897 ], [ -113.271590055183438, 53.669022264117459 ], [ -113.271582743488082, 53.669012179658836 ], [ -113.271565704753357, 53.668988609249489 ], [ -113.271561949020253, 53.668982998051462 ], [ -113.27154957501179, 53.668964362334272 ], [ -113.271537861262331, 53.66894350391722 ], [ -113.271533045924031, 53.668932740027529 ], [ -113.271528020237895, 53.66891864377186 ], [ -113.271526277022232, 53.668912155207032 ], [ -113.271525343338851, 53.668906632163058 ], [ -113.271524154248965, 53.668898108060198 ], [ -113.271523761548593, 53.668887802397755 ], [ -113.271525775153137, 53.668861596382392 ], [ -113.271526626202927, 53.668854540411147 ], [ -113.271527393189075, 53.668849112180055 ], [ -113.271532607163905, 53.668812200918026 ], [ -113.271535002862194, 53.668795248247193 ], [ -113.271537258392584, 53.668773789175503 ], [ -113.271541665621442, 53.668714607653719 ], [ -113.271546541520451, 53.6686491325368 ], [ -113.271548008156472, 53.668629458664142 ], [ -113.271556155629781, 53.668523706016316 ], [ -113.271559648007184, 53.668478435446005 ], [ -113.271564055872005, 53.66843482924768 ], [ -113.271565878009085, 53.668419721493557 ], [ -113.271574994324595, 53.668342275940567 ], [ -113.271577909217868, 53.668310833907661 ], [ -113.271578879188624, 53.668285564165814 ], [ -113.27157895144623, 53.668279269058296 ], [ -113.271578725748057, 53.668273317198405 ], [ -113.27157839199505, 53.668259242293317 ], [ -113.271577963381716, 53.668253387145853 ], [ -113.271576431530619, 53.668232451379446 ], [ -113.271574217126513, 53.668205557379721 ], [ -113.271572739738204, 53.668187605275286 ], [ -113.271571177134931, 53.668168628255678 ], [ -113.271569917520665, 53.668153841424036 ], [ -113.271569721556872, 53.668147920297045 ], [ -113.271569085513988, 53.668128474455763 ], [ -113.271568880098158, 53.668122136323774 ], [ -113.271569000167545, 53.668115876552086 ], [ -113.271569184550671, 53.66810632652156 ], [ -113.271570185290173, 53.668090590146313 ], [ -113.27157067835725, 53.668084987718167 ], [ -113.27157132341857, 53.668077678886583 ], [ -113.271581499284167, 53.66796230654014 ], [ -113.271589295517316, 53.667873923355913 ], [ -113.271590786321738, 53.6678615309321 ], [ -113.271594299809877, 53.667844246286791 ], [ -113.271595499891049, 53.667838357912977 ], [ -113.271600956194774, 53.667819320246466 ], [ -113.27160791825446, 53.667798954630818 ], [ -113.271634040122692, 53.667732398319259 ], [ -113.271637489749196, 53.667723114362431 ], [ -113.271641182152806, 53.66771317680729 ], [ -113.271643151279449, 53.667707879891992 ], [ -113.271646081657025, 53.667698697912236 ], [ -113.271648086013087, 53.667692410960839 ], [ -113.271652252408245, 53.667676922978913 ], [ -113.271654993628573, 53.667661863045502 ], [ -113.271655794104419, 53.667654753747456 ], [ -113.27165668341928, 53.667642843803428 ], [ -113.271657006833919, 53.667623650909761 ], [ -113.271657398507131, 53.667600412063599 ], [ -113.271658008961964, 53.667581771753554 ], [ -113.271659579065172, 53.66756653396429 ], [ -113.271660703881253, 53.667558691589051 ], [ -113.271661755447312, 53.667552991015746 ], [ -113.271664161482192, 53.667543503918843 ], [ -113.27167149719179, 53.667519716929114 ], [ -113.271673671471774, 53.667513315092009 ], [ -113.271676282394537, 53.667505634515734 ], [ -113.271678968283126, 53.667497730645493 ], [ -113.271682037154278, 53.667489729360476 ], [ -113.271693976604894, 53.667458608189399 ], [ -113.271708554984656, 53.667424849518468 ], [ -113.27171782254814, 53.667405557358464 ], [ -113.271725339753559, 53.66738993249735 ], [ -113.271738793830181, 53.667364248038865 ], [ -113.271752931436581, 53.667339024221107 ], [ -113.27177355987024, 53.66730504623397 ], [ -113.271778725950284, 53.667296689276021 ], [ -113.271784868012432, 53.667287365075694 ], [ -113.271793791361176, 53.667273816424995 ], [ -113.271797655396966, 53.66726796132108 ], [ -113.271813380342451, 53.667245536383376 ], [ -113.271821460339552, 53.667234476200171 ], [ -113.271838176804479, 53.667211848814432 ], [ -113.271843700823908, 53.667204845515137 ], [ -113.271864500615266, 53.667178473353111 ], [ -113.271882851433958, 53.667156533438082 ], [ -113.271906688991308, 53.667129574984969 ], [ -113.271940916073802, 53.667092221857487 ], [ -113.271957176538521, 53.667075852185583 ], [ -113.271963257373514, 53.667070251376401 ], [ -113.271974531918914, 53.667059865678667 ], [ -113.271983954173749, 53.667051513918807 ], [ -113.272001925928834, 53.667035582374865 ], [ -113.272011552179563, 53.667026806818058 ], [ -113.272016931037925, 53.667021901743368 ], [ -113.272027792252018, 53.667011441640469 ], [ -113.272040202076596, 53.666998305952035 ], [ -113.272056214880337, 53.666978831018163 ], [ -113.272061359752641, 53.666970908838337 ], [ -113.272065009329751, 53.666963973210898 ], [ -113.27207263349213, 53.666945817638812 ], [ -113.272079667750674, 53.666924577202309 ], [ -113.272083287099449, 53.666914566402525 ], [ -113.272087561234116, 53.66690431426656 ], [ -113.272093685984288, 53.666890017126718 ], [ -113.272101242117586, 53.66686974944367 ], [ -113.272112831978149, 53.666838954989416 ], [ -113.27211638518861, 53.666831376280008 ], [ -113.272118997469263, 53.666825804701524 ], [ -113.272122717413041, 53.666818735609461 ], [ -113.272126324493158, 53.666812772000242 ], [ -113.272130622885058, 53.666806554696372 ], [ -113.27213698301604, 53.666798703699726 ], [ -113.272141864655495, 53.666793059648882 ], [ -113.272147975612981, 53.666787024093914 ], [ -113.272153749256546, 53.666782036046065 ], [ -113.272216597932712, 53.666732090471676 ], [ -113.272311057504893, 53.666659500989205 ], [ -113.27240938895639, 53.666584613889015 ], [ -113.272432287289334, 53.66656708036642 ], [ -113.272605428584967, 53.6664345085725 ], [ -113.272636940256177, 53.666409355134704 ], [ -113.27272823294139, 53.666332553249049 ], [ -113.272744107487526, 53.666320986806149 ], [ -113.272756281951487, 53.666312971598849 ], [ -113.272767575747679, 53.666306541553361 ], [ -113.272793031477292, 53.666293805808849 ], [ -113.272817590900445, 53.666282420594371 ], [ -113.2728506193138, 53.666268201414759 ], [ -113.272884118390238, 53.666254414611728 ], [ -113.272936157260872, 53.666233406938417 ], [ -113.272974082321184, 53.666218634266755 ], [ -113.273005120075524, 53.666207103233795 ], [ -113.273051608527624, 53.666191040923408 ], [ -113.273075115530105, 53.666183565339686 ], [ -113.273098956510722, 53.666176464695106 ], [ -113.273118110373701, 53.666171277457003 ], [ -113.27313527822335, 53.666167107949903 ], [ -113.273165446843308, 53.666160708861206 ], [ -113.273188246641396, 53.666156519613715 ], [ -113.273218782273887, 53.666151564982222 ], [ -113.273259608154291, 53.66614573555831 ], [ -113.273281777630714, 53.666143267768014 ], [ -113.273298104292039, 53.666141818568015 ], [ -113.273339454989753, 53.666138111186029 ], [ -113.273357635529891, 53.666135760255919 ], [ -113.273377949236433, 53.666132456278106 ], [ -113.273402505503952, 53.666127836438022 ], [ -113.273437951345883, 53.666120397277751 ], [ -113.273457224438289, 53.666115575538043 ], [ -113.273472021438081, 53.666111308029492 ], [ -113.273515269082637, 53.66609847429465 ], [ -113.273534601641686, 53.666093448922496 ], [ -113.273554161099227, 53.666089394506407 ], [ -113.273636091476334, 53.666076654300838 ], [ -113.273652262426211, 53.666074139274457 ], [ -113.273696847681393, 53.666066487690699 ], [ -113.273741455675875, 53.666058832633901 ], [ -113.273839594811648, 53.666043570289368 ], [ -113.273880082427482, 53.666036635129906 ], [ -113.273887589529593, 53.666035179098778 ], [ -113.27392026859998, 53.666028839073405 ], [ -113.273946694748489, 53.666023082955043 ], [ -113.273983899705783, 53.666013993697547 ], [ -113.273990917981251, 53.66601227949571 ], [ -113.274006110714467, 53.666008134732103 ], [ -113.274034329882397, 53.666000437718743 ], [ -113.27406284919951, 53.665992091037737 ], [ -113.274214907839877, 53.665945451045999 ], [ -113.274255135610929, 53.665933816336668 ], [ -113.274295235782716, 53.665922473782189 ], [ -113.274320763785255, 53.665914825990278 ], [ -113.274336980309812, 53.665909476084316 ], [ -113.274355756090813, 53.665902324727384 ], [ -113.274371741500858, 53.665895630917092 ], [ -113.27437985385383, 53.665892233066991 ], [ -113.274388041895435, 53.665888392668215 ], [ -113.274434168259006, 53.665866757245524 ], [ -113.274446419917709, 53.665861180219835 ], [ -113.274467572975297, 53.665851544259404 ], [ -113.274492439062826, 53.665841467115946 ], [ -113.274512266078844, 53.665834420050096 ], [ -113.274532638427289, 53.665827864221093 ], [ -113.274559826737899, 53.665819124760596 ], [ -113.274575414018756, 53.665813936351817 ], [ -113.274599816412973, 53.665805130583273 ], [ -113.274632620852699, 53.665792002247088 ], [ -113.274661435940075, 53.665779721374534 ], [ -113.274678329505619, 53.665772033787832 ], [ -113.274684699983339, 53.665769094432804 ], [ -113.274691865987066, 53.665765469775707 ], [ -113.27470569582178, 53.665758475315158 ], [ -113.274725331267362, 53.665747776965745 ], [ -113.274776198282723, 53.665718175333936 ], [ -113.274815196322265, 53.665695481184223 ], [ -113.27483375700902, 53.665683927137472 ], [ -113.274851342467656, 53.665671803764099 ], [ -113.274868980903733, 53.665658973515576 ], [ -113.274885404324067, 53.665647026413865 ], [ -113.274908980628908, 53.665630893837836 ], [ -113.274923195587462, 53.665622172789597 ], [ -113.274941239384304, 53.665612080304506 ], [ -113.274959789160391, 53.665602303590788 ], [ -113.274990304665423, 53.665586673990759 ], [ -113.274997349288199, 53.665583065653848 ], [ -113.275021873435819, 53.665569974244072 ], [ -113.2750839130223, 53.665535482577937 ], [ -113.275104081813836, 53.665523582380835 ], [ -113.275129774729066, 53.66550718400989 ], [ -113.275146179130914, 53.665495720200845 ], [ -113.275162060508691, 53.665483962977966 ], [ -113.275192862441429, 53.665460008689621 ], [ -113.27522883969732, 53.66543124768674 ], [ -113.275287659347256, 53.665384223507942 ], [ -113.275311252399362, 53.665366391713242 ], [ -113.275328082191905, 53.665355173073934 ], [ -113.275345326387139, 53.665345462983247 ], [ -113.275363763822057, 53.665336577831006 ], [ -113.275377028454187, 53.665330764219689 ], [ -113.275401827415749, 53.665319894820598 ], [ -113.275426770605577, 53.66530820227851 ], [ -113.275472034161297, 53.665284932984598 ], [ -113.275516506606664, 53.665261207793357 ], [ -113.275528905244585, 53.665253835257303 ], [ -113.275540523515645, 53.665246000614729 ], [ -113.275548901173437, 53.665240001064291 ], [ -113.275562966546886, 53.665229929347362 ], [ -113.275578802704814, 53.66521956102185 ], [ -113.275588472375816, 53.665214096759108 ], [ -113.275617274596357, 53.665199880008238 ], [ -113.275647538782707, 53.665186522163367 ], [ -113.275668150370905, 53.665178074251699 ], [ -113.275696023781478, 53.665167196430254 ], [ -113.275747204086116, 53.665148009187469 ], [ -113.275799165278059, 53.665129691991218 ], [ -113.275819145951459, 53.665123181200876 ], [ -113.275834254687993, 53.665118258414445 ], [ -113.275888129167683, 53.665094328450877 ], [ -113.275941241722904, 53.665070092827321 ], [ -113.275974579204956, 53.665055114447114 ], [ -113.276007502000695, 53.665039788490468 ], [ -113.276028476311296, 53.665028972219297 ], [ -113.276046235092267, 53.665018441128424 ], [ -113.276053939522598, 53.665013313601762 ], [ -113.276096333769587, 53.664985097938988 ], [ -113.276176307323865, 53.66493592685859 ], [ -113.276218569175114, 53.66491207302559 ], [ -113.276225543572451, 53.66490813530681 ], [ -113.276241018360054, 53.664898266125199 ], [ -113.27624580118534, 53.664894546996848 ], [ -113.276250396977602, 53.664890970512943 ], [ -113.276258736390545, 53.664883219322377 ], [ -113.276267019105688, 53.664874626704716 ], [ -113.276274071043915, 53.664867310738799 ], [ -113.276285001260064, 53.664856879422523 ], [ -113.276310905404898, 53.664834724784342 ], [ -113.276360768839766, 53.664787356606837 ], [ -113.276379790748308, 53.664770646280623 ], [ -113.276399432417705, 53.664754233536534 ], [ -113.276411081985898, 53.66474296457298 ], [ -113.276416458589622, 53.664736819227848 ], [ -113.276429642521265, 53.664719798648385 ], [ -113.276442865291884, 53.664709872700797 ], [ -113.276453317888055, 53.664703912582183 ], [ -113.276465962995701, 53.664696264671612 ], [ -113.276491054542348, 53.664678168526237 ], [ -113.27656533700258, 53.664622615134604 ], [ -113.276571596367646, 53.664618548171497 ], [ -113.276589745949323, 53.664608414742304 ], [ -113.276600082084073, 53.664600152608429 ], [ -113.276609306669783, 53.664592125480752 ], [ -113.276624264732021, 53.664579109846798 ], [ -113.276648850352629, 53.664558212390858 ], [ -113.276678078942865, 53.664534423443037 ], [ -113.276724860998442, 53.664495899332969 ], [ -113.276732071247764, 53.664490551318224 ], [ -113.276746232301562, 53.664481929472387 ], [ -113.276757260895067, 53.664475901817184 ], [ -113.276768607172471, 53.664469699955248 ], [ -113.276779387673002, 53.664463227792901 ], [ -113.276788954304209, 53.664456339438409 ], [ -113.276795695920015, 53.664450348790737 ], [ -113.276806117443471, 53.664439127186434 ], [ -113.276816303806442, 53.664426617374595 ], [ -113.276820142823908, 53.664421902273112 ], [ -113.276827611552733, 53.664413385574299 ], [ -113.276835955682117, 53.664405258759693 ], [ -113.276852531966284, 53.664391037970589 ], [ -113.276861394840694, 53.66438398361354 ], [ -113.276870857577435, 53.664377064072937 ], [ -113.276901633284808, 53.664356658633139 ], [ -113.276933492601714, 53.664337205947788 ], [ -113.276964250095375, 53.664320424411201 ], [ -113.276977162911635, 53.664311885759375 ], [ -113.276995752274573, 53.664298497521138 ], [ -113.277014693165427, 53.66428543220038 ], [ -113.27706141981453, 53.664257094983519 ], [ -113.277084489126707, 53.664241583441935 ], [ -113.277104026321439, 53.664227001285973 ], [ -113.277111590171415, 53.664219816859834 ], [ -113.277115564777532, 53.66421433696533 ], [ -113.277122363182031, 53.664202459054735 ], [ -113.277126174997591, 53.664197385240215 ], [ -113.277131707517498, 53.664192462891819 ], [ -113.277141629581166, 53.66418654713614 ], [ -113.277152509397496, 53.664181425227824 ], [ -113.277170054562859, 53.664174586800684 ], [ -113.277177949865901, 53.66417066626699 ], [ -113.277188677539527, 53.66416417847288 ], [ -113.277197647776475, 53.664157475190649 ], [ -113.27720237293363, 53.664153137443421 ], [ -113.277212463973399, 53.664141324331325 ], [ -113.27721886505114, 53.664133211821351 ], [ -113.277224294614399, 53.664127143139993 ], [ -113.277231228986452, 53.664120933475743 ], [ -113.277257441383099, 53.664101133910705 ], [ -113.277283488843281, 53.664082660567736 ], [ -113.277306430180843, 53.664067013421985 ], [ -113.277313000588435, 53.664062532248337 ], [ -113.277328136045242, 53.66405265458841 ], [ -113.277343741481715, 53.664043074501592 ], [ -113.277361278366612, 53.664033354205827 ], [ -113.277394310748434, 53.664016587185529 ], [ -113.277415491859401, 53.664005836618628 ], [ -113.277446706380431, 53.663988846546573 ], [ -113.277469878279248, 53.663975812074717 ], [ -113.277503709596317, 53.663955673827459 ], [ -113.277520085877597, 53.663945250095821 ], [ -113.277528586668424, 53.663939538700021 ], [ -113.277535846155672, 53.663934661797207 ], [ -113.277542545946872, 53.663929247752492 ], [ -113.277547803960431, 53.663923739642719 ], [ -113.277555012237286, 53.66391389500253 ], [ -113.277564604055982, 53.663898884347503 ], [ -113.277570246575166, 53.663891505886639 ], [ -113.27757706419878, 53.663884686251343 ], [ -113.277595471611548, 53.663869706311139 ], [ -113.277605434653339, 53.663862359304204 ], [ -113.277614748390121, 53.663856087590837 ], [ -113.277654842420716, 53.663832637122148 ], [ -113.277668366955481, 53.663823257407564 ], [ -113.277687255466972, 53.663808894993537 ], [ -113.277707369782988, 53.663794160763587 ], [ -113.277714993215241, 53.663789321090277 ], [ -113.277729193231423, 53.663781491923274 ], [ -113.277748291510221, 53.663771848383071 ], [ -113.277762967046087, 53.663764169449472 ], [ -113.27777335296571, 53.663758013818835 ], [ -113.277781793525378, 53.663750246058889 ], [ -113.277788263657754, 53.66374144740913 ], [ -113.277794879903283, 53.663734190728825 ], [ -113.277803273996412, 53.663730379196245 ], [ -113.277823578467348, 53.663725580049693 ], [ -113.277833638202907, 53.663715050787154 ], [ -113.277836000334659, 53.663700337976081 ], [ -113.277857501632624, 53.663688719423185 ], [ -113.277894078258356, 53.663668865402201 ], [ -113.277905656619694, 53.663661809370822 ], [ -113.27791508669344, 53.663655010860992 ], [ -113.277929902967387, 53.663642280860437 ], [ -113.277939685795744, 53.663632989978908 ], [ -113.277950626675789, 53.663622599910127 ], [ -113.277961734705201, 53.663612963869895 ], [ -113.27797390986315, 53.66360400730975 ], [ -113.278047607379747, 53.663556604212594 ], [ -113.278072103516564, 53.663540246520284 ], [ -113.278100862127587, 53.663520940173044 ], [ -113.27810698673531, 53.663515444451612 ], [ -113.278127738969928, 53.663496830273608 ], [ -113.278135339457066, 53.663490848322368 ], [ -113.278147078160515, 53.663483080649222 ], [ -113.278158511616112, 53.663476530526886 ], [ -113.278179482120365, 53.663465947491325 ], [ -113.278206853287315, 53.663453013671202 ], [ -113.278227386460983, 53.66344278832743 ], [ -113.278241996386555, 53.663434421515419 ], [ -113.278255382982351, 53.663425041801837 ], [ -113.278265762015224, 53.663416269381443 ], [ -113.278281966539495, 53.663400378363455 ], [ -113.278294777142079, 53.663387163569311 ], [ -113.278304193347864, 53.663377892913289 ], [ -113.278311652468958, 53.663371149888384 ], [ -113.27832381267929, 53.663361554302298 ], [ -113.278330460252363, 53.663357060059042 ], [ -113.27834270143579, 53.663350340459729 ], [ -113.278352782261393, 53.663346888606739 ], [ -113.278368953376201, 53.663342514654602 ], [ -113.278377205808823, 53.66333990274979 ], [ -113.278383958972043, 53.663337109279645 ], [ -113.278404628738983, 53.663326410271047 ], [ -113.27841976143425, 53.663317903711132 ], [ -113.278441367923463, 53.663304623288639 ], [ -113.278461611678964, 53.663290784711691 ], [ -113.278466868501852, 53.663286486061835 ], [ -113.278474797288226, 53.663278019657675 ], [ -113.278485367742846, 53.663265033067276 ], [ -113.278491419986054, 53.663258897091289 ], [ -113.278498768030587, 53.663253339529497 ], [ -113.278508070396612, 53.663248249329342 ], [ -113.278517037809976, 53.663244345051581 ], [ -113.278533880843582, 53.66323827498573 ], [ -113.27855995035759, 53.663229253808403 ], [ -113.278571438373504, 53.663224373563054 ], [ -113.278581998486672, 53.663218457039271 ], [ -113.278648085769063, 53.663174345103698 ], [ -113.278747215142801, 53.663108740091886 ], [ -113.278758748180223, 53.663100245056199 ], [ -113.278774469852422, 53.663087007307233 ], [ -113.278782673228648, 53.663080352304775 ], [ -113.278795937027752, 53.6630730115996 ], [ -113.278817361655186, 53.663064254434822 ], [ -113.278836260850113, 53.663053654317125 ], [ -113.27885702641953, 53.663040341797675 ], [ -113.27886659710191, 53.663033354456452 ], [ -113.278875462769165, 53.663026188541657 ], [ -113.278895165950502, 53.663009258168664 ], [ -113.278914492073739, 53.66299216916655 ], [ -113.278945721419618, 53.662962797067237 ], [ -113.278953557196047, 53.662955427254552 ], [ -113.27896720019298, 53.662943417023556 ], [ -113.278993033855926, 53.662922846500706 ], [ -113.279019796401585, 53.662902632915113 ], [ -113.279070702664967, 53.662865654039621 ], [ -113.279086043477605, 53.662854509478031 ], [ -113.279107339335937, 53.662838127814787 ], [ -113.27911847330688, 53.662828628409756 ], [ -113.279134160078897, 53.662814054194179 ], [ -113.279150256324641, 53.662799599258662 ], [ -113.279230605385294, 53.662732134825411 ], [ -113.279238060488566, 53.662725877857966 ], [ -113.279317926978138, 53.662661320108896 ], [ -113.27933047729114, 53.662650116487924 ], [ -113.279348432923641, 53.662632994007154 ], [ -113.279366750259825, 53.662615952776648 ], [ -113.279395862635909, 53.662590381453001 ], [ -113.279425281498916, 53.662564934175343 ], [ -113.279445318926449, 53.662548162078387 ], [ -113.2794740113426, 53.662524144573574 ], [ -113.279497764494323, 53.662502670916581 ], [ -113.279520852633581, 53.662481067450564 ], [ -113.279533551216716, 53.662471365352388 ], [ -113.279544525166017, 53.662463963162004 ], [ -113.279582217899119, 53.662441718791158 ], [ -113.279592485039743, 53.662434775120047 ], [ -113.279591081538655, 53.662425342222278 ], [ -113.279619936215624, 53.662405373824775 ], [ -113.279634073292911, 53.662395331715167 ], [ -113.279641014268478, 53.662390116694645 ], [ -113.279651311539723, 53.662381404766677 ], [ -113.279727618654917, 53.66231114981256 ], [ -113.279766466122993, 53.662274849332597 ], [ -113.279774652175817, 53.66226573111166 ], [ -113.279789772012165, 53.66224445168573 ], [ -113.27979590300329, 53.662237404044355 ], [ -113.279838989702043, 53.662195325916535 ], [ -113.279880997160149, 53.662152208798418 ], [ -113.279889826743528, 53.66214314476079 ], [ -113.279942661645165, 53.662087535778717 ], [ -113.279963476484284, 53.662064893261586 ], [ -113.279983798818691, 53.662042119280535 ], [ -113.279990377098528, 53.662034211668271 ], [ -113.280000562227301, 53.662019997842982 ], [ -113.280006419211617, 53.662011092047898 ], [ -113.280014764346745, 53.661998403754083 ], [ -113.280022435630642, 53.661987703591215 ], [ -113.280031020893674, 53.661977347693046 ], [ -113.280038549118828, 53.661969892390829 ], [ -113.280046113685287, 53.661963500343418 ], [ -113.280066929316149, 53.661948350290352 ], [ -113.2800748217375, 53.66194260540275 ], [ -113.28008889800175, 53.661931943742509 ], [ -113.280095346721836, 53.661926398647957 ], [ -113.28010116410708, 53.661920702388151 ], [ -113.280121138440478, 53.661899253514989 ], [ -113.280140319237759, 53.661877582408358 ], [ -113.280185454535783, 53.661824178908844 ], [ -113.280203296519161, 53.66180462851365 ], [ -113.280222560193351, 53.661784215025044 ], [ -113.280233090134999, 53.661771954100182 ], [ -113.280242275808561, 53.661759473924853 ], [ -113.28025534350256, 53.661738474147846 ], [ -113.280261525464482, 53.661728159500655 ], [ -113.280267978356719, 53.661717393590102 ], [ -113.280283697904281, 53.661691790076461 ], [ -113.280299598395786, 53.661666220896166 ], [ -113.280307055571328, 53.661655204021493 ], [ -113.280322063580599, 53.661636197298542 ], [ -113.280334566785157, 53.661622130368038 ], [ -113.280374073717866, 53.661581063915747 ], [ -113.280402906779798, 53.66155253878631 ], [ -113.280432691796761, 53.661524346458535 ], [ -113.280444279412592, 53.661514466854818 ], [ -113.280468527106947, 53.66149676018707 ], [ -113.280476272380085, 53.661490941602679 ], [ -113.280481678246588, 53.66148772656576 ], [ -113.280496715302178, 53.661479530981232 ], [ -113.280514475840562, 53.661464301389117 ], [ -113.280539989073944, 53.661443437462268 ], [ -113.280565096398405, 53.661422421026053 ], [ -113.280579196417875, 53.661409725033657 ], [ -113.280599219744758, 53.661390167915243 ], [ -113.2806178696963, 53.661370235017863 ], [ -113.280674709709075, 53.661305509272218 ], [ -113.280694162822115, 53.661283894526328 ], [ -113.280713876057277, 53.661262372996347 ], [ -113.280720585524691, 53.661255630709682 ], [ -113.280733642470395, 53.661244302384048 ], [ -113.280739387532535, 53.6612396444335 ], [ -113.280754157426358, 53.661227672217947 ], [ -113.280763851334981, 53.661219091359115 ], [ -113.280772421714843, 53.661210211708202 ], [ -113.28078233013413, 53.661197472543947 ], [ -113.280792087868349, 53.661183186891918 ], [ -113.280805238943927, 53.661163394366866 ], [ -113.280814455644929, 53.661150584549524 ], [ -113.280821219714781, 53.661142410226049 ], [ -113.280824947809265, 53.661138034896609 ], [ -113.280830654987952, 53.66113133510823 ], [ -113.280845183934616, 53.66111360593878 ], [ -113.280852993940002, 53.661102022338625 ], [ -113.280862106501573, 53.661086974392667 ], [ -113.280874754252366, 53.661067062019875 ], [ -113.280908123254889, 53.661020700854955 ], [ -113.280925541571278, 53.660997736743759 ], [ -113.280943613025102, 53.660974974242713 ], [ -113.280973019892045, 53.660942021453053 ], [ -113.281000515842592, 53.660905697338613 ], [ -113.281091884234826, 53.660794308037268 ], [ -113.281118445244488, 53.66076295020406 ], [ -113.281147229027724, 53.6607304123755 ], [ -113.28121751689163, 53.660651894601628 ], [ -113.281235774660132, 53.660632034735066 ], [ -113.281248040268196, 53.660620248711645 ], [ -113.281255562679064, 53.660613908453016 ], [ -113.28126876307968, 53.66060275345987 ], [ -113.281278048642946, 53.660594417221652 ], [ -113.281286524861713, 53.660585545055852 ], [ -113.281295207004931, 53.660574083478274 ], [ -113.281306342287181, 53.66055643901916 ], [ -113.281311055005915, 53.660549404353574 ], [ -113.281317070128452, 53.660540423062145 ], [ -113.281351293596074, 53.66049607166417 ], [ -113.281368671259614, 53.660474758859962 ], [ -113.281386877621387, 53.660453643325546 ], [ -113.281401624787236, 53.660439155728213 ], [ -113.281409303765187, 53.660431612283162 ], [ -113.281428795259899, 53.660409740649314 ], [ -113.281474992206853, 53.6603515445371 ], [ -113.281486480368315, 53.660339740345158 ], [ -113.281508909391007, 53.660320202001699 ], [ -113.281519550056217, 53.660309214935175 ], [ -113.281545093762674, 53.660300188158203 ], [ -113.281557990516347, 53.660294779618567 ], [ -113.281565685499302, 53.66029020611348 ], [ -113.281570704458758, 53.660285353264548 ], [ -113.281587946529768, 53.660263194936221 ], [ -113.281615500133967, 53.660226803630479 ], [ -113.28162246693816, 53.660219500316813 ], [ -113.281628764475414, 53.660214277726325 ], [ -113.28163960401325, 53.660205293011558 ], [ -113.281645428851732, 53.660199754873631 ], [ -113.281654472778854, 53.660188181318652 ], [ -113.281665345616133, 53.660173767494818 ], [ -113.281672271206233, 53.660165506029543 ], [ -113.281719211670563, 53.660115596625893 ], [ -113.281754299210675, 53.660077058808099 ], [ -113.28178576101719, 53.660044091185384 ], [ -113.28179198511809, 53.660035799446426 ], [ -113.281799294395739, 53.66002240750457 ], [ -113.281805606699521, 53.660008748990371 ], [ -113.281811134277746, 53.659994441477181 ], [ -113.281816745085507, 53.659975949709406 ], [ -113.281821870667031, 53.659962240045644 ], [ -113.281827683422762, 53.659951891651183 ], [ -113.281836635944885, 53.65993945937651 ], [ -113.281851406081117, 53.659921108804433 ], [ -113.281866958171975, 53.65990303519412 ], [ -113.281879433636306, 53.659888937382526 ], [ -113.281906108980934, 53.659858794958232 ], [ -113.281925635476682, 53.659835100204937 ], [ -113.281943458532069, 53.65981104747766 ], [ -113.281962991097615, 53.659781118307421 ], [ -113.281980999799302, 53.659750768440283 ], [ -113.28202605155046, 53.659670317848565 ], [ -113.282034498369754, 53.659655232572113 ], [ -113.282086590708417, 53.659565873272911 ], [ -113.282111668018246, 53.659524432180845 ], [ -113.282120029660874, 53.65951204127186 ], [ -113.282134235129831, 53.659493697163619 ], [ -113.282149036381639, 53.659475546228755 ], [ -113.282159391614144, 53.659463617464063 ], [ -113.282175682401828, 53.659446034380984 ], [ -113.282183371673128, 53.659437064878432 ], [ -113.282190218549914, 53.659427813558587 ], [ -113.282203036737641, 53.659407419519631 ], [ -113.28220653628199, 53.65940151965934 ], [ -113.282245549636741, 53.659335758051256 ], [ -113.28225035061277, 53.659328230548809 ], [ -113.282258488493909, 53.659315470763637 ], [ -113.282278961904041, 53.659285344097739 ], [ -113.282294357875031, 53.659261831202436 ], [ -113.282298810644605, 53.659255030370979 ], [ -113.282325684787281, 53.659209759410359 ], [ -113.282338338055524, 53.659186954338061 ], [ -113.282350306151088, 53.659164051704174 ], [ -113.282390537320623, 53.659082588119382 ], [ -113.282409971161741, 53.659045695973589 ], [ -113.282420657212327, 53.659036101020845 ], [ -113.282433857286847, 53.659028035264065 ], [ -113.282438904180438, 53.659024373183343 ], [ -113.282454765252083, 53.659010875192557 ], [ -113.282466387355086, 53.659000588535648 ], [ -113.282482423964666, 53.658984859484633 ], [ -113.282489547603689, 53.658976762702345 ], [ -113.282495834422107, 53.658968590814993 ], [ -113.28249890312452, 53.658962222892427 ], [ -113.282500625486378, 53.658956297098328 ], [ -113.282502117199527, 53.658944622512472 ], [ -113.282503383455392, 53.65893856279056 ], [ -113.282506015794453, 53.65893223448704 ], [ -113.282527333413924, 53.658900657113314 ], [ -113.282533688928609, 53.658890042357392 ], [ -113.282549904465512, 53.658859407586917 ], [ -113.282565467581989, 53.658828617042793 ], [ -113.282567510399801, 53.658824130918653 ], [ -113.282578167831048, 53.658800714499833 ], [ -113.282591382806459, 53.658772877940905 ], [ -113.282609236751355, 53.658740987757227 ], [ -113.282623527815261, 53.658714901813262 ], [ -113.28263702275045, 53.658688660134189 ], [ -113.282700815822935, 53.658553217948892 ], [ -113.282707655467092, 53.658540367684758 ], [ -113.282719333558646, 53.658521247256559 ], [ -113.282727511364882, 53.658507187411658 ], [ -113.282730470528691, 53.658502099323769 ], [ -113.282743729561318, 53.658474953131595 ], [ -113.282754399653726, 53.658453096732046 ], [ -113.282760240547532, 53.658441866938318 ], [ -113.282767182434355, 53.658428516765966 ], [ -113.282770153701279, 53.65842280422644 ], [ -113.28279292167629, 53.658386678718827 ], [ -113.282801410573086, 53.658381292168443 ], [ -113.282813465197137, 53.65837456290771 ], [ -113.282821184855365, 53.658367883164196 ], [ -113.282842904243651, 53.658332658048401 ], [ -113.282865358076563, 53.658302377799487 ], [ -113.282872313030552, 53.658291908592965 ], [ -113.282877081979606, 53.658281976234171 ], [ -113.282881559933244, 53.65826806495334 ], [ -113.28288652053314, 53.658254149374066 ], [ -113.282892570401472, 53.658243081673589 ], [ -113.282901470702555, 53.658229051303941 ], [ -113.282906064293613, 53.658221428180127 ], [ -113.282910325875875, 53.658213044654133 ], [ -113.282912798379414, 53.658205253370788 ], [ -113.282914178291222, 53.658194988003956 ], [ -113.28291435695489, 53.65818294611077 ], [ -113.282912823412119, 53.65817810877892 ], [ -113.282915725382438, 53.658173357316734 ], [ -113.282920236814007, 53.658169148359299 ], [ -113.282927768957322, 53.658163798304315 ], [ -113.282941138127143, 53.658155463027136 ], [ -113.282947132066326, 53.658150987077981 ], [ -113.28295176376156, 53.658146109386664 ], [ -113.282959793168857, 53.658134901674224 ], [ -113.282965070665739, 53.658127536945685 ], [ -113.282977380821393, 53.658108597299631 ], [ -113.282994804667865, 53.658078929401022 ], [ -113.282997751116042, 53.658073338915862 ], [ -113.283002566194369, 53.658064161647445 ], [ -113.283005744521731, 53.658057030562404 ], [ -113.283009128838202, 53.65804943883316 ], [ -113.283011764901474, 53.658040654681542 ], [ -113.283015171437654, 53.658022304213304 ], [ -113.283017411671736, 53.658014113459558 ], [ -113.283023189717994, 53.657998645504605 ], [ -113.283029465386065, 53.657983360247812 ], [ -113.283041946926431, 53.657954851589658 ], [ -113.283055674216968, 53.657925941528447 ], [ -113.283073507327984, 53.657891581810553 ], [ -113.283120965123928, 53.657800146401996 ], [ -113.283125861079938, 53.657789854456759 ], [ -113.283132021396, 53.657774052710423 ], [ -113.283137069119917, 53.657757936084991 ], [ -113.283143988910524, 53.657728131593274 ], [ -113.283149488711459, 53.657704449710579 ], [ -113.283163732852401, 53.65765772809376 ], [ -113.283166159464059, 53.657642650725471 ], [ -113.283167146945971, 53.657628315966768 ], [ -113.283167624889145, 53.657621366402019 ], [ -113.283168618337527, 53.65761042477201 ], [ -113.283170483230037, 53.657599566536547 ], [ -113.283177203497942, 53.657571532876268 ], [ -113.283184874472127, 53.65754372506246 ], [ -113.283191949600962, 53.657520364419987 ], [ -113.283241797755338, 53.657360302325721 ], [ -113.283244874319038, 53.657352298089307 ], [ -113.283250542470668, 53.657340533471199 ], [ -113.283255720562707, 53.657328586200506 ], [ -113.283259088122406, 53.657318409106637 ], [ -113.283265907912124, 53.657297700480555 ], [ -113.283269984035741, 53.657286150082101 ], [ -113.283271712204794, 53.657277909530826 ], [ -113.283273167765856, 53.657261750729504 ], [ -113.283274296695282, 53.657256642686477 ], [ -113.283276650791407, 53.657251187031918 ], [ -113.28328308427497, 53.65724201404695 ], [ -113.283286749156787, 53.65723767330654 ], [ -113.283294335220248, 53.657228686040071 ], [ -113.283299107213992, 53.657221593240443 ], [ -113.283301921140705, 53.657214534549134 ], [ -113.283309623263605, 53.65717926318581 ], [ -113.283314150407577, 53.657156193705234 ], [ -113.283316563042064, 53.657143897399507 ], [ -113.283322929371778, 53.657108538064946 ], [ -113.28332601404891, 53.657095951042244 ], [ -113.283328361439473, 53.657088392635067 ], [ -113.283331822456603, 53.657077251906202 ], [ -113.28333723124031, 53.657058389529574 ], [ -113.283339142984332, 53.657047529773926 ], [ -113.283340914228788, 53.657031040380623 ], [ -113.283341917245053, 53.657023722837636 ], [ -113.283343732596521, 53.657015067656118 ], [ -113.283347930789546, 53.657001668677481 ], [ -113.283355320405732, 53.656981695810515 ], [ -113.283361935887029, 53.656961521517687 ], [ -113.28337426972908, 53.656913684065579 ], [ -113.283388582543054, 53.656862436607099 ], [ -113.283393648738809, 53.656847269894094 ], [ -113.283401300766542, 53.656827787429854 ], [ -113.283410710458853, 53.656802157414738 ], [ -113.28341671968802, 53.65677874814395 ], [ -113.283421150228193, 53.656755303365955 ], [ -113.283422657404117, 53.656739932039422 ], [ -113.28342299718318, 53.656716775491255 ], [ -113.283423827369973, 53.656705197574254 ], [ -113.28342619791438, 53.656693238885268 ], [ -113.283429547520498, 53.656683401347145 ], [ -113.28343612045218, 53.65666813941187 ], [ -113.28344209034826, 53.656652756151587 ], [ -113.283456346312633, 53.656606010302369 ], [ -113.283470531542633, 53.65656272002304 ], [ -113.283473103354112, 53.656552985660547 ], [ -113.283476234185088, 53.656534282175222 ], [ -113.283478960377934, 53.656509913324705 ], [ -113.283480743915092, 53.656496976146464 ], [ -113.283483437105858, 53.656483919506812 ], [ -113.283490711310492, 53.656462090341535 ], [ -113.283495511902217, 53.656447684042412 ], [ -113.283498880340517, 53.656433254795814 ], [ -113.283503346649582, 53.656408052576467 ], [ -113.283508950321647, 53.65637019416598 ], [ -113.283512319255863, 53.656351274644038 ], [ -113.283516707684356, 53.656332448385996 ], [ -113.28352214960077, 53.656315992634113 ], [ -113.283528781843543, 53.65629945773923 ], [ -113.283532862863112, 53.656290998525492 ], [ -113.283539974430539, 53.656278757287822 ], [ -113.283543867537333, 53.656271566663683 ], [ -113.283546668149441, 53.656265286967752 ], [ -113.283552412055485, 53.656260370977513 ], [ -113.28355751219469, 53.656256754996079 ], [ -113.283556550641265, 53.656249497583367 ], [ -113.283554101745707, 53.656245115760427 ], [ -113.283552859689706, 53.656240216379061 ], [ -113.283553707059411, 53.6562345809701 ], [ -113.283556382690222, 53.656216847936328 ], [ -113.283561344960603, 53.656193438682294 ], [ -113.283571362204199, 53.656157567409117 ], [ -113.283575650971486, 53.656142207330632 ], [ -113.283579454525324, 53.656126468736247 ], [ -113.283581940910153, 53.656111420469003 ], [ -113.283581844772485, 53.656103440372512 ], [ -113.283578880897736, 53.656084912486016 ], [ -113.283578657338339, 53.656079094544651 ], [ -113.283579890752023, 53.656050868975989 ], [ -113.283583417253482, 53.655994371161256 ], [ -113.283586320906551, 53.655966488964033 ], [ -113.283588122826202, 53.655960404576824 ], [ -113.283591191905458, 53.655953723915417 ], [ -113.283594364226033, 53.655945950281811 ], [ -113.283597203613397, 53.65593372391627 ], [ -113.283599024748128, 53.655923561820764 ], [ -113.283600503286522, 53.655915316175331 ], [ -113.283602130911191, 53.655908359108139 ], [ -113.28360481159261, 53.655896927947801 ], [ -113.283609008005172, 53.655885495971347 ], [ -113.283612927332712, 53.655876577503733 ], [ -113.283616431231025, 53.655868607263798 ], [ -113.283619932015498, 53.655860106834226 ], [ -113.283622871008802, 53.655851373003138 ], [ -113.283631160695847, 53.655814962115322 ], [ -113.283636779578643, 53.655796180953963 ], [ -113.283643342000275, 53.655777332650992 ], [ -113.283647410332733, 53.655768100565403 ], [ -113.283654551858774, 53.655754620337213 ], [ -113.283661239854482, 53.655740945096028 ], [ -113.283665575596132, 53.65572968019098 ], [ -113.283670678165436, 53.655712532280106 ], [ -113.283672419860039, 53.655703931465716 ], [ -113.283673539171602, 53.655695370060513 ], [ -113.28367360071438, 53.65568852762928 ], [ -113.283672573538013, 53.655678359275718 ], [ -113.283672088133514, 53.655668088129026 ], [ -113.28367330874336, 53.655653640635222 ], [ -113.283678814251857, 53.655610939098011 ], [ -113.283678959189771, 53.655604263405657 ], [ -113.283677645178997, 53.655592811939812 ], [ -113.283674408184552, 53.6555748683041 ], [ -113.283673546984517, 53.655566063213008 ], [ -113.283674001771232, 53.655557171642236 ], [ -113.283677695328137, 53.655553180614071 ], [ -113.283687602195357, 53.655545934304392 ], [ -113.283692076796342, 53.655527725887993 ], [ -113.283695651454039, 53.655510671275032 ], [ -113.283704421841691, 53.65546044107041 ], [ -113.283705221787628, 53.655456976381167 ], [ -113.283706023245969, 53.655453511700955 ], [ -113.283709609662665, 53.655445132192284 ], [ -113.283714031876244, 53.655439382478804 ], [ -113.283720237203909, 53.655434276941186 ], [ -113.28373343802302, 53.655431439967892 ], [ -113.28375518261835, 53.655430198784558 ], [ -113.283775113717894, 53.655421627694864 ], [ -113.283790567414187, 53.655421437972478 ], [ -113.283801138631119, 53.65542220390428 ], [ -113.283809482223418, 53.655422134296849 ], [ -113.28382879470341, 53.65542141231834 ], [ -113.28383708183938, 53.655421549946716 ], [ -113.283845325491384, 53.655422468193329 ], [ -113.28385312094268, 53.655424394677929 ], [ -113.283863930809076, 53.655429376441269 ], [ -113.283871196610704, 53.655434707228494 ], [ -113.283878667170512, 53.655442504984087 ], [ -113.283882718583115, 53.655447475978818 ], [ -113.283887070744385, 53.655453534274635 ], [ -113.283898269067791, 53.655471833736065 ], [ -113.283908880994787, 53.655485193708124 ], [ -113.283913168729271, 53.655490591150425 ], [ -113.283917071856564, 53.655497082578158 ], [ -113.283920180634425, 53.65550465655496 ], [ -113.283923546852023, 53.655516319779046 ], [ -113.283929857013433, 53.655545105360773 ], [ -113.283933259208197, 53.655562233154662 ], [ -113.2839383537993, 53.655604639554966 ], [ -113.283940606841426, 53.655611295441311 ], [ -113.283947705639136, 53.655624965981801 ], [ -113.283949410806613, 53.655629674931049 ], [ -113.283950212618095, 53.65563502546636 ], [ -113.283950277366458, 53.655642987403404 ], [ -113.283950941392149, 53.655651112874047 ], [ -113.283953774916284, 53.655658327562968 ], [ -113.283961327968413, 53.65567268644682 ], [ -113.283962044983653, 53.655677685124367 ], [ -113.283959530488758, 53.655712968687887 ], [ -113.283957863757337, 53.655743749969417 ], [ -113.283956564371621, 53.655774545129248 ], [ -113.283957372843886, 53.655784858643131 ], [ -113.283960626324941, 53.655799159465595 ], [ -113.283963585355764, 53.655813518733012 ], [ -113.28396359999573, 53.655822563176841 ], [ -113.283959981729623, 53.655835233292066 ], [ -113.283955608196962, 53.655839091763426 ], [ -113.283944170160524, 53.655846891458737 ], [ -113.283939477835872, 53.655856439722278 ], [ -113.283937638534141, 53.655867232527712 ], [ -113.283937280595836, 53.655871751217383 ], [ -113.283936366733869, 53.655883277418816 ], [ -113.283934791124594, 53.655891542256867 ], [ -113.28393140932296, 53.65589998769412 ], [ -113.283925457717956, 53.655909310067734 ], [ -113.283916178091829, 53.655922118855038 ], [ -113.283910589196239, 53.655930835946975 ], [ -113.283907751995358, 53.655935262530377 ], [ -113.283895711843101, 53.655963771229018 ], [ -113.28389179126593, 53.655969107000899 ], [ -113.283883925418721, 53.655977040378396 ], [ -113.283880465648494, 53.655981070551846 ], [ -113.283878052953398, 53.655985351405207 ], [ -113.283875862749667, 53.655992837978019 ], [ -113.283874325468261, 53.656002946062209 ], [ -113.283873746875926, 53.65601271841399 ], [ -113.283874148420225, 53.656027851353699 ], [ -113.283874718296659, 53.656033587796394 ], [ -113.283876405010631, 53.656050542685016 ], [ -113.283877034833807, 53.656061935241411 ], [ -113.283876563670546, 53.656073223266326 ], [ -113.283875090948584, 53.656079700515228 ], [ -113.283871315881655, 53.656088856184205 ], [ -113.283863748974426, 53.656103158790394 ], [ -113.283860258994807, 53.656111201906604 ], [ -113.283858498471716, 53.656118772820896 ], [ -113.283857327232965, 53.656137450296015 ], [ -113.283857882148865, 53.656155314982115 ], [ -113.283863459038443, 53.656196397041626 ], [ -113.283864636257618, 53.656210122029194 ], [ -113.283864806853259, 53.656227189160198 ], [ -113.283864056552872, 53.656244325366828 ], [ -113.283862637516535, 53.656257809279388 ], [ -113.283859558150297, 53.656277860974981 ], [ -113.283857382801486, 53.656297946832268 ], [ -113.283857659787486, 53.656311324969522 ], [ -113.283858801310558, 53.656324924838707 ], [ -113.283860127221061, 53.656334518078317 ], [ -113.283862380441747, 53.65634366397218 ], [ -113.283867635852459, 53.65635132447246 ], [ -113.283880915342394, 53.656356714587467 ], [ -113.283899468988139, 53.656358930955776 ], [ -113.283908356857012, 53.656362638693658 ], [ -113.283921009745669, 53.656368584881342 ], [ -113.283927703070347, 53.656371019664 ], [ -113.283934893260849, 53.656372610042844 ], [ -113.283945642453816, 53.656372617712954 ], [ -113.283954532337376, 53.656371119001847 ], [ -113.283967916788711, 53.656368263331416 ], [ -113.283989190050264, 53.656368351901889 ], [ -113.284002635096485, 53.656371561205432 ], [ -113.284015657904575, 53.656373085813428 ], [ -113.2840289851177, 53.656372000924016 ], [ -113.284059608216978, 53.656367549974753 ], [ -113.284069492304056, 53.656366565804184 ], [ -113.284085045931192, 53.65636665879908 ], [ -113.284095836669579, 53.656367249892035 ], [ -113.284121597640492, 53.65636906451266 ], [ -113.284134621012129, 53.656368770355478 ], [ -113.284146345373841, 53.656367023490645 ], [ -113.284155092403196, 53.656364402464476 ], [ -113.284163143194178, 53.656361000889582 ], [ -113.284174757666307, 53.656354311094347 ], [ -113.284190389792101, 53.656343787648794 ], [ -113.284199088127068, 53.65633859365181 ], [ -113.284208390041542, 53.656334291972428 ], [ -113.284227328805287, 53.656327258661406 ], [ -113.284252905606422, 53.656319583891808 ], [ -113.284261648463101, 53.656318369133587 ], [ -113.284274601414751, 53.656315712134891 ], [ -113.284287153147815, 53.656310128709571 ], [ -113.284298918840676, 53.656303886407727 ], [ -113.284319536965299, 53.656291477842061 ], [ -113.284329386231363, 53.656285760543817 ], [ -113.284339955838476, 53.656280293765057 ], [ -113.284353159649129, 53.656274524626696 ], [ -113.284373314885642, 53.656266401379007 ], [ -113.284384512644991, 53.656261536814519 ], [ -113.284394152684698, 53.656256650359239 ], [ -113.284408716555646, 53.656247746058774 ], [ -113.284419447733342, 53.65624015146782 ], [ -113.284433410436449, 53.656229228922427 ], [ -113.284446687431739, 53.656218154009601 ], [ -113.284468799434293, 53.656198812701639 ], [ -113.284478863918196, 53.656188780727 ], [ -113.284487701958611, 53.656178459264062 ], [ -113.284493567353351, 53.656168684354903 ], [ -113.284497688409104, 53.656159992611876 ], [ -113.284503624544982, 53.656148809128425 ], [ -113.284515149149996, 53.656133126526235 ], [ -113.284534290086441, 53.65611021440958 ], [ -113.284544052020948, 53.656098215395041 ], [ -113.284552679749837, 53.656086375842776 ], [ -113.284555090665876, 53.656082017686302 ], [ -113.284557681145202, 53.656074023091357 ], [ -113.284560205451555, 53.656061538721886 ], [ -113.284561933078862, 53.6560557243536 ], [ -113.284564812733379, 53.656049948319399 ], [ -113.284574965546383, 53.656040592607546 ], [ -113.284588701444733, 53.656031355351089 ], [ -113.284594140024311, 53.656026773561301 ], [ -113.28459795627225, 53.65602160877495 ], [ -113.284618063239947, 53.655976924973892 ], [ -113.284628747229448, 53.65595486720045 ], [ -113.284639807404758, 53.655932836834104 ], [ -113.284642512783577, 53.655928597252341 ], [ -113.284648903291711, 53.655921665031784 ], [ -113.284659814200722, 53.655911845673891 ], [ -113.284665209868223, 53.65590640187213 ], [ -113.284669154481904, 53.655901069813126 ], [ -113.284736094989412, 53.655812735271169 ], [ -113.284745495706076, 53.65579963779664 ], [ -113.284755275794325, 53.655782626511709 ], [ -113.284756342284041, 53.655775832317374 ], [ -113.284756040193557, 53.655769103632764 ], [ -113.284755657285359, 53.655760625800063 ], [ -113.284756184028311, 53.655755423387262 ], [ -113.284760324963017, 53.655737240796093 ], [ -113.284762400438083, 53.655728121673917 ], [ -113.284765046710135, 53.655708159024201 ], [ -113.28476691825837, 53.655688209718669 ], [ -113.284767134556134, 53.655673376110173 ], [ -113.284766564332671, 53.655665240421683 ], [ -113.284765573745432, 53.655651107696734 ], [ -113.284765242543884, 53.655639932591342 ], [ -113.284766003579335, 53.655628842187923 ], [ -113.284768102988735, 53.655622508852183 ], [ -113.28477594438047, 53.655609125293552 ], [ -113.28477797050931, 53.655603725159828 ], [ -113.284781467437753, 53.655586590076638 ], [ -113.284784316863991, 53.655569459213027 ], [ -113.284788584592036, 53.655537081377823 ], [ -113.284790901537377, 53.655519504326151 ], [ -113.284797290343747, 53.655481924614342 ], [ -113.28480388763505, 53.655433903577396 ], [ -113.284805235796767, 53.655428787842553 ], [ -113.284809304719502, 53.655420040063852 ], [ -113.284817411419439, 53.655406797369061 ], [ -113.284820948998018, 53.655400575061975 ], [ -113.284823775821039, 53.65539407264103 ], [ -113.284825624414992, 53.655386291068403 ], [ -113.284827036607254, 53.655374800185761 ], [ -113.284828195755949, 53.655368071242656 ], [ -113.284830654155854, 53.655360903458011 ], [ -113.284834717161687, 53.65535205769622 ], [ -113.284842879336026, 53.655337144843251 ], [ -113.284852071714496, 53.655322048539176 ], [ -113.284859946815786, 53.655309796506749 ], [ -113.284864496967955, 53.65530389565275 ], [ -113.284869585109234, 53.655298472469681 ], [ -113.284874791151395, 53.655294037546241 ], [ -113.284886937783511, 53.655285911311246 ], [ -113.284910190719557, 53.655272227098706 ], [ -113.284918085568023, 53.655266851227715 ], [ -113.284949337527493, 53.655240739586283 ], [ -113.284961459964848, 53.655235292808925 ], [ -113.284966781606556, 53.655231713135464 ], [ -113.284972396167333, 53.655221550308291 ], [ -113.284973458685926, 53.655216686269434 ], [ -113.284973722976844, 53.655209381373389 ], [ -113.284973046406691, 53.655202075351895 ], [ -113.284967032505449, 53.655173800199137 ], [ -113.284966000123944, 53.655164368673248 ], [ -113.284966262518878, 53.655148058048724 ], [ -113.284965752729235, 53.655130896336615 ], [ -113.284964814045395, 53.655122363965006 ], [ -113.284963008060103, 53.655114131936365 ], [ -113.284960901752783, 53.655108272201744 ], [ -113.284956685942831, 53.655099691504979 ], [ -113.284951874812322, 53.655091250129516 ], [ -113.284933288846062, 53.655060492560857 ], [ -113.284927246852035, 53.655048896954618 ], [ -113.284921971544691, 53.65503722595178 ], [ -113.284919689229355, 53.655030594170846 ], [ -113.284914797078102, 53.655011120261214 ], [ -113.284912071234331, 53.655004686217978 ], [ -113.284905493914508, 53.654993618483019 ], [ -113.284898420923554, 53.654983505689522 ], [ -113.284894100937294, 53.654977328109318 ], [ -113.284888910390293, 53.654969051603743 ], [ -113.284884763785399, 53.654957009031563 ], [ -113.284887611744125, 53.654947646507559 ], [ -113.284883689082875, 53.654938460108553 ], [ -113.284875744271403, 53.65492712810515 ], [ -113.28486361102658, 53.654911677986249 ], [ -113.284859577992492, 53.654905974779425 ], [ -113.28485334385428, 53.654895456335275 ], [ -113.284841309030853, 53.654866237632909 ], [ -113.284836718357766, 53.6548565709871 ], [ -113.28482973505632, 53.654843931876144 ], [ -113.28482175108239, 53.654831340703574 ], [ -113.284814507094367, 53.654821502751993 ], [ -113.28480673457608, 53.654811880001603 ], [ -113.284798759617033, 53.654802867984586 ], [ -113.284790091692457, 53.654793866205345 ], [ -113.284781711226529, 53.654786291313975 ], [ -113.284771950202654, 53.654779312929897 ], [ -113.284762765297998, 53.654774402058798 ], [ -113.284753637884734, 53.654770473694605 ], [ -113.284744426540868, 53.654767393101885 ], [ -113.284730416183805, 53.654763828253429 ], [ -113.284723160199832, 53.654761760374342 ], [ -113.284711122697843, 53.654756208833803 ], [ -113.284705403809127, 53.654751267443579 ], [ -113.28470022168959, 53.654747322207001 ], [ -113.284685434887038, 53.6547411935166 ], [ -113.284672234841992, 53.654732474668847 ], [ -113.28465855254592, 53.654718646223813 ], [ -113.284648713641587, 53.654710641168862 ], [ -113.284633276538401, 53.654699233834812 ], [ -113.284618633219907, 53.654687490673801 ], [ -113.284611264776487, 53.654673929087267 ], [ -113.284606704180959, 53.654664455809744 ], [ -113.284603860535839, 53.654654441053019 ], [ -113.284603999068665, 53.65464831346349 ], [ -113.284606408313948, 53.654639045372683 ], [ -113.284606148673205, 53.65463034721995 ], [ -113.284602879677806, 53.654625264106414 ], [ -113.284592624318236, 53.654615144860415 ], [ -113.284587125573537, 53.654605869059225 ], [ -113.284585621112484, 53.654598059367899 ], [ -113.284584412811753, 53.654590268519385 ], [ -113.284578885886589, 53.654577654269275 ], [ -113.284561144670818, 53.65456502095406 ], [ -113.284530785384476, 53.654543161847819 ], [ -113.284517586636099, 53.654534818602897 ], [ -113.284507971227271, 53.654528179837122 ], [ -113.284501475182154, 53.65452188140754 ], [ -113.284496463659849, 53.654515635879662 ], [ -113.284485325098586, 53.654501757016902 ], [ -113.284471137498542, 53.654488030665597 ], [ -113.284462696934156, 53.654478830732408 ], [ -113.284457727867377, 53.654470882619144 ], [ -113.284452257444343, 53.654458239945434 ], [ -113.284447867610965, 53.654445564190866 ], [ -113.284443531255064, 53.654429194631874 ], [ -113.284440612760235, 53.654421637979205 ], [ -113.284420055704913, 53.654387264281901 ], [ -113.284395818915897, 53.654343751444657 ], [ -113.284386695872612, 53.654325638756511 ], [ -113.284382453817045, 53.654315582388101 ], [ -113.284379168891533, 53.654305994516307 ], [ -113.284379254139893, 53.654295423056048 ], [ -113.284382344728272, 53.654284956721149 ], [ -113.284383402150169, 53.654280217560895 ], [ -113.284383528509522, 53.654275257173268 ], [ -113.284382050199255, 53.654266888709067 ], [ -113.284378835622846, 53.654254486858164 ], [ -113.284376419212393, 53.65424211493815 ], [ -113.284376438941223, 53.654236573420867 ], [ -113.284377472278862, 53.654224324558442 ], [ -113.284376793165222, 53.654219229959125 ], [ -113.284370519715424, 53.654199345197597 ], [ -113.284359389861635, 53.65416959718668 ], [ -113.284347365609918, 53.654140232920433 ], [ -113.284340149518627, 53.654121080269462 ], [ -113.284335987523875, 53.654111568027453 ], [ -113.284330738857037, 53.654102538125912 ], [ -113.284293205093334, 53.654049809772701 ], [ -113.284279383364094, 53.6540389646824 ], [ -113.284259314411244, 53.654014550304851 ], [ -113.28425548691142, 53.654009671417974 ], [ -113.284241571384854, 53.653994095558325 ], [ -113.284227178441114, 53.653978665111225 ], [ -113.284208246604379, 53.653961420223162 ], [ -113.284197390537358, 53.653949273714453 ], [ -113.284190124082983, 53.65393970786284 ], [ -113.284181022697737, 53.653924791589368 ], [ -113.284177448090816, 53.653917307387573 ], [ -113.284174535474889, 53.653909854999704 ], [ -113.284172783203147, 53.653900785787485 ], [ -113.284168329805368, 53.653888388205566 ], [ -113.284165638573356, 53.653882064877735 ], [ -113.284161926046608, 53.653873346978479 ], [ -113.284157032810356, 53.653860840732285 ], [ -113.284154390724922, 53.6538515271737 ], [ -113.284153561610168, 53.653845556444303 ], [ -113.284152880721024, 53.653827710768972 ], [ -113.284150005130456, 53.653814858944067 ], [ -113.284143746988562, 53.653795508924475 ], [ -113.284141444359591, 53.653786694318008 ], [ -113.284140377479787, 53.653775740355968 ], [ -113.284141331523841, 53.653769871943936 ], [ -113.28414270404717, 53.653764748273368 ], [ -113.284146848232524, 53.653754324186416 ], [ -113.284149351578392, 53.653747093780886 ], [ -113.284150511048196, 53.653740617349456 ], [ -113.284151359620182, 53.653720705961703 ], [ -113.284151254148838, 53.653709073916637 ], [ -113.284151180164159, 53.653700851329454 ], [ -113.284148337390491, 53.653679098217673 ], [ -113.284147867937605, 53.653671629883178 ], [ -113.284148582237762, 53.653663930498105 ], [ -113.284151887443599, 53.653651867749097 ], [ -113.284158389980973, 53.653634377730484 ], [ -113.284160991018723, 53.653625487304915 ], [ -113.284162216579674, 53.65361644847524 ], [ -113.284162854167619, 53.653569702877881 ], [ -113.284162535693895, 53.653554393406587 ], [ -113.284161890791395, 53.653523351178059 ], [ -113.284160003281258, 53.653486281831896 ], [ -113.284157355643075, 53.653449795622251 ], [ -113.284155976743605, 53.653442974230373 ], [ -113.284152963304393, 53.653434332397218 ], [ -113.284151034338805, 53.653428105282458 ], [ -113.284150180822991, 53.653422682549731 ], [ -113.284150978502481, 53.653417918474467 ], [ -113.284156189245991, 53.653405249782438 ], [ -113.284156693861163, 53.653395641425988 ], [ -113.284156319565838, 53.653381037916262 ], [ -113.284156846234282, 53.653366466750803 ], [ -113.284159970519951, 53.653348652809235 ], [ -113.284163009996405, 53.653338791825945 ], [ -113.28416739896501, 53.65332954096916 ], [ -113.28417162451764, 53.653323775684299 ], [ -113.284184728107732, 53.653308421549411 ], [ -113.284204388796198, 53.653273422886173 ], [ -113.284212368759285, 53.653251664383156 ], [ -113.284207908780814, 53.653243230464994 ], [ -113.284212801617883, 53.65323896892302 ], [ -113.284221377249935, 53.653186508085817 ], [ -113.284223502473893, 53.65317936258149 ], [ -113.28422819475459, 53.653168902229233 ], [ -113.284230304286012, 53.65316339746569 ], [ -113.284231476300377, 53.653157875415971 ], [ -113.284232566538179, 53.653143428929013 ], [ -113.284235894302398, 53.653099310726944 ], [ -113.28423863781822, 53.653074772116135 ], [ -113.284243542151714, 53.653063936519423 ], [ -113.284255604467802, 53.653048612095652 ], [ -113.284258372390326, 53.653044064676671 ], [ -113.284261123918427, 53.653037627413994 ], [ -113.284264720542794, 53.653025768586758 ], [ -113.284269168764069, 53.653008640096296 ], [ -113.284272345998332, 53.652999841174172 ], [ -113.284276553226348, 53.652991672033828 ], [ -113.284281328505216, 53.652985865101144 ], [ -113.284290043568234, 53.652977944858833 ], [ -113.284294300935827, 53.652973781056204 ], [ -113.284298164985699, 53.652968816051327 ], [ -113.284312061137186, 53.652945505984846 ], [ -113.28432304865143, 53.652927013871974 ], [ -113.284329173437001, 53.652916456043549 ], [ -113.28434555669844, 53.652888206883581 ], [ -113.284348518342185, 53.65288249064939 ], [ -113.284357429786354, 53.652865294479248 ], [ -113.28436938753336, 53.652841580134201 ], [ -113.284374189939101, 53.652836134595169 ], [ -113.284390714275403, 53.652824918245088 ], [ -113.284399101507205, 53.652817328515674 ], [ -113.284403507913581, 53.6528037366406 ], [ -113.284406094044385, 53.652787323979346 ], [ -113.284406819985648, 53.652775449788123 ], [ -113.284407089849736, 53.652770946743274 ], [ -113.284407083557454, 53.652761671406111 ], [ -113.28440745434051, 53.652752280606535 ], [ -113.284416395971817, 53.652669610270166 ], [ -113.284415755417001, 53.652663579563914 ], [ -113.284411604151273, 53.652650136031987 ], [ -113.284411138050558, 53.652645504582459 ], [ -113.284412249275249, 53.652637853395234 ], [ -113.284415433186666, 53.652626602242499 ], [ -113.284416795160439, 53.652620846792516 ], [ -113.284417411019092, 53.652614847857116 ], [ -113.284417080145317, 53.652592940824128 ], [ -113.28441622826557, 53.652571252630374 ], [ -113.28441499079392, 53.65254777123176 ], [ -113.284417140735115, 53.652540680685441 ], [ -113.284420803450686, 53.652532327667736 ], [ -113.284423616274125, 53.652525036203208 ], [ -113.284424809329735, 53.652518894246185 ], [ -113.284425879910415, 53.652487917080826 ], [ -113.284425841026234, 53.652457073465662 ], [ -113.284424180375396, 53.652432410580708 ], [ -113.2844244922928, 53.652424173225064 ], [ -113.284426410077216, 53.652411140677856 ], [ -113.28443507534304, 53.652363990154392 ], [ -113.284436710438115, 53.652358629920911 ], [ -113.284440759858626, 53.652350573952681 ], [ -113.284449728498629, 53.652335529353422 ], [ -113.284451732995123, 53.652330953105213 ], [ -113.284454267824046, 53.652320872535945 ], [ -113.284455307937307, 53.652315454830813 ], [ -113.284456637987205, 53.652297380346958 ], [ -113.284455113254097, 53.652275498527821 ], [ -113.284452646849886, 53.652261796385268 ], [ -113.284448124144376, 53.652242330944212 ], [ -113.284446110895999, 53.652231166446846 ], [ -113.284445269890014, 53.652215892490013 ], [ -113.284445375812638, 53.652200078744848 ], [ -113.284445916239861, 53.652180132260845 ], [ -113.284446952702268, 53.652154473675211 ], [ -113.284448834052398, 53.652128227065752 ], [ -113.284450450694891, 53.652122616013564 ], [ -113.284454173441475, 53.652115002897041 ], [ -113.28445676127977, 53.65210706130101 ], [ -113.284459832971876, 53.652040617752782 ], [ -113.28446214411241, 53.652019895579244 ], [ -113.284463811283956, 53.652004957409524 ], [ -113.284464457577727, 53.651992961430146 ], [ -113.284464672315153, 53.651980279040721 ], [ -113.284465365133144, 53.651939361150717 ], [ -113.284466365455373, 53.651920749132415 ], [ -113.284470788014573, 53.651879932607365 ], [ -113.284472385512956, 53.651865178232889 ], [ -113.284472792790424, 53.651847466657188 ], [ -113.28447339332736, 53.651821467593045 ], [ -113.284475457779777, 53.651806202012359 ], [ -113.28447865556754, 53.651790999815866 ], [ -113.284489983643809, 53.651737005320022 ], [ -113.284492323040624, 53.651720955110953 ], [ -113.284494440098953, 53.65170383244751 ], [ -113.284496884068005, 53.651692593942656 ], [ -113.284502063199625, 53.651675162488608 ], [ -113.284506638405759, 53.651657666320872 ], [ -113.284506818787619, 53.651651836413556 ], [ -113.284505295111003, 53.651642667027495 ], [ -113.284504792095433, 53.651638161160285 ], [ -113.284507454409052, 53.651625461046663 ], [ -113.284514064291869, 53.651610804916743 ], [ -113.284525194014961, 53.651590140828652 ], [ -113.28452979840273, 53.651579943225741 ], [ -113.284533098697551, 53.651568868888347 ], [ -113.284537426380965, 53.65154142289088 ], [ -113.284551972613215, 53.651476461390182 ], [ -113.284553721983457, 53.651464526814948 ], [ -113.284554977228581, 53.65144666754356 ], [ -113.284556608592524, 53.651428748516452 ], [ -113.284578406832154, 53.651276883152406 ], [ -113.284583871500786, 53.651267328690054 ], [ -113.284596000826554, 53.651254172940284 ], [ -113.284598080706289, 53.651249607023942 ], [ -113.284606527791425, 53.651204060966528 ], [ -113.28461154382704, 53.651183480752358 ], [ -113.284616857566675, 53.651162915795574 ], [ -113.284628448869711, 53.651126321459259 ], [ -113.28463306845066, 53.651111736999738 ], [ -113.284635611191149, 53.6510997523485 ], [ -113.284636509474851, 53.651093596046614 ], [ -113.284638229026655, 53.651081812255349 ], [ -113.284641562270636, 53.651063872842023 ], [ -113.284655867061133, 53.651013691776924 ], [ -113.284664187167465, 53.650976087640416 ], [ -113.284672706915941, 53.650928117600245 ], [ -113.284675648413554, 53.650918219173001 ], [ -113.284684575538918, 53.650896757435504 ], [ -113.284686789188626, 53.650889469572391 ], [ -113.284687753446264, 53.650880397721821 ], [ -113.284686764780616, 53.650860171620316 ], [ -113.284687392590726, 53.650853105221941 ], [ -113.284690357332721, 53.650843441466549 ], [ -113.284698295206823, 53.650823680250575 ], [ -113.284699601275747, 53.650815502747164 ], [ -113.284703130420439, 53.650745773053295 ], [ -113.284705325656034, 53.650702397485261 ], [ -113.284706286527481, 53.650697099715082 ], [ -113.284707989889142, 53.65069261511654 ], [ -113.284712809275462, 53.650684093771872 ], [ -113.284720156268719, 53.650672700339641 ], [ -113.284723074161903, 53.650667322603773 ], [ -113.284725230934569, 53.650661428121523 ], [ -113.284727240685498, 53.650650547353166 ], [ -113.284728845548983, 53.65063803051941 ], [ -113.284731623668662, 53.650623842118137 ], [ -113.284737941000614, 53.650605009351729 ], [ -113.284742350743841, 53.650590842378953 ], [ -113.284743790174161, 53.650586223211029 ], [ -113.284746195367092, 53.650575659312956 ], [ -113.284750014092538, 53.650558878389305 ], [ -113.284762558236309, 53.650498496717354 ], [ -113.284770710856492, 53.650453707299164 ], [ -113.284778048341437, 53.650409178995204 ], [ -113.284781067216556, 53.650395240941442 ], [ -113.284784791836472, 53.65038249953961 ], [ -113.28479173620839, 53.650363254465638 ], [ -113.284799813246721, 53.650344467252012 ], [ -113.284809308629505, 53.650326327411385 ], [ -113.284811585992628, 53.650321974738972 ], [ -113.284815658336328, 53.650311654432265 ], [ -113.284822694548438, 53.650288500115764 ], [ -113.28482790634412, 53.650277342833505 ], [ -113.284834265121148, 53.650270087813666 ], [ -113.28484536385028, 53.650259716020791 ], [ -113.28484997994768, 53.650254533535588 ], [ -113.284853234074433, 53.650249036494202 ], [ -113.284859451207964, 53.650232900705873 ], [ -113.284867236708607, 53.650208814525378 ], [ -113.284873552311154, 53.650184087852345 ], [ -113.284878552021922, 53.650157842780331 ], [ -113.284884046996623, 53.650131646494451 ], [ -113.28488959026555, 53.650112785732205 ], [ -113.284896527500379, 53.650093331236164 ], [ -113.28491213152067, 53.650057771753488 ], [ -113.284919727889601, 53.650034848120754 ], [ -113.284926435539433, 53.650011976689882 ], [ -113.284931796548875, 53.649990924060887 ], [ -113.28493673944358, 53.649969821308922 ], [ -113.284938094974308, 53.649961219061645 ], [ -113.284938707520695, 53.649942536424859 ], [ -113.284938429961869, 53.649923094550417 ], [ -113.28493941482057, 53.649911548985969 ], [ -113.284941755983596, 53.649900294579233 ], [ -113.284945702530393, 53.649888465672895 ], [ -113.284951721970856, 53.649874265171889 ], [ -113.28495436693936, 53.649868028539785 ], [ -113.284968659795496, 53.649837637128996 ], [ -113.284975563735003, 53.649822380667509 ], [ -113.284981777496029, 53.649806884651902 ], [ -113.284991865150758, 53.649777326283989 ], [ -113.284997754954333, 53.64976399215108 ], [ -113.285008173382323, 53.649744383210319 ], [ -113.285013404271268, 53.649734057234269 ], [ -113.285017744028693, 53.649723837362359 ], [ -113.285020805493289, 53.649714168783419 ], [ -113.285023565623888, 53.649699067293042 ], [ -113.285024163903259, 53.64968506984745 ], [ -113.285020868487337, 53.649653137444105 ], [ -113.28502074861008, 53.649642163977148 ], [ -113.28502067290475, 53.649634748314007 ], [ -113.28502148435733, 53.649616553902504 ], [ -113.285022365399087, 53.64961042804574 ], [ -113.28502556981843, 53.649599818591945 ], [ -113.285031667543066, 53.649584205062958 ], [ -113.285034388775429, 53.649575693640145 ], [ -113.28503574436381, 53.649567443641111 ], [ -113.285035135035073, 53.64956215715884 ], [ -113.285030901396112, 53.64954983369806 ], [ -113.285030722847736, 53.64953115262584 ], [ -113.285031649708955, 53.649519904148789 ], [ -113.285034395088374, 53.649503080860434 ], [ -113.285039051639359, 53.64948656012934 ], [ -113.285045017070587, 53.649473311811825 ], [ -113.285049390966833, 53.649465631573591 ], [ -113.285056060876983, 53.649453922263497 ], [ -113.285061124474311, 53.64944409490522 ], [ -113.285064917387217, 53.649434190767366 ], [ -113.285067682217019, 53.649422832852935 ], [ -113.285070337946365, 53.649408625738751 ], [ -113.285072783478327, 53.649397098778806 ], [ -113.285075378355273, 53.64938836644442 ], [ -113.285099519067529, 53.649319140801147 ], [ -113.28510636040231, 53.649300245543515 ], [ -113.285113671241007, 53.649278092983657 ], [ -113.28512319139152, 53.649241119597143 ], [ -113.285134515983387, 53.649195287843988 ], [ -113.285154843149044, 53.649113033144545 ], [ -113.285156506066485, 53.64910816100253 ], [ -113.285159358340465, 53.649102986844554 ], [ -113.285173073455653, 53.649082853920092 ], [ -113.285176542162787, 53.64907664466535 ], [ -113.285184352717479, 53.649059191145142 ], [ -113.285194647698475, 53.649033183448161 ], [ -113.285199029567622, 53.649020108981709 ], [ -113.285202777965068, 53.649007019950048 ], [ -113.285206977321394, 53.648989712906456 ], [ -113.285211700338436, 53.648963620722931 ], [ -113.285213058400473, 53.648950481476682 ], [ -113.285213559813343, 53.648937467412622 ], [ -113.285211050417132, 53.648858695908338 ], [ -113.285211086562128, 53.648839299036752 ], [ -113.28521171802376, 53.648819847310463 ], [ -113.28521585831399, 53.64880164940508 ], [ -113.285216214430676, 53.648788730623025 ], [ -113.285214809091642, 53.648769520140888 ], [ -113.285214427670056, 53.64876122023076 ], [ -113.285214807686316, 53.648750286589305 ], [ -113.285218978718618, 53.648730896430621 ], [ -113.285219773125164, 53.648714597950573 ], [ -113.28521933734001, 53.648678033285123 ], [ -113.285220066368169, 53.648666047674261 ], [ -113.28522174958951, 53.648655323098126 ], [ -113.28522537792702, 53.648639672350399 ], [ -113.285228435325948, 53.648623886999154 ], [ -113.285228970368578, 53.648610046427017 ], [ -113.285227496464245, 53.648590060945594 ], [ -113.28522700773145, 53.648580057555634 ], [ -113.285227463207818, 53.648570027453061 ], [ -113.285232875096099, 53.648556141411461 ], [ -113.285233552877301, 53.648537079951261 ], [ -113.285232070536622, 53.648520633988021 ], [ -113.285229832616963, 53.648508890358698 ], [ -113.285225414864399, 53.64849162712099 ], [ -113.285223804857836, 53.648482909217684 ], [ -113.285223325266102, 53.648474154031646 ], [ -113.28522514599851, 53.648463883168347 ], [ -113.285227498062909, 53.648453673885712 ], [ -113.285230725172639, 53.648426779308785 ], [ -113.285232261094208, 53.648399991452983 ], [ -113.285231818076824, 53.648391130450896 ], [ -113.285229103965605, 53.648375617963524 ], [ -113.285225638598106, 53.64836169060704 ], [ -113.285223338755472, 53.648352446501107 ], [ -113.285221052127696, 53.648340811310575 ], [ -113.285220013595023, 53.648329155714592 ], [ -113.28522074192891, 53.64831631643289 ], [ -113.28522197873535, 53.648307752111165 ], [ -113.285223517272669, 53.648297085977973 ], [ -113.285224570982933, 53.648287453929925 ], [ -113.285224723502395, 53.648277809313022 ], [ -113.285222229014082, 53.648242424791263 ], [ -113.285218239202806, 53.648207013370246 ], [ -113.285214931010628, 53.648181825748502 ], [ -113.285212672872717, 53.648169222041226 ], [ -113.285209485393452, 53.6481567502708 ], [ -113.285200749227144, 53.648131558099415 ], [ -113.285191194026169, 53.648106593773754 ], [ -113.285170848853767, 53.648056079051926 ], [ -113.285169635879015, 53.648051161882272 ], [ -113.285169563913712, 53.648042450464466 ], [ -113.285171554816841, 53.648028824361738 ], [ -113.285172068557955, 53.648022592970953 ], [ -113.285171522979979, 53.648016130606671 ], [ -113.285168853046599, 53.648004983759243 ], [ -113.28516347858293, 53.647988223410877 ], [ -113.285156911157856, 53.647971533218865 ], [ -113.285147577054389, 53.647955497758872 ], [ -113.285145777725816, 53.647943757643972 ], [ -113.285144313728253, 53.647923011107586 ], [ -113.2851443342294, 53.647907312760161 ], [ -113.28514725858102, 53.647860762286385 ], [ -113.285149083880654, 53.647840831544769 ], [ -113.285151843149293, 53.647820673643061 ], [ -113.285155793150352, 53.647810592516073 ], [ -113.28515547464545, 53.647805190951743 ], [ -113.285153582793257, 53.647797222589787 ], [ -113.285152343116536, 53.647789055937551 ], [ -113.285155230073258, 53.64774095965452 ], [ -113.285155320307197, 53.647724983158227 ], [ -113.285154218427195, 53.647706165372846 ], [ -113.285152117499777, 53.647687309273088 ], [ -113.285148142950362, 53.647666740045921 ], [ -113.285145057136091, 53.647650764355546 ], [ -113.285141808866115, 53.647615332194995 ], [ -113.285138078051503, 53.647583840191892 ], [ -113.285134746617786, 53.64756799063511 ], [ -113.285132371272738, 53.647560173944157 ], [ -113.285129423609703, 53.647552484132362 ], [ -113.285124855256967, 53.647544490802808 ], [ -113.285115740783382, 53.647533091608054 ], [ -113.285106960329912, 53.647521616229156 ], [ -113.285093105551283, 53.647499336385252 ], [ -113.285080760351661, 53.647476866065297 ], [ -113.285075273195474, 53.647464181069516 ], [ -113.285069072962628, 53.647444834118133 ], [ -113.2850643426532, 53.647425405185544 ], [ -113.285063321540846, 53.647415405802604 ], [ -113.285063693053402, 53.647399611602836 ], [ -113.285063176124979, 53.647391903954386 ], [ -113.285061196507172, 53.647384298099013 ], [ -113.285052625350019, 53.647365280252465 ], [ -113.285042625130899, 53.647346522551757 ], [ -113.285029482545895, 53.647323451695016 ], [ -113.285018775185662, 53.647302510674137 ], [ -113.285009154295523, 53.647281267921933 ], [ -113.285000265571512, 53.647259389740952 ], [ -113.284988182213255, 53.647226365166929 ], [ -113.284977987298831, 53.647193193716511 ], [ -113.284967161930822, 53.647152054243534 ], [ -113.284958168677761, 53.647115438460176 ], [ -113.284955971255727, 53.647103991601149 ], [ -113.284954717896767, 53.647092614180544 ], [ -113.284954551203782, 53.647085303106536 ], [ -113.284955777917816, 53.647073849739343 ], [ -113.284959027038752, 53.647062017561169 ], [ -113.284967776236186, 53.64703993020462 ], [ -113.284977165967646, 53.647018420875554 ], [ -113.284987882655827, 53.64699508723303 ], [ -113.284999023468231, 53.646971892708891 ], [ -113.285003089102077, 53.646965075976887 ], [ -113.285010188640157, 53.64695530390847 ], [ -113.285013628376902, 53.646950261759905 ], [ -113.285016822214232, 53.646944467815125 ], [ -113.285020748546614, 53.646932921838349 ], [ -113.285024200939716, 53.646915955395805 ], [ -113.285026156084427, 53.646907482527652 ], [ -113.285029069701508, 53.646899031557851 ], [ -113.285059009946067, 53.646831893822522 ], [ -113.285081115300628, 53.646777138676029 ], [ -113.285094881970096, 53.646750606261563 ], [ -113.285102459357319, 53.646730640671429 ], [ -113.285124045422961, 53.646673765323378 ], [ -113.285142676173749, 53.646624675733904 ], [ -113.285154791728104, 53.646592749964753 ], [ -113.285201809789413, 53.646514392743619 ], [ -113.285211556388873, 53.646498148602767 ], [ -113.285227592594083, 53.646469579125494 ], [ -113.285240132496952, 53.646444301897155 ], [ -113.285250106937625, 53.646422005271418 ], [ -113.285265688572807, 53.646382661603802 ], [ -113.285276136148909, 53.646352953483884 ], [ -113.285288347963345, 53.646314787524958 ], [ -113.285290567814044, 53.646307827670661 ], [ -113.285303954555218, 53.646263409103241 ], [ -113.285338314100869, 53.646145488353682 ], [ -113.285371377065005, 53.646027407092035 ], [ -113.285382867261518, 53.645983519047434 ], [ -113.285399077413061, 53.645917626494231 ], [ -113.285405726328435, 53.645891643732966 ], [ -113.285407505909532, 53.645884692031508 ], [ -113.285416632261004, 53.645851806662996 ], [ -113.285424271048399, 53.645828369241265 ], [ -113.28543246707369, 53.645807036961223 ], [ -113.285440341793233, 53.645788786744944 ], [ -113.285455438737841, 53.645757335222839 ], [ -113.285480239576373, 53.645710984478249 ], [ -113.28550628724004, 53.645665038348568 ], [ -113.285531083633586, 53.645622343954379 ], [ -113.285550576167793, 53.645590302213606 ], [ -113.285561431049189, 53.645573246933715 ], [ -113.285565492114799, 53.645566865973557 ], [ -113.285589505377288, 53.645531308037761 ], [ -113.285614852268381, 53.645496656650813 ], [ -113.285645914712759, 53.645457588613951 ], [ -113.285670315216876, 53.645428550490465 ], [ -113.285746248371794, 53.645342116448838 ], [ -113.28577782000508, 53.645306999846895 ], [ -113.285802197269518, 53.645280937708336 ], [ -113.285821201411323, 53.645261400570114 ], [ -113.28585052266466, 53.645232725141675 ], [ -113.285881198018117, 53.645204729034177 ], [ -113.285886710565336, 53.645200242874026 ], [ -113.285902971234023, 53.645189840663008 ], [ -113.28590929046814, 53.645186301940711 ], [ -113.285929563325652, 53.645176523918678 ], [ -113.285962605166375, 53.645161430470338 ], [ -113.285978152388751, 53.645153332487872 ], [ -113.285991854453059, 53.645144794868997 ], [ -113.286019635109028, 53.64512422902839 ], [ -113.286038742858153, 53.645108933847666 ], [ -113.28606706886994, 53.645084370697759 ], [ -113.286093155137081, 53.645059806766163 ], [ -113.2861174457434, 53.645036169357802 ], [ -113.286135270274713, 53.6450176028087 ], [ -113.286146677145382, 53.645003927691107 ], [ -113.286154402214763, 53.644992989310644 ], [ -113.286159472562289, 53.644984147701159 ], [ -113.286164861420289, 53.64497175853532 ], [ -113.286166678563276, 53.644965617579722 ], [ -113.286167887714925, 53.644959747969565 ], [ -113.28616894657074, 53.644947106540513 ], [ -113.28616861374114, 53.644935919728532 ], [ -113.286167602731155, 53.644928086028671 ], [ -113.286166100612434, 53.644916468107596 ], [ -113.286164260949377, 53.644906480024744 ], [ -113.286160839290488, 53.644887902712377 ], [ -113.28615876476438, 53.644872926918396 ], [ -113.286158073969673, 53.644858042045506 ], [ -113.286159014893002, 53.644819787223732 ], [ -113.286160689724696, 53.644791625317922 ], [ -113.286161281412703, 53.644781662514482 ], [ -113.286163428452653, 53.644758224648747 ], [ -113.286164287166784, 53.6447517032639 ], [ -113.28616570800898, 53.644740909709498 ], [ -113.28616726818143, 53.644732701348701 ], [ -113.286168198959189, 53.644727823027466 ], [ -113.286170712090311, 53.644717900435126 ], [ -113.286175434533661, 53.644703777497185 ], [ -113.286182070888643, 53.644689155567406 ], [ -113.286190673683649, 53.644673789641871 ], [ -113.286198919216886, 53.644660504531899 ], [ -113.286209650954532, 53.644644890704846 ], [ -113.286240807607825, 53.644604113942862 ], [ -113.286254366979037, 53.644586369323989 ], [ -113.286266722296631, 53.644570879292544 ], [ -113.286279750778107, 53.644555108417777 ], [ -113.286328640264372, 53.644500543247126 ], [ -113.286351484836828, 53.644473671209809 ], [ -113.286362802811283, 53.644458978330093 ], [ -113.286372703815843, 53.644444640934829 ], [ -113.286391758251739, 53.644413665772319 ], [ -113.286405221474084, 53.64438987390843 ], [ -113.286424360631173, 53.644353608310411 ], [ -113.286442048498103, 53.644318386315767 ], [ -113.28649229434761, 53.644213986718356 ], [ -113.286509752933256, 53.644179439989848 ], [ -113.28656010638872, 53.644084325301343 ], [ -113.286611024616263, 53.643989245406907 ], [ -113.286633746819575, 53.643945850094042 ], [ -113.28664170387114, 53.643931361810502 ], [ -113.28664563554554, 53.64392420545181 ], [ -113.28665647085657, 53.643906286402576 ], [ -113.2866726482102, 53.643882677817857 ], [ -113.286686475460911, 53.643865254645434 ], [ -113.286699507604425, 53.643850140619946 ], [ -113.286723404876511, 53.643824299182093 ], [ -113.286760352282869, 53.643785947946803 ], [ -113.286778435750023, 53.643766685532071 ], [ -113.286795744801253, 53.643747161502731 ], [ -113.286829136560527, 53.643707208433582 ], [ -113.286878569651918, 53.643646853022474 ], [ -113.28690355862058, 53.64361679374931 ], [ -113.286929146277828, 53.643586921350362 ], [ -113.286946264263079, 53.643568674863786 ], [ -113.286962482172569, 53.643553134079518 ], [ -113.286992981991332, 53.643526283248249 ], [ -113.287020007705564, 53.643503223566128 ], [ -113.287039021169448, 53.643486997615845 ], [ -113.28706078753801, 53.643467147841768 ], [ -113.287081441082535, 53.643446209527092 ], [ -113.287098710713821, 53.643426675334361 ], [ -113.287126990952217, 53.643392257650603 ], [ -113.287158768819012, 53.643352288588886 ], [ -113.287168210394512, 53.643340413241184 ], [ -113.287189771402865, 53.643314707865059 ], [ -113.287212857769376, 53.643289388976982 ], [ -113.287299466909062, 53.643199243394271 ], [ -113.287326323688646, 53.643171291576628 ], [ -113.287354773670941, 53.643140777453411 ], [ -113.287390922611422, 53.643100293393076 ], [ -113.287437911769729, 53.643048649472547 ], [ -113.28749942277841, 53.642983816093654 ], [ -113.28756122436657, 53.64291913717355 ], [ -113.287625630239376, 53.64285111296666 ], [ -113.28765833795039, 53.642817383766335 ], [ -113.287692278182774, 53.642784006951196 ], [ -113.287712464509923, 53.642765449723704 ], [ -113.287730809410291, 53.642749556659254 ], [ -113.287764717652252, 53.642721841689671 ], [ -113.287869602199962, 53.642641147120685 ], [ -113.288050701091336, 53.642500617071335 ], [ -113.288125333932143, 53.642443290996624 ], [ -113.288200625720222, 53.642386154802622 ], [ -113.288248384681182, 53.642351374607387 ], [ -113.288358793603336, 53.642274864867019 ], [ -113.288395142011638, 53.642249110583599 ], [ -113.288423519904285, 53.642228186497753 ], [ -113.288471893642239, 53.642190909971902 ], [ -113.288497660190089, 53.642170596670468 ], [ -113.288543426281265, 53.64213451682518 ], [ -113.288579781169602, 53.642106566354308 ], [ -113.288617093710982, 53.642079126574018 ], [ -113.288648287505254, 53.642057638673599 ], [ -113.28866288728149, 53.642048141888694 ], [ -113.288676462671688, 53.642039311165874 ], [ -113.288727046237582, 53.642007999970097 ], [ -113.288804282960086, 53.641961450534367 ], [ -113.288842306305156, 53.641937945367744 ], [ -113.288879339973022, 53.641913940082468 ], [ -113.288907428914214, 53.641894433948238 ], [ -113.288931213490855, 53.641876943853553 ], [ -113.289012234217438, 53.641814421739895 ], [ -113.289052660941934, 53.641784397083988 ], [ -113.289075054616987, 53.641768769579066 ], [ -113.289097285306184, 53.641754200547489 ], [ -113.289127496866371, 53.641736150111846 ], [ -113.289149426052731, 53.641723951575273 ], [ -113.28916810095393, 53.641714184185481 ], [ -113.289193134552235, 53.641701091098952 ], [ -113.289215180761062, 53.641689754999248 ], [ -113.28926050557601, 53.641666452999047 ], [ -113.289293081629253, 53.641648607959908 ], [ -113.289324718224506, 53.641629615218996 ], [ -113.289376532669536, 53.6415966288832 ], [ -113.289491434252938, 53.641523479458407 ], [ -113.289623407454613, 53.64143982778193 ], [ -113.289653585675453, 53.641419864802451 ], [ -113.289754901967754, 53.641347374062654 ], [ -113.2897803298074, 53.641330142459459 ], [ -113.289800283683761, 53.641317404609509 ], [ -113.289817079635924, 53.641307306970695 ], [ -113.289841334272438, 53.641293838906336 ], [ -113.289866322177772, 53.641281368135758 ], [ -113.290254635271623, 53.641099156603708 ], [ -113.290402918246201, 53.641029863284352 ], [ -113.290476642366372, 53.640996242526242 ], [ -113.290589612439035, 53.640946790972215 ], [ -113.290713082947434, 53.640893807136536 ], [ -113.290783863895399, 53.640863433354141 ], [ -113.290844833063247, 53.640837796322067 ], [ -113.290936970104383, 53.640799930647752 ], [ -113.291030095500105, 53.640762901957565 ], [ -113.291065740546401, 53.640749429210736 ], [ -113.291108378694091, 53.640734006571535 ], [ -113.291173545426048, 53.640711603115804 ], [ -113.291272053873385, 53.640678350561458 ], [ -113.291320500659907, 53.64066144719957 ], [ -113.291368423847686, 53.640643843407936 ], [ -113.291411482562609, 53.640627223524064 ], [ -113.291486046042436, 53.64059747557242 ], [ -113.291597693308702, 53.640552382420807 ], [ -113.291653929847854, 53.640530276314969 ], [ -113.291710861635778, 53.640508818589808 ], [ -113.291846948715062, 53.640459147671038 ], [ -113.291984239003142, 53.64040966523028 ], [ -113.292238716180037, 53.640318926297589 ], [ -113.292364921479148, 53.64027414943606 ], [ -113.292428281361282, 53.640252015880087 ], [ -113.292491968565798, 53.640230197835265 ], [ -113.292525568157359, 53.640219353542278 ], [ -113.292555461019731, 53.640210435493458 ], [ -113.292608536819074, 53.640195705712841 ], [ -113.292688817374824, 53.640174374701225 ], [ -113.292728835271348, 53.640163384957511 ], [ -113.292767753096342, 53.640151987029171 ], [ -113.293030875804064, 53.640070054313853 ], [ -113.293107561524451, 53.640046646703325 ], [ -113.293223092945226, 53.640012245809096 ], [ -113.293281299716597, 53.639995567312752 ], [ -113.293339867239126, 53.639979377058346 ], [ -113.293383256518766, 53.639968043065004 ], [ -113.293426355318886, 53.639957440596383 ], [ -113.293497998868574, 53.639941110876542 ], [ -113.293552177379865, 53.639929576305434 ], [ -113.293633939858765, 53.639913070782612 ], [ -113.293716008163528, 53.639897081904124 ], [ -113.293809340105867, 53.639879830387322 ], [ -113.293949994387006, 53.63985529620507 ], [ -113.2940202295528, 53.639842783192897 ], [ -113.294089976529122, 53.639829620271499 ], [ -113.294136247427133, 53.639820195441466 ], [ -113.294216804154843, 53.639802521425537 ], [ -113.294337038745724, 53.639775153543212 ], [ -113.29439745667915, 53.639761935453919 ], [ -113.294458389728575, 53.639749561456334 ], [ -113.294511628855275, 53.639739558414583 ], [ -113.294605284496114, 53.639723075587526 ], [ -113.294675830923183, 53.639711367370836 ], [ -113.294888159774615, 53.639677857716798 ], [ -113.294939964748323, 53.639670240797869 ], [ -113.294985652471212, 53.639664209799214 ], [ -113.295065961041544, 53.639654577987883 ], [ -113.295109654948732, 53.639649502990288 ], [ -113.295186499535376, 53.639640577667087 ], [ -113.29524685208861, 53.639632886930904 ], [ -113.295306081477619, 53.63962435835132 ], [ -113.295333212454565, 53.639619599131457 ], [ -113.29535871982182, 53.639614180663877 ], [ -113.295382783291615, 53.639608298104193 ], [ -113.295404510849465, 53.639602397298802 ], [ -113.295445079211206, 53.639590149158224 ], [ -113.295516316402441, 53.639566269428279 ], [ -113.295550388509653, 53.639554848373002 ], [ -113.295582359139587, 53.639544131124431 ], [ -113.295617752334124, 53.639533191383627 ], [ -113.295644362891736, 53.639525718864377 ], [ -113.295665106087057, 53.639520447528106 ], [ -113.295696073449406, 53.639513583818761 ], [ -113.29572699739316, 53.639508055160405 ], [ -113.295750454151275, 53.639504638301077 ], [ -113.295794777799273, 53.639499234277714 ], [ -113.295833691585827, 53.639495345801095 ], [ -113.295971963713967, 53.639483956081001 ], [ -113.29600634973562, 53.63948082359925 ], [ -113.296057579344691, 53.639475223757735 ], [ -113.29608297510616, 53.639471865860322 ], [ -113.296108189632804, 53.639468040520327 ], [ -113.296237037190735, 53.639446898326746 ], [ -113.296364510509605, 53.639425005677033 ], [ -113.296454169082523, 53.639408562612786 ], [ -113.296555068726079, 53.639389564327104 ], [ -113.296586909001007, 53.639383569068158 ], [ -113.296653548711291, 53.639371396421666 ], [ -113.29672113884601, 53.639359717259332 ], [ -113.296779163333852, 53.63935031462718 ], [ -113.296866542079584, 53.63933700924084 ], [ -113.296954266750163, 53.63932453971983 ], [ -113.297281726349127, 53.639279637326069 ], [ -113.297418441155685, 53.639260711051328 ], [ -113.297600917316544, 53.639235450230807 ], [ -113.297644978312036, 53.639229350266064 ], [ -113.297812347717468, 53.639204219752571 ], [ -113.297854121401741, 53.639198359699243 ], [ -113.297885577290543, 53.639194366609757 ], [ -113.297920703997647, 53.639190588237703 ], [ -113.297933497836837, 53.639189221917412 ], [ -113.29795725506267, 53.639187175849443 ], [ -113.297980916591527, 53.639185520105038 ], [ -113.297992848404974, 53.63918489006555 ], [ -113.298029205312616, 53.639182970882665 ], [ -113.298071654539001, 53.639181319247299 ], [ -113.298146068767068, 53.639179434455542 ], [ -113.298370484434074, 53.639176353068706 ], [ -113.298399854194841, 53.639175784749327 ], [ -113.298686533348629, 53.639170239764013 ], [ -113.298725608652916, 53.639169797412009 ], [ -113.298793977380328, 53.639170015463897 ], [ -113.298818856697068, 53.639170238463066 ], [ -113.298895702002326, 53.639170925748047 ], [ -113.298928936102158, 53.63917084719975 ], [ -113.298946770433261, 53.639170805165847 ], [ -113.298997831171732, 53.639169780528867 ], [ -113.299016742136203, 53.639168916282891 ], [ -113.299034546936028, 53.639167645681766 ], [ -113.299071348750843, 53.639163786022188 ], [ -113.299095905616554, 53.639160565451753 ], [ -113.299145561110066, 53.639152729251471 ], [ -113.299195703290238, 53.639144813208759 ], [ -113.299220345361448, 53.639141103376609 ], [ -113.299257268341364, 53.639136317017773 ], [ -113.299277009539267, 53.639134259761363 ], [ -113.299296135897563, 53.639132714697411 ], [ -113.299426657898977, 53.63912378990296 ], [ -113.299650159234162, 53.639108514004 ], [ -113.299743883084204, 53.639102769383882 ], [ -113.29994961070831, 53.639092173089217 ], [ -113.300025224561452, 53.639087866137508 ], [ -113.300076448109124, 53.639084306153869 ], [ -113.300121074416552, 53.639080653664692 ], [ -113.300198916075615, 53.639073482321891 ], [ -113.300317566217615, 53.639062094198167 ], [ -113.300376393000036, 53.639056950266301 ], [ -113.300435376632748, 53.639052561144418 ], [ -113.300477540127744, 53.639050161151914 ], [ -113.300553567350519, 53.639047274267135 ], [ -113.300652073975328, 53.639044710952803 ], [ -113.300666727880696, 53.63904433018353 ], [ -113.300723236784165, 53.639042464099639 ], [ -113.300779595294856, 53.639039725472287 ], [ -113.30082357855396, 53.639036731231165 ], [ -113.300900017667772, 53.639030147011098 ], [ -113.301014763443391, 53.639019297918423 ], [ -113.301072317964412, 53.63901454699058 ], [ -113.30112984307155, 53.639010934384892 ], [ -113.30122249414157, 53.639006853734699 ], [ -113.301292117544577, 53.639004424129148 ], [ -113.301396531936021, 53.63900157478178 ], [ -113.301500945823989, 53.638999395693205 ], [ -113.301568445717066, 53.638998553038583 ], [ -113.301685849263279, 53.638998519935583 ], [ -113.301863901871812, 53.638999265446131 ], [ -113.301952915191322, 53.638998730444179 ], [ -113.301996974521401, 53.638997989895138 ], [ -113.302041011931365, 53.638996836746415 ], [ -113.302102504631151, 53.63899432422172 ], [ -113.302156148364148, 53.638991336384308 ], [ -113.302249690009447, 53.638984958825837 ], [ -113.302390628564027, 53.6389746052348 ], [ -113.302460903234518, 53.638970086812819 ], [ -113.302531501431631, 53.638966579358055 ], [ -113.302728739883833, 53.63895921859347 ], [ -113.30279394462022, 53.638957258404211 ], [ -113.302827214893242, 53.638956258822269 ], [ -113.302925431340356, 53.638954031617672 ], [ -113.303018983069933, 53.638952900420342 ], [ -113.303158971026534, 53.638952222764921 ], [ -113.303207963209559, 53.6389518187015 ], [ -113.30322870731014, 53.638951647393093 ], [ -113.303297507897909, 53.638950504014133 ], [ -113.303479432426954, 53.638945854714684 ], [ -113.303660128879443, 53.638940025327763 ], [ -113.303820739447829, 53.638933785924209 ], [ -113.303981285621646, 53.638927046311501 ], [ -113.304062182866986, 53.638923419909204 ], [ -113.3041835856299, 53.638917048240529 ], [ -113.304304432966347, 53.638909509539218 ], [ -113.304323666009637, 53.638907987656133 ], [ -113.30435965174712, 53.638904056931409 ], [ -113.304386736479245, 53.638900271269726 ], [ -113.304417018666825, 53.638895327018965 ], [ -113.30444486607702, 53.638890677731638 ], [ -113.304525715917336, 53.638875953977674 ], [ -113.304566191700289, 53.638869129736172 ], [ -113.304606926327949, 53.638863299034639 ], [ -113.30462320138821, 53.638861888420898 ], [ -113.30463778515734, 53.638861444755257 ], [ -113.304689240063794, 53.638861520761708 ], [ -113.304701682731476, 53.638860984677827 ], [ -113.304711093461677, 53.63886018566717 ], [ -113.304725265210948, 53.638858039454178 ], [ -113.304737762496046, 53.638854917524171 ], [ -113.304774798980944, 53.638843082435635 ], [ -113.304805955977699, 53.638832748894544 ], [ -113.304884592639368, 53.638806667271083 ], [ -113.304987870262579, 53.638772201872314 ], [ -113.305040007968771, 53.638755292834517 ], [ -113.305067417982954, 53.638746886529127 ], [ -113.305093260773035, 53.638739350845967 ], [ -113.30510987638479, 53.638735063939677 ], [ -113.305129034544734, 53.63873100745181 ], [ -113.30514204942709, 53.638728681045755 ], [ -113.305172777988432, 53.638724440998608 ], [ -113.30519950622238, 53.638721818563468 ], [ -113.305222933903721, 53.638720097130076 ], [ -113.305249628223535, 53.638718710056551 ], [ -113.305300666611998, 53.638716057042956 ], [ -113.305347018522042, 53.63871316115155 ], [ -113.305367515692154, 53.638711353493782 ], [ -113.305387795184714, 53.638709081792534 ], [ -113.305567590504438, 53.638686690364203 ], [ -113.305661071593789, 53.638674627070081 ], [ -113.305751787376622, 53.63866208309269 ], [ -113.305838231807158, 53.638649059590342 ], [ -113.305967691623479, 53.638628393036363 ], [ -113.306096707922748, 53.6386081164584 ], [ -113.306142057690536, 53.638601686562843 ], [ -113.30622200252121, 53.638591732458295 ], [ -113.306282087706606, 53.638584638473795 ], [ -113.306327126194887, 53.638579114286479 ], [ -113.306360836419856, 53.638574684534355 ], [ -113.306411208053746, 53.638567311352659 ], [ -113.30646071017928, 53.638558835028199 ], [ -113.306522971019305, 53.638546494044292 ], [ -113.306569350651458, 53.63853654386191 ], [ -113.306707602741554, 53.638505439023099 ], [ -113.306735581163139, 53.638498946942171 ], [ -113.306780406888464, 53.638487761096137 ], [ -113.306832342689333, 53.638474801237365 ], [ -113.306856735083642, 53.638469008140255 ], [ -113.306893841224635, 53.63846098374691 ], [ -113.30691255417716, 53.638457410537121 ], [ -113.306931339722624, 53.638454205270456 ], [ -113.307039896429345, 53.638437362279468 ], [ -113.307203235508126, 53.638413210740879 ], [ -113.307366687607214, 53.638389348083059 ], [ -113.3075795419131, 53.63835790014415 ], [ -113.307704462847539, 53.638339599323118 ], [ -113.307748165004, 53.638333196134866 ], [ -113.307792470377095, 53.638326705660319 ], [ -113.30785657654296, 53.638317977125368 ], [ -113.307904885736619, 53.638312046219205 ], [ -113.307933446729663, 53.638308834406445 ], [ -113.307977851496787, 53.638303843296136 ], [ -113.308050490226961, 53.638296218931451 ], [ -113.308119718135998, 53.638289493175648 ], [ -113.308189481054214, 53.638283244031648 ], [ -113.308223753766455, 53.638280173886244 ], [ -113.308327652966099, 53.638270410710462 ], [ -113.308383482896161, 53.638264302906911 ], [ -113.30846692263907, 53.638254428600682 ], [ -113.308508787262113, 53.638249700286849 ], [ -113.308551066324398, 53.638245425447288 ], [ -113.308624645217037, 53.638239103737362 ], [ -113.308735049207911, 53.638230721175098 ], [ -113.308845401108144, 53.638222007527091 ], [ -113.30891466744923, 53.638215597839803 ], [ -113.309018355052103, 53.638205346703415 ], [ -113.309071786132762, 53.638200382125078 ], [ -113.309123386342506, 53.638196142907177 ], [ -113.309188851407214, 53.638191761720385 ], [ -113.309287251151062, 53.638186327763272 ], [ -113.309385964202747, 53.638180595401714 ], [ -113.309504375466645, 53.638172414678053 ], [ -113.309622673155417, 53.638163685937506 ], [ -113.309651601395743, 53.63816111922786 ], [ -113.309662708448784, 53.638159854253182 ], [ -113.309701063581912, 53.638155482695893 ], [ -113.3097634314001, 53.63814797868713 ], [ -113.309774975945828, 53.638146589522421 ], [ -113.309812843936882, 53.638143066091075 ], [ -113.309831128020022, 53.638141843376097 ], [ -113.309849894217052, 53.638141005340898 ], [ -113.309932548251197, 53.63813893518202 ], [ -113.310015234521671, 53.638137390830487 ], [ -113.31005965896189, 53.638136912709513 ], [ -113.31011328739956, 53.638136334850806 ], [ -113.31016235057335, 53.638135594075315 ], [ -113.310189529515455, 53.638134683152671 ], [ -113.310211290834758, 53.638133953077016 ], [ -113.310246573326822, 53.638131995241466 ], [ -113.31025722824505, 53.638131193977941 ], [ -113.310308189724736, 53.638127352242151 ], [ -113.310415046454779, 53.638117538697635 ], [ -113.310492273915372, 53.638110445194279 ], [ -113.310512919664959, 53.638108859465596 ], [ -113.310723641861301, 53.63809267518652 ], [ -113.310757873772943, 53.638090046190655 ], [ -113.310846324716408, 53.63808279062939 ], [ -113.310864861619734, 53.638080896163721 ], [ -113.310882379771627, 53.638078607637581 ], [ -113.310915010175833, 53.638073208891633 ], [ -113.310943515920087, 53.638067517716216 ], [ -113.311021048767188, 53.638049744919449 ], [ -113.31104031776195, 53.63804532778834 ], [ -113.311064644009846, 53.638040016899488 ], [ -113.31110181926276, 53.63803287492177 ], [ -113.311120858565445, 53.638029840293619 ], [ -113.311139335210711, 53.638027373033225 ], [ -113.311264488962209, 53.638012538422466 ], [ -113.311389653312133, 53.637997976016592 ], [ -113.311486367847479, 53.637986880189565 ], [ -113.311636092532297, 53.637969700985032 ], [ -113.311769626172804, 53.637954745094717 ], [ -113.311836636467504, 53.637947820231169 ], [ -113.311903675478064, 53.637941545180027 ], [ -113.311932680273841, 53.637939645117967 ], [ -113.311951367568213, 53.637938908740075 ], [ -113.311990710893298, 53.637938362060503 ], [ -113.312050309252555, 53.637938395440898 ], [ -113.312079884411474, 53.637938054988751 ], [ -113.312109375648916, 53.637937017635302 ], [ -113.312224826504661, 53.637930981031666 ], [ -113.312285462867365, 53.637927435759714 ], [ -113.312344051896147, 53.63792351925877 ], [ -113.312497118908183, 53.637912212528754 ], [ -113.312649065904012, 53.637900224327204 ], [ -113.312956006537348, 53.637873355177533 ], [ -113.313021310391036, 53.637868509992181 ], [ -113.313119535879594, 53.637862369186145 ], [ -113.313168650970624, 53.63785915364317 ], [ -113.313217644072196, 53.637855442253958 ], [ -113.313306131985371, 53.637847529114481 ], [ -113.3133733528703, 53.637840738490446 ], [ -113.313423177803358, 53.637835242684012 ], [ -113.313497681471915, 53.63782625984809 ], [ -113.313571877938017, 53.637816359535321 ], [ -113.313678571845585, 53.637801203590257 ], [ -113.3138382378567, 53.637777800138878 ], [ -113.313997603480757, 53.637753701936283 ], [ -113.314117314404484, 53.637734713995279 ], [ -113.314270671500964, 53.637710389604401 ], [ -113.314361746263259, 53.637696399821245 ], [ -113.314436135263321, 53.637685975296542 ], [ -113.31460419936964, 53.637664556289884 ], [ -113.314660285570056, 53.637656990406342 ], [ -113.314741146574917, 53.637645407610364 ], [ -113.314861922254977, 53.637627108852136 ], [ -113.314922064086431, 53.637617462444055 ], [ -113.314981983591835, 53.637607444512255 ], [ -113.315051851596309, 53.637595041087678 ], [ -113.315104081303133, 53.63758518038324 ], [ -113.3151820496753, 53.637569573902887 ], [ -113.315259716933724, 53.63755304369036 ], [ -113.315388533685308, 53.637524250765331 ], [ -113.315452532903166, 53.637509346001956 ], [ -113.315516144454151, 53.637494007662021 ], [ -113.315711042313524, 53.637444868782886 ], [ -113.315778935466426, 53.637428613048719 ], [ -113.315881137181037, 53.637404839793298 ], [ -113.315932165846235, 53.637392739753288 ], [ -113.315983056725202, 53.637380182417679 ], [ -113.316044219430552, 53.637364219659325 ], [ -113.316135081059841, 53.637339578953231 ], [ -113.316226246199619, 53.63731533080098 ], [ -113.31648098429983, 53.63725053923779 ], [ -113.316643289716453, 53.637208327832987 ], [ -113.316738437304437, 53.637183215110191 ], [ -113.316805173726152, 53.637165600705615 ], [ -113.316875045765997, 53.637146317492494 ], [ -113.316945010113358, 53.637125902534848 ], [ -113.317030953124757, 53.637100824225328 ], [ -113.317083198376295, 53.637086095953904 ], [ -113.317103934803882, 53.637080627674152 ], [ -113.317143477022199, 53.637071268808697 ], [ -113.317178602389561, 53.637063796949377 ], [ -113.317302751112663, 53.637039258051139 ], [ -113.317314367327214, 53.637036766890958 ], [ -113.317333331684594, 53.637032699261383 ], [ -113.317356166646164, 53.637027423522497 ], [ -113.317389893502082, 53.637018816787716 ], [ -113.31742275973086, 53.637009196912089 ], [ -113.317478182177652, 53.636991146503973 ], [ -113.317490863792898, 53.636986815685262 ], [ -113.317560475095206, 53.636963039405494 ], [ -113.317642969382021, 53.636935096044212 ], [ -113.317705899715349, 53.63691511321128 ], [ -113.31775850936485, 53.636898856414291 ], [ -113.317800842030323, 53.636885774178118 ], [ -113.317847908059591, 53.636870486786869 ], [ -113.317894066149336, 53.636854305492847 ], [ -113.31790976261766, 53.636848288070382 ], [ -113.317936636932359, 53.636836954438913 ], [ -113.317975766668752, 53.636818739984705 ], [ -113.318281319175327, 53.636671508468027 ], [ -113.318414836745788, 53.636607619249098 ], [ -113.318548657591464, 53.636543931994815 ], [ -113.318578329960118, 53.636530270609512 ], [ -113.318631516939547, 53.636507316786812 ], [ -113.318712683837973, 53.636473728244773 ], [ -113.3187529170185, 53.63645671135469 ], [ -113.318792424422981, 53.636439130496143 ], [ -113.318821958484776, 53.636425128594446 ], [ -113.318872411784213, 53.636399717625793 ], [ -113.318947073612023, 53.636360689556518 ], [ -113.318984603444278, 53.636341495188233 ], [ -113.319022962617964, 53.636322814130921 ], [ -113.319070937310244, 53.636300796454371 ], [ -113.319144331862475, 53.636268708995914 ], [ -113.319218623560829, 53.636237050731566 ], [ -113.319233412923438, 53.636231377531303 ], [ -113.319259706658656, 53.63622300117482 ], [ -113.319278826637429, 53.636217309461841 ], [ -113.319294309751982, 53.636212402208024 ], [ -113.319305362039245, 53.636208477982898 ], [ -113.319320849286086, 53.636201904752774 ], [ -113.319327966310638, 53.636198234917586 ], [ -113.319334440754773, 53.63619437631764 ], [ -113.319353265644935, 53.636181841906108 ], [ -113.319384998893909, 53.636159127904122 ], [ -113.319430178155244, 53.636124202937268 ], [ -113.319474509896978, 53.636088947843909 ], [ -113.319657420486308, 53.635944974802243 ], [ -113.319671836499879, 53.635934304132682 ], [ -113.319686543701408, 53.635924517537134 ], [ -113.319701777441949, 53.635915271292191 ], [ -113.319707440915963, 53.635912099982306 ], [ -113.31971600171984, 53.635907306996558 ], [ -113.319743871336414, 53.635893059977484 ], [ -113.319769283721726, 53.635881178471003 ], [ -113.31981556926209, 53.635861096358376 ], [ -113.319852947831762, 53.635845331697347 ], [ -113.31986130525253, 53.6358418072615 ], [ -113.319884838492129, 53.635831881181765 ], [ -113.3199188518809, 53.635816648221109 ], [ -113.319951768902811, 53.635800485266387 ], [ -113.3200841530643, 53.635731529556331 ], [ -113.320147742959477, 53.635697705423929 ], [ -113.320162253162735, 53.635689721132906 ], [ -113.32021159422311, 53.635662570792277 ], [ -113.320253525707201, 53.635638296997975 ], [ -113.320312237266663, 53.635602432224097 ], [ -113.320370708005257, 53.63556527027928 ], [ -113.320396309834393, 53.635548445641902 ], [ -113.320439798153771, 53.635518449377003 ], [ -113.320504441571401, 53.635472751600481 ], [ -113.320537197178027, 53.635450230902791 ], [ -113.320570855040515, 53.635428202355754 ], [ -113.320597035596634, 53.635412236423164 ], [ -113.320620643477284, 53.635398674005849 ], [ -113.320705932685769, 53.635352385191794 ], [ -113.320747682390603, 53.635329225350489 ], [ -113.320761652744054, 53.635321042928538 ], [ -113.320768127366833, 53.635317250748294 ], [ -113.320788075849691, 53.635304934555109 ], [ -113.320832530406079, 53.635276216939964 ], [ -113.320898145112025, 53.635232502270703 ], [ -113.320962890695071, 53.635188292900956 ], [ -113.321042700744215, 53.635133188096269 ], [ -113.321081451781367, 53.635105041897127 ], [ -113.321100214200527, 53.635090685403341 ], [ -113.321106213619885, 53.635085881386907 ], [ -113.321118416135889, 53.635076111862375 ], [ -113.321139272439822, 53.635058373240575 ], [ -113.321175626723573, 53.635024870369186 ], [ -113.321242154633353, 53.634960010441461 ], [ -113.321249256568066, 53.634953112650706 ], [ -113.321274468108683, 53.634929662063435 ], [ -113.321364368907012, 53.634846045199588 ], [ -113.321387657895798, 53.634825279476935 ], [ -113.321405691738903, 53.634809955510455 ], [ -113.321433815379848, 53.634787617683685 ], [ -113.321448470381938, 53.634776793596529 ], [ -113.321457729001054, 53.634770321371903 ], [ -113.321463508962964, 53.634766279900049 ], [ -113.321548663848972, 53.634709472560047 ], [ -113.321725707157029, 53.634593023938059 ], [ -113.321738517072092, 53.634584015307951 ], [ -113.32174927704223, 53.63457565193562 ], [ -113.321767016024282, 53.634560126755844 ], [ -113.321779205755774, 53.634548118689324 ], [ -113.321796032656422, 53.634529788313387 ], [ -113.321811572840815, 53.634511272723628 ], [ -113.3218413406547, 53.634473874664131 ], [ -113.321862963480982, 53.634445634774849 ], [ -113.321894087967436, 53.634403015458297 ], [ -113.321923517456483, 53.634360023499944 ], [ -113.321951063032714, 53.634317125999388 ], [ -113.321980971125171, 53.634268982391802 ], [ -113.322011226790863, 53.634220279122623 ], [ -113.32203196488625, 53.634188173823887 ], [ -113.322045502005039, 53.634168687158848 ], [ -113.322068911329112, 53.634138013168403 ], [ -113.322110748791872, 53.634084829464953 ], [ -113.322129327679363, 53.634059330080383 ], [ -113.322137919137845, 53.634046453327073 ], [ -113.322145899677793, 53.634033488645805 ], [ -113.322157937116174, 53.634011817975448 ], [ -113.322162707212556, 53.634003232842545 ], [ -113.322176246377765, 53.633976442386945 ], [ -113.322198020875859, 53.633929182716351 ], [ -113.322228702444079, 53.633858120244113 ], [ -113.322238857978689, 53.633835286011866 ], [ -113.322244465093178, 53.633822678107755 ], [ -113.322261291635456, 53.633787453162405 ], [ -113.322277150679909, 53.633758256808576 ], [ -113.322279730186054, 53.633753998588581 ], [ -113.322292480088734, 53.633732956461706 ], [ -113.322320784357572, 53.633688989346673 ], [ -113.3223418909825, 53.633655743963558 ], [ -113.322356642391981, 53.633630750351891 ], [ -113.322366773943827, 53.633611858112687 ], [ -113.322373820210032, 53.633597275147501 ], [ -113.322382858963294, 53.633575627017613 ], [ -113.322389931059789, 53.633554053121536 ], [ -113.322396368369155, 53.633527842471345 ], [ -113.322400840509985, 53.633504727143354 ], [ -113.322406746825052, 53.633464287814895 ] ], [ [ -113.354958867114149, 53.635861733709376 ], [ -113.355035915863667, 53.635922878502306 ], [ -113.354904078928655, 53.63581825386639 ], [ -113.354958867114149, 53.635861733709376 ] ], [ [ -113.34434721827769, 53.628606161733849 ], [ -113.344347291824889, 53.628073244687307 ], [ -113.34434725630264, 53.628329480800979 ], [ -113.34434721827769, 53.628606161733849 ] ] ] } }
]
}
