account_number,neighbourhood_name,assessed_value,latitude,longitude,house_number,street_name,acquitted
1044890,RAMSAY HEIGHTS,215500,53.48023370488944,-113.57949971146672,14942,43 AVENUE NW,False
1115351,RIVERVIEW AREA,979000,53.43184896789173,-113.6654375209686,19903,QUADRANT AVENUE SW,False
1188333,RAMSAY HEIGHTS,244000,53.48020887598796,-113.5784413478429,14816,43 AVENUE NW,False
1044767,RAMSAY HEIGHTS,215500,53.48023370488944,-113.57949971146672,14916,43 AVENUE NW,False
1069780,HERITAGE VALLEY TOWN CENTRE,9195000,53.40365299236928,-113.55026539430597,12150,34 AVENUE SW,False
1188606,RAMSAY HEIGHTS,242000,53.48020887598796,-113.5784413478429,14852,43 AVENUE NW,False
1278118,DALY GROVE,72500,53.44798111954748,-113.39460577652146,3404,18 AVENUE NW,False
1283910,LYMBURN,631000,53.50599347975166,-113.64262214857068,7204,184 STREET NW,False
1069947,GLENRIDDING RAVINE,12500,53.401298840877885,-113.61146034230418,3611,170 STREET SW,False
1067057,ALCES,20500,53.43056768613051,-113.36278782868736,103,17 STREET SW,True
1110816,GRANVILLE,831500,53.505266674414976,-113.68779386088865,7003,WINTERBURN ROAD NW,False
1044809,RAMSAY HEIGHTS,226500,53.48023370488944,-113.57949971146672,14924,43 AVENUE NW,False
1071299,WINDERMERE,1589000,53.44402651550928,-113.62459618557558,172,WINDERMERE DRIVE NW,False
1044858,RAMSAY HEIGHTS,245500,53.48023370488944,-113.57949971146672,14934,43 AVENUE NW,False
1188788,RAMSAY HEIGHTS,242500,53.48068144909791,-113.57916171821272,4341,RIVERBEND ROAD NW,False
1188408,RAMSAY HEIGHTS,282500,53.48020887598796,-113.5784413478429,14826,43 AVENUE NW,False
1044726,RAMSAY HEIGHTS,257500,53.48023370488944,-113.57949971146672,14908,43 AVENUE NW,False
1278027,DALY GROVE,54000,53.44798111954748,-113.39460577652146,3404,18 AVENUE NW,False
1188739,RAMSAY HEIGHTS,242500,53.48068144909791,-113.57916171821272,4335,RIVERBEND ROAD NW,False
1070325,GRAYDON HILL,1665500,53.42121316446831,-113.56151540045428,1605,141 STREET SW,True
1188572,RAMSAY HEIGHTS,234000,53.48020887598796,-113.5784413478429,14848,43 AVENUE NW,False
1277896,DALY GROVE,54000,53.44798111954748,-113.39460577652146,3404,18 AVENUE NW,False
1188457,RAMSAY HEIGHTS,237000,53.48020887598796,-113.5784413478429,14832,43 AVENUE NW,False
1188432,RAMSAY HEIGHTS,289500,53.48020887598796,-113.5784413478429,14830,43 AVENUE NW,False
1104702,RAPPERSWILL,4426500,53.63169290475966,-113.53661973092407,16810,123 STREET NW,False
1118546,WINTERBURN INDUSTRIAL AREA EAST,4665500,53.56208321234232,-113.669450714228,20220,113 AVENUE NW,False
1079276,OLIVER,165000,53.54144838018852,-113.5297256936165,10125,121 STREET NW,True
1188283,RAMSAY HEIGHTS,242000,53.48020887598796,-113.5784413478429,14810,43 AVENUE NW,False
1279926,WEST JASPER PLACE,403500,53.53223426589786,-113.5880734304452,9519,155 STREET NW,False
1188820,RAMSAY HEIGHTS,259000,53.48068144909791,-113.57916171821272,4347,RIVERBEND ROAD NW,False
1188762,RAMSAY HEIGHTS,295500,53.48068144909791,-113.57916171821272,4339,RIVERBEND ROAD NW,False
1119759,WINTERBURN INDUSTRIAL AREA WEST,2318000,53.55953314720795,-113.71257498228265,23003,112 AVENUE NW,False
1188366,RAMSAY HEIGHTS,239000,53.48020887598796,-113.5784413478429,14820,43 AVENUE NW,False
1188697,RAMSAY HEIGHTS,242500,53.48068144909791,-113.57916171821272,4329,RIVERBEND ROAD NW,False
1072073,TAMARACK,642500,53.4594751641883,-113.36089762972956,1646,TAMARACK BOULEVARD NW,True
1110766,GLASTONBURY,19500,53.504846237233735,-113.67520837697984,1080,GRANTHAM DRIVE NW,False
1278142,DALY GROVE,56500,53.44798111954748,-113.39460577652146,3404,18 AVENUE NW,False
1044825,RAMSAY HEIGHTS,260500,53.48023370488944,-113.57949971146672,14928,43 AVENUE NW,False
1110303,EDGEMONT,1386000,53.46264370669321,-113.68266033467,3021,WINTERBURN ROAD NW,True
1067214,ALCES,9000,53.425874466667466,-113.3865831727193,2704,ELLERSLIE ROAD SW,False
1264712,JASPER PARK,201500,53.52325644759746,-113.57930233549318,9001,150 STREET NW,False
1067784,ELLERSLIE INDUSTRIAL,4022000,53.40063892071971,-113.47663838960072,9504,41 AVENUE SW,True
1069806,HERITAGE VALLEY TOWN CENTRE,784000,53.40279575758445,-113.54708109879024,3304,127 STREET SW,True
1277938,DALY GROVE,54500,53.44798111954748,-113.39460577652146,3404,18 AVENUE NW,False
1044791,RAMSAY HEIGHTS,250500,53.48023370488944,-113.57949971146672,14922,43 AVENUE NW,False
1067206,ALCES,2636500,53.427671117578505,-113.38661795298536,503,34 STREET NW,False
1011048,WESTRIDGE,16000,53.50951024813462,-113.61397947338344,148,WESTRIDGE ROAD NW,False
1068600,MELTWATER,8974000,53.41874685735524,-113.41171679447368,1451,50 STREET SW,True
1067552,MATTSON,10153500,53.40858532272625,-113.43639028511112,2503,66 STREET SW,True
1076553,CLOVER BAR AREA,465500,53.57610279305697,-113.3006837097524,12059,28 STREET NE,False
1277904,DALY GROVE,54000,53.44798111954748,-113.39460577652146,3404,18 AVENUE NW,False
1067776,ELLERSLIE INDUSTRIAL,274000,53.39874799161969,-113.47510492347304,9460,41 AVENUE SW,False
1044908,RAMSAY HEIGHTS,245500,53.48023370488944,-113.57949971146672,14944,43 AVENUE NW,False
1188671,RAMSAY HEIGHTS,247000,53.48068144909791,-113.57916171821272,4327,RIVERBEND ROAD NW,False
1128289,WINTERBURN INDUSTRIAL AREA EAST,2969000,53.55179292107264,-113.67155654776062,20310,107 AVENUE NW,False
1188390,RAMSAY HEIGHTS,259500,53.48020887598796,-113.5784413478429,14824,43 AVENUE NW,False
1188721,RAMSAY HEIGHTS,304000,53.48068144909791,-113.57916171821272,4333,RIVERBEND ROAD NW,False
1107887,RAMPART INDUSTRIAL,4480000,53.60730888235864,-113.56909398185012,14511,142 STREET NW,True
1114156,HAWKS RIDGE,4068500,53.58997455872802,-113.69186451027784,13104,WINTERBURN ROAD NW,False
1099894,RURAL NORTH EAST SOUTH STURGEON,6000,53.62174391503224,-113.35057647612598,105,161 AVENUE NW,True
1287127,WEST JASPER PLACE,386500,53.531718611587735,-113.58554737006172,9502,153 STREET NW,False
1067149,ALCES,4919500,53.42678524908383,-113.3761535152046,2050,ELLERSLIE ROAD SW,True
1015726,WESTRIDGE,5000,53.50632851045671,-113.60662232712416,495,WOLF WILLOW ROAD NW,False
1044866,RAMSAY HEIGHTS,249500,53.48023370488944,-113.57949971146672,14936,43 AVENUE NW,False
1188523,RAMSAY HEIGHTS,243000,53.48020887598796,-113.5784413478429,14842,43 AVENUE NW,False
1128941,TRUMPETER AREA,25500,53.59459891817677,-113.68278118638467,13211,WINTERBURN ROAD NW,False
1278076,DALY GROVE,72000,53.44798111954748,-113.39460577652146,3404,18 AVENUE NW,False
1090661,PATRICIA HEIGHTS,553000,53.51039896375889,-113.5977877773766,7811,160 STREET NW,False
1165265,ANTHONY HENDAY SOUTH WEST,71500,53.511249985144985,-113.66514776512716,19975,WHITEMUD DRIVE NW,True
1044783,RAMSAY HEIGHTS,240000,53.48023370488944,-113.57949971146672,14920,43 AVENUE NW,False
1188796,RAMSAY HEIGHTS,291000,53.48068144909791,-113.57916171821272,4343,RIVERBEND ROAD NW,False
1113612,ROSENTHAL,12179000,53.52473126772196,-113.70783951899182,9131,231 STREET NW,True
1277995,DALY GROVE,70000,53.44798111954748,-113.39460577652146,3404,18 AVENUE NW,False
1072065,TAMARACK,2555500,53.4558725085971,-113.35888056418656,1010,23 AVENUE NW,True
1248608,ANTHONY HENDAY TERWILLEGAR,24000,53.42996641496093,-113.5717050654778,14302,ANTHONY HENDAY DRIVE NW,False
1015767,WESTRIDGE,3500,53.50741023493522,-113.60910316259915,18,WESTRIDGE ROAD NW,False
1128305,WINTERBURN INDUSTRIAL AREA EAST,1126500,53.55175377303472,-113.67061385925382,20204,107 AVENUE NW,False
1188465,RAMSAY HEIGHTS,218500,53.48020887598796,-113.5784413478429,14834,43 AVENUE NW,False
1044734,RAMSAY HEIGHTS,250000,53.48023370488944,-113.57949971146672,14910,43 AVENUE NW,False
1070101,KESWICK,16126500,53.41483334407819,-113.64554372022955,1804,184 STREET SW,True
1290519,SHERWOOD,310000,53.53061332579247,-113.58456560757924,9417,153 STREET NW,False
1069830,CHAPPELLE,47000,53.40848064662883,-113.5893411502584,3103,156 STREET SW,True
1188663,RAMSAY HEIGHTS,264000,53.48068144909791,-113.57916171821272,4325,RIVERBEND ROAD NW,False
1280015,WEST JASPER PLACE,317500,53.53182363879843,-113.58807409568765,9505,155 STREET NW,False
1279959,WEST JASPER PLACE,392500,53.53209739020206,-113.58807365244782,9515,155 STREET NW,False
1287069,WEST JASPER PLACE,256000,53.532026629078885,-113.5855463421788,9518,153 STREET NW,False
1198332,RAMPART INDUSTRIAL,265500,53.60832260261015,-113.56928801493991,14645,142 STREET NW,False
1111087,POTTER GREENS,2623000,53.52174964700326,-113.67271065236557,1069,WEBBER GREENS DRIVE NW,True
1119106,MISTATIM INDUSTRIAL,132500,53.58480888438817,-113.59797468251648,12794,INLAND WAY NW,False
1110840,GLASTONBURY,103500,53.50549642506966,-113.67531910690944,1550,GRANT WAY NW,False
1044916,RAMSAY HEIGHTS,249500,53.48023370488944,-113.57949971146672,14946,43 AVENUE NW,False
1114149,KINGLET GARDENS,3888000,53.57855505566994,-113.69828673482353,12410,WINTERBURN ROAD NW,True
1279983,WEST JASPER PLACE,260000,53.53196051450051,-113.58807387369257,9507,155 STREET NW,False
1067198,ALCES,2979500,53.42932553061801,-113.38602345858187,303,34 STREET NW,False
1278050,DALY GROVE,71000,53.44798111954748,-113.39460577652146,3404,18 AVENUE NW,False
1044700,RAMSAY HEIGHTS,296000,53.48023370488944,-113.57949971146672,14904,43 AVENUE NW,False
1188556,RAMSAY HEIGHTS,244000,53.48020887598796,-113.5784413478429,14846,43 AVENUE NW,False
1278167,DALY GROVE,56500,53.44798111954748,-113.39460577652146,3404,18 AVENUE NW,False
1101138,MARQUIS,306500,53.6513512677263,-113.34718655366189,18850,MERIDIAN STREET NW,False
1076561,CLOVER BAR AREA,465500,53.57574343484069,-113.3006854078126,12039,28 STREET NE,False
1110790,GRANVILLE,12182500,53.501333661186365,-113.6835544944838,6841,WINTERBURN ROAD NW,False
1276534,SHERWOOD,241000,53.52767696910672,-113.58730943323256,9232,154 STREET NW,False
1115534,RIVERVIEW AREA,1500,53.43206530517816,-113.66537447741374,19901,QUADRANT AVENUE SW,False
1280049,WEST JASPER PLACE,311500,53.53168675812507,-113.58807431018592,9501,155 STREET NW,False
1277946,DALY GROVE,54000,53.44798111954748,-113.39460577652146,3404,18 AVENUE NW,False
1044742,RAMSAY HEIGHTS,245000,53.48023370488944,-113.57949971146672,14912,43 AVENUE NW,False
1067156,ALCES,2861000,53.428562297876326,-113.3799198413103,2510,ELLERSLIE ROAD SW,True
1120179,WINTERBURN INDUSTRIAL AREA WEST,2000,53.5595190392676,-113.71331581493668,23039,112 AVENUE NW,False
1112580,TRUMPETER AREA,10320500,53.588520404740926,-113.68285554555948,12923,WINTERBURN ROAD NW,True
1188846,RAMSAY HEIGHTS,238500,53.48068144909791,-113.57916171821272,4349,RIVERBEND ROAD NW,False
1044841,RAMSAY HEIGHTS,249500,53.48023370488944,-113.57949971146672,14932,43 AVENUE NW,False
1188309,RAMSAY HEIGHTS,243000,53.48020887598796,-113.5784413478429,14812,43 AVENUE NW,False
1069905,CHAPPELLE,3654500,53.40853883606961,-113.5935558496126,2820,156 STREET SW,False
1044775,RAMSAY HEIGHTS,226500,53.48023370488944,-113.57949971146672,14918,43 AVENUE NW,False
1274778,GLENRIDDING RAVINE,1424500,53.40358654741351,-113.60989248507164,3511,170 STREET SW,True
1100239,HORSE HILL NEIGHBOURHOOD 1A,589000,53.61593631835252,-113.3411107456587,15303,MERIDIAN STREET NE,True
1188580,RAMSAY HEIGHTS,243000,53.48020887598796,-113.5784413478429,14850,43 AVENUE NW,False
1067115,ALCES,564500,53.43125596225487,-113.37386103882396,104,17 STREET SW,True
1110782,GRANVILLE,2298500,53.50412473997327,-113.68762568758564,2050,GLASTONBURY BOULEVARD NW,False
1276013,CORONET INDUSTRIAL,5281000,53.49465634663864,-113.47620610863738,9570,58 AVENUE NW,True
1189307,MEADOWLARK PARK,314500,53.523102022890136,-113.60101691405306,8805,162 STREET NW,False
1278126,DALY GROVE,72500,53.44798111954748,-113.39460577652146,3404,18 AVENUE NW,False
1275429,GLENORA,1100500,53.53982535303256,-113.55118230240288,44,ST GEORGE'S CRESCENT NW,False
1111608,WINTERBURN INDUSTRIAL AREA EAST,7900500,53.55408335906772,-113.6713902204494,10803,205 STREET NW,True
1044874,RAMSAY HEIGHTS,255500,53.48023370488944,-113.57949971146672,14938,43 AVENUE NW,False
1279892,WEST JASPER PLACE,354000,53.53237113707428,-113.58807320169544,9523,155 STREET NW,False
1188630,RAMSAY HEIGHTS,295500,53.48068144909791,-113.57916171821272,4321,RIVERBEND ROAD NW,False
1188341,RAMSAY HEIGHTS,253000,53.48020887598796,-113.5784413478429,14818,43 AVENUE NW,False
1113570,ROSENTHAL,891500,53.518973474445886,-113.69947368871723,8404,WINTERBURN ROAD NW,True
1277987,DALY GROVE,69500,53.44798111954748,-113.39460577652146,3404,18 AVENUE NW,False
1172022,EDGEMONT,2500,53.46113999187428,-113.68266023340414,2919,WINTERBURN ROAD NW,True
1188515,RAMSAY HEIGHTS,260000,53.48020887598796,-113.5784413478429,14840,43 AVENUE NW,False
1128933,TRUMPETER AREA,1260500,53.59488786965887,-113.67038884365503,13240,199 STREET NW,False
1100296,HORSE HILL NEIGHBOURHOOD 1A,3508000,53.62762126191672,-113.3411463104808,16611,MERIDIAN STREET NE,False
1278084,DALY GROVE,55500,53.44798111954748,-113.39460577652146,3404,18 AVENUE NW,False
1198340,RAMPART INDUSTRIAL,3365500,53.608213710549016,-113.56761854499192,14645,142 STREET NW,False
1071281,WINDERMERE,1124500,53.443754447660254,-113.62489409214216,168,WINDERMERE DRIVE NW,False
1044759,RAMSAY HEIGHTS,275000,53.48023370488944,-113.57949971146672,14914,43 AVENUE NW,False
1112689,STARLING,8670000,53.5907909836052,-113.66013658568838,13045,199 STREET NW,True
1277961,DALY GROVE,76000,53.44798111954748,-113.39460577652146,3404,18 AVENUE NW,False
1114123,KINGLET GARDENS,5289000,53.58166412797085,-113.69539798716644,12510,WINTERBURN ROAD NW,True
1188499,RAMSAY HEIGHTS,239000,53.48020887598796,-113.5784413478429,14838,43 AVENUE NW,False
1278043,DALY GROVE,71000,53.44798111954748,-113.39460577652146,3404,18 AVENUE NW,False
1068147,CASHMAN,11366000,53.42014911340453,-113.4989530299829,1304,103A STREET SW,False
1094069,HENDERSON ESTATES,182000,53.46782567205565,-113.59665102883577,3408,RIVERBEND ROAD NW,False
1067164,ALCES,615000,53.42561026395003,-113.37865663099872,2404,ELLERSLIE ROAD SW,True
1012137,WOODCROFT,37714000,53.56452708849714,-113.5580196042086,13535,115 AVENUE NW,False
1188424,RAMSAY HEIGHTS,252500,53.48020887598796,-113.5784413478429,14828,43 AVENUE NW,False
1118538,WINTERBURN INDUSTRIAL AREA EAST,1998500,53.56169690763711,-113.67111343130678,20220,113 AVENUE NW,False
1044718,RAMSAY HEIGHTS,250000,53.48023370488944,-113.57949971146672,14906,43 AVENUE NW,False
1264779,JASPER PARK,222000,53.5235303252907,-113.57930228571163,9011,150 STREET NW,False
1110105,STILLWATER,1306000,53.45230078761765,-113.68105096300113,21015,MASKEKOSIHK TRAIL NW,False
1188549,RAMSAY HEIGHTS,243000,53.48020887598796,-113.5784413478429,14844,43 AVENUE NW,False
1111947,RIO TERRACE,758000,53.50507623932129,-113.5877933802636,15412,RIO TERRACE DRIVE NW,False
1113638,ROSENTHAL,1827000,53.52305921239475,-113.69527671289674,9130,WINTERBURN ROAD NW,True
1077221,CLOVER BAR AREA,2000500,53.573012370883696,-113.30835668383236,2404,119 AVENUE NE,True
1070945,RIVER VALLEY WINDERMERE,92500,53.45355003072637,-113.61826805175686,17103,23 AVENUE NW,True
1278019,DALY GROVE,54500,53.44798111954748,-113.39460577652146,3404,18 AVENUE NW,False
1104728,RAPPERSWILL,830000,53.63242188727845,-113.5361393106802,225,RAPPERSWILL DRIVE NW,False
1067172,ALCES,1404500,53.42586477415644,-113.39264026953136,705,34 STREET SW,True
1067123,ALCES,3157500,53.42947649706105,-113.37386111119888,304,17 STREET SW,True
1067693,THE ORCHARDS AT ELLERSLIE,1123500,53.39777101170016,-113.46105295716627,9010,41 AVENUE SW,False
1044833,RAMSAY HEIGHTS,257000,53.48023370488944,-113.57949971146672,14930,43 AVENUE NW,False
1188705,RAMSAY HEIGHTS,243500,53.48068144909791,-113.57916171821272,4331,RIVERBEND ROAD NW,False
1117290,THE UPLANDS,5325000,53.4652275256015,-113.65505846170171,159,WOODBEND WYND NW,True
1188317,RAMSAY HEIGHTS,239000,53.48020887598796,-113.5784413478429,14814,43 AVENUE NW,False
1188812,RAMSAY HEIGHTS,297500,53.48068144909791,-113.57916171821272,4345,RIVERBEND ROAD NW,False
1188754,RAMSAY HEIGHTS,254000,53.48068144909791,-113.57916171821272,4337,RIVERBEND ROAD NW,False
1110196,THE UPLANDS,4009500,53.46226734846258,-113.6610884614162,3111,199 STREET NW,False
1115732,EDGEMONT,6187500,53.47771139218209,-113.67793002231302,20204,LESSARD ROAD NW,False
1278134,DALY GROVE,73500,53.44798111954748,-113.39460577652146,3404,18 AVENUE NW,False
1013879,BEARSPAW,422000,53.44309743850022,-113.49405551984478,1219,104 STREET NW,False
1188648,RAMSAY HEIGHTS,258500,53.48068144909791,-113.57916171821272,4323,RIVERBEND ROAD NW,False
1210517,BLUE QUILL,760500,53.460495232670944,-113.52213685866828,2810,112 STREET NW,True
1044882,RAMSAY HEIGHTS,240000,53.48023370488944,-113.57949971146672,14940,43 AVENUE NW,False
1217025,KEHEEWIN,28000,53.45296449806349,-113.49405654293788,2220,CALGARY TRAIL NW,False
1003227,RIVER VALLEY CAMERON,0,53.47282335962418,-113.61871872975452,3900,E L SMITH ROAD NW,False
1188374,RAMSAY HEIGHTS,286000,53.48020887598796,-113.5784413478429,14822,43 AVENUE NW,False
1044817,RAMSAY HEIGHTS,257000,53.48023370488944,-113.57949971146672,14926,43 AVENUE NW,False
1119098,MISTATIM INDUSTRIAL,94000,53.58370435891444,-113.59258218905416,12795,INLAND WAY NW,False
1188481,RAMSAY HEIGHTS,249500,53.48020887598796,-113.5784413478429,14836,43 AVENUE NW,False
1278100,DALY GROVE,55500,53.44798111954748,-113.39460577652146,3404,18 AVENUE NW,False
1277912,DALY GROVE,70000,53.44798111954748,-113.39460577652146,3404,18 AVENUE NW,False
1516053,ALBERTA PARK INDUSTRIAL,100000,53.5643981645342,-113.59492157175644,15827,115 AVENUE NW,False
1298033,GLENRIDDING HEIGHTS,1795000,53.41708983411582,-113.61300184839388,1741,170 STREET SW,True
1516137,ALBERTA PARK INDUSTRIAL,100000,53.56439765642064,-113.59431438198004,15811,115 AVENUE NW,False
1403609,BRITANNIA YOUNGSTOWN,265000,53.54785208290611,-113.59163203861873,10445,157 STREET NW,False
1356039,GLENWOOD,254000,53.53831627377954,-113.59255927197984,9926,157 STREET NW,False
1411123,MAYFIELD,237000,53.55336811115328,-113.59317510288628,15805,109 AVENUE NW,False
1295732,WEST JASPER PLACE,355000,53.53884053072654,-113.58279536419064,9939,152 STREET NW,False
1442227,HIGH PARK,334000,53.55230933723158,-113.5891204686955,10744,155 STREET NW,False
1560804,STONE INDUSTRIAL,2566000,53.54383655604504,-113.62224149390178,17456,102 AVENUE NW,False
1399567,BRITANNIA YOUNGSTOWN,282000,53.55093004086884,-113.6021542162289,10575,163 STREET NW,False
1516079,ALBERTA PARK INDUSTRIAL,100000,53.56439803644204,-113.59476977288844,15823,115 AVENUE NW,False
1416445,MAYFIELD,225000,53.554887986164886,-113.5939664001014,10941,159 STREET NW,False
2012896,LAURIER HEIGHTS,711000,53.51676797912479,-113.55884375967128,13703,BUENA VISTA ROAD NW,False
1516152,ALBERTA PARK INDUSTRIAL,100000,53.56439752755695,-113.59416258281786,15807,115 AVENUE NW,False
1509504,GARSIDE INDUSTRIAL,0,53.56510888914653,-113.58563908283617,11445,154 STREET NW,False
2113207,GROVENOR,490000,53.54162702749187,-113.57111691379852,14503,STONY PLAIN ROAD NW,False
2112605,GROVENOR,308000,53.54189861215318,-113.57051792233892,14435,STONY PLAIN ROAD NW,False
1902618,ORMSBY PLACE,0,53.49990219996097,-113.63716044879862,18225,66 AVENUE NW,False
2011567,LAURIER HEIGHTS,759000,53.51760598096472,-113.56025429752076,13808,85 AVENUE NW,False
1399591,BRITANNIA YOUNGSTOWN,301500,53.55108203000586,-113.6021549333646,10581,163 STREET NW,False
1296870,WEST JASPER PLACE,264000,53.53532998516937,-113.58280110218764,9723,152 STREET NW,False
1545607,WEST SHEFFIELD INDUSTRIAL,2251000,53.55738872279164,-113.61293715157436,16831,110 AVENUE NW,False
1666213,SUMMERLEA,46500,53.52646929846967,-113.62372990472684,9104,175 STREET NW,False
1516012,ALBERTA PARK INDUSTRIAL,103500,53.56439841777159,-113.59522861216794,15835,115 AVENUE NW,False
2122703,GROVENOR,325000,53.54462081805229,-113.57476868718102,10320,147 STREET NW,False
1304344,WEST JASPER PLACE,296500,53.53671792657728,-113.58027225493072,9836,150 STREET NW,False
1306885,GROVENOR,413000,53.54159077724641,-113.57135255134818,14508,101 AVENUE NW,False
1478932,HIGH PARK,238500,53.55458016628121,-113.57860546579744,10912,149 STREET NW,False
2022234,PARKVIEW,1313000,53.52350090478741,-113.56368425517522,9007,141 STREET NW,False
2014413,LAURIER HEIGHTS,17500,53.515868720903896,-113.55557135676848,105,VALLEYVIEW CRESCENT NW,False
1299783,SHERWOOD,309000,53.52744227241737,-113.58204305714456,9222,151 STREET NW,False
1516111,ALBERTA PARK INDUSTRIAL,100000,53.56439778024046,-113.5944661814924,15815,115 AVENUE NW,False
1560770,STONE INDUSTRIAL,1561500,53.543837272085725,-113.62118404537055,17404,102 AVENUE NW,False
1545706,WEST SHEFFIELD INDUSTRIAL,2218500,53.55738906478785,-113.61362711293086,16903,110 AVENUE NW,False
2004422,LAURIER HEIGHTS,414000,53.5187113193265,-113.5712513705924,14512,86 AVENUE NW,False
1416056,MAYFIELD,234500,53.55420338069231,-113.59182092940196,10916,157 STREET NW,False
2007573,LAURIER HEIGHTS,486500,53.51281718294093,-113.57424472166244,14615,78 AVENUE NW,False
1516038,ALBERTA PARK INDUSTRIAL,100000,53.56439828755799,-113.59507336372968,15831,115 AVENUE NW,False
1516178,ALBERTA PARK INDUSTRIAL,103500,53.5643974006334,-113.59400733465048,15803,115 AVENUE NW,False
1295476,ANTHONY HENDAY SOUTH WEST,106500,53.46167020625697,-113.62072755111336,,,False
1676204,SUMMERLEA,139000,53.527387101263095,-113.62470387569542,17503,93 AVENUE NW,False
3140712,DOWNTOWN,68000,53.53728406129024,-113.49847015133884,9909,104 STREET NW,False
2841047,WOODCROFT,632500,53.565478804486695,-113.55598099164608,13530,115 AVENUE NW,False
2639953,GLENORA,480500,53.548535624126345,-113.56543628402724,14039,106 AVENUE NW,False
3141017,DOWNTOWN,84500,53.53728406129024,-113.49847015133884,9909,104 STREET NW,False
2768000,INGLEWOOD,30500,53.56505103394809,-113.53131192744596,11440,121 STREET NW,False
3141231,DOWNTOWN,68000,53.53728406129024,-113.49847015133884,9909,104 STREET NW,False
3143401,DOWNTOWN,116500,53.53728406129024,-113.49847015133884,9903,104 STREET NW,False
3142551,DOWNTOWN,78500,53.53728406129024,-113.49847015133884,9903,104 STREET NW,False
3142049,DOWNTOWN,91000,53.53728406129024,-113.49847015133884,9909,104 STREET NW,False
3142437,DOWNTOWN,102500,53.53728406129024,-113.49847015133884,9903,104 STREET NW,False
3143609,DOWNTOWN,168000,53.53728406129024,-113.49847015133884,9903,104 STREET NW,False
3143435,DOWNTOWN,125500,53.53728406129024,-113.49847015133884,9903,104 STREET NW,False
3142502,DOWNTOWN,86500,53.53728406129024,-113.49847015133884,9903,104 STREET NW,False
3142239,DOWNTOWN,91500,53.53728406129024,-113.49847015133884,9903,104 STREET NW,False
3140381,DOWNTOWN,63500,53.53728406129024,-113.49847015133884,9909,104 STREET NW,False
3141728,DOWNTOWN,110000,53.53728406129024,-113.49847015133884,9909,104 STREET NW,False
3180916,ATHLONE,2000,53.585874991362594,-113.54689960334969,13007,128 AVENUE NW,False
3093580,EDMONTON NORTHLANDS,2000,53.56351168733086,-113.4617267328334,11323,79 STREET NW,False
3139912,DOWNTOWN,72000,53.53728406129024,-113.49847015133884,9909,104 STREET NW,False
3141330,DOWNTOWN,86500,53.53728406129024,-113.49847015133884,9909,104 STREET NW,False
3090040,DOWNTOWN,500,53.53738489882193,-113.50496777147046,10704,99 AVENUE NW,False
3140746,DOWNTOWN,94000,53.53728406129024,-113.49847015133884,9909,104 STREET NW,False
3135001,DOWNTOWN,1142000,53.54160336244519,-113.50238621441828,10123,106 STREET NW,False
3140357,DOWNTOWN,93500,53.53728406129024,-113.49847015133884,9909,104 STREET NW,False
3080009,CENTRAL MCDOUGALL,287000,53.55220454867962,-113.49870944444766,10725,104 STREET NW,False
3143070,DOWNTOWN,82500,53.53728406129024,-113.49847015133884,9903,104 STREET NW,False
3142841,DOWNTOWN,111000,53.53728406129024,-113.49847015133884,9903,104 STREET NW,False
3141421,DOWNTOWN,72500,53.53728406129024,-113.49847015133884,9909,104 STREET NW,False
3126075,CROMDALE,500,53.56168193817624,-113.46169967527064,11251,79 STREET NW,False
3140027,DOWNTOWN,59000,53.53728406129024,-113.49847015133884,9909,104 STREET NW,False
3165164,GIRARD INDUSTRIAL,972000,53.50897178560252,-113.43982623377012,7215,ARGYLL ROAD NW,False
3141934,DOWNTOWN,114500,53.53728406129024,-113.49847015133884,9909,104 STREET NW,False
3049970,WESTMOUNT,2500,53.55328061463649,-113.53135712451606,10820,121 STREET NW,False
3023231,STRATHCONA,4500,53.52110276484898,-113.4981200618003,,,False
3141082,DOWNTOWN,71000,53.53728406129024,-113.49847015133884,9909,104 STREET NW,False
3102506,DOWNTOWN,864000,53.534517548889816,-113.49977152143,9714,104 STREET NW,False
3140977,DOWNTOWN,70500,53.53728406129024,-113.49847015133884,9909,104 STREET NW,False
3142403,DOWNTOWN,96000,53.53728406129024,-113.49847015133884,9903,104 STREET NW,False
3142759,DOWNTOWN,76000,53.53728406129024,-113.49847015133884,9903,104 STREET NW,False
3142312,DOWNTOWN,100500,53.53728406129024,-113.49847015133884,9903,104 STREET NW,False
3141553,DOWNTOWN,109000,53.53728406129024,-113.49847015133884,9909,104 STREET NW,False
3143179,DOWNTOWN,90000,53.53728406129024,-113.49847015133884,9903,104 STREET NW,False
3140464,DOWNTOWN,94500,53.53728406129024,-113.49847015133884,9909,104 STREET NW,False
3142890,DOWNTOWN,87000,53.53728406129024,-113.49847015133884,9903,104 STREET NW,False
3143641,DOWNTOWN,110500,53.53728406129024,-113.49847015133884,9903,104 STREET NW,False
3142726,DOWNTOWN,80500,53.53728406129024,-113.49847015133884,9903,104 STREET NW,False
3141876,DOWNTOWN,100500,53.53728406129024,-113.49847015133884,9909,104 STREET NW,False
3181005,ATHLONE,1000,53.58505567570472,-113.54680259532,13023,128 AVENUE NW,False
3140167,DOWNTOWN,72500,53.53728406129024,-113.49847015133884,9909,104 STREET NW,False
3143229,DOWNTOWN,106000,53.53728406129024,-113.49847015133884,9903,104 STREET NW,False
3141108,DOWNTOWN,71000,53.53728406129024,-113.49847015133884,9909,104 STREET NW,False
3091345,MCKERNAN,500,53.51271550254093,-113.51941710392649,7603,112 STREET NW,False
3180957,ATHLONE,1500,53.58550733359796,-113.54689947238263,13023,128 AVENUE NW,False
3140829,DOWNTOWN,69000,53.53728406129024,-113.49847015133884,9909,104 STREET NW,False
3141298,DOWNTOWN,72500,53.53728406129024,-113.49847015133884,9909,104 STREET NW,False
3167996,RITCHIE,141000,53.51163683990141,-113.48791723466589,9934,75 AVENUE NW,False
3139987,DOWNTOWN,59000,53.53728406129024,-113.49847015133884,9909,104 STREET NW,False
3140522,DOWNTOWN,101000,53.53728406129024,-113.49847015133884,9909,104 STREET NW,False
3142262,DOWNTOWN,107500,53.53728406129024,-113.49847015133884,9903,104 STREET NW,False
3141611,DOWNTOWN,96000,53.53728406129024,-113.49847015133884,9909,104 STREET NW,False
3050242,WESTMOUNT,2500,53.55872661300959,-113.53136597444278,11040,121 STREET NW,False
3050291,INGLEWOOD,2500,53.55963029108699,-113.53136772955877,11120,121 STREET NW,False
3141041,DOWNTOWN,67000,53.53728406129024,-113.49847015133884,9909,104 STREET NW,False
3140639,DOWNTOWN,105500,53.53728406129024,-113.49847015133884,9909,104 STREET NW,False
3141975,DOWNTOWN,74500,53.53728406129024,-113.49847015133884,9909,104 STREET NW,False
3141462,DOWNTOWN,78500,53.53728406129024,-113.49847015133884,9909,104 STREET NW,False
3054293,BOYLE STREET,14000,53.54505544715341,-113.4795032266269,9516,JASPER AVENUE NW,False
3142635,DOWNTOWN,79500,53.53728406129024,-113.49847015133884,9903,104 STREET NW,False
3140423,DOWNTOWN,67000,53.53728406129024,-113.49847015133884,9909,104 STREET NW,False
3126067,CROMDALE,1000,53.56149643747376,-113.46172211114724,,,False
3143021,DOWNTOWN,122000,53.53728406129024,-113.49847015133884,9903,104 STREET NW,False
3140050,DOWNTOWN,76500,53.53728406129024,-113.49847015133884,9909,104 STREET NW,False
3141785,DOWNTOWN,70000,53.53728406129024,-113.49847015133884,9909,104 STREET NW,False
3101953,OLIVER,500,53.53902440551615,-113.52157871041882,11610,100 AVENUE NW,False
3050143,WESTMOUNT,2500,53.55749421348967,-113.5313640536698,11004,121 STREET NW,False
3141512,DOWNTOWN,73000,53.53728406129024,-113.49847015133884,9909,104 STREET NW,False
3141835,DOWNTOWN,100500,53.53728406129024,-113.49847015133884,9909,104 STREET NW,False
3029956,BARANOW,1155000,53.61225179265982,-113.54035744742158,15035,127 STREET NW,False
3141264,DOWNTOWN,68500,53.53728406129024,-113.49847015133884,9909,104 STREET NW,False
3143682,DOWNTOWN,145000,53.53728406129024,-113.49847015133884,9911,104 STREET NW,False
3140779,DOWNTOWN,69500,53.53728406129024,-113.49847015133884,9909,104 STREET NW,False
3141140,DOWNTOWN,70500,53.53728406129024,-113.49847015133884,9909,104 STREET NW,False
3180999,ATHLONE,1500,53.58514613218193,-113.54688476226198,13023,128 AVENUE NW,False
3050093,WESTMOUNT,2500,53.55672741150419,-113.53136285672292,10976,121 STREET NW,False
2795904,WESTMOUNT,3500,53.55416546410458,-113.53135884954754,12102,109 AVENUE NW,False
3142106,DOWNTOWN,89500,53.53728406129024,-113.49847015133884,9909,104 STREET NW,False
3143500,DOWNTOWN,104500,53.53728406129024,-113.49847015133884,9903,104 STREET NW,False
2616563,CRESTWOOD,912000,53.53478892409992,-113.56154763287624,9707,141 STREET NW,False
3141363,DOWNTOWN,96500,53.53728406129024,-113.49847015133884,9909,104 STREET NW,False
3140274,DOWNTOWN,73500,53.53728406129024,-113.49847015133884,9909,104 STREET NW,False
3143351,DOWNTOWN,116500,53.53728406129024,-113.49847015133884,9903,104 STREET NW,False
3140670,DOWNTOWN,102000,53.53728406129024,-113.49847015133884,9909,104 STREET NW,False
3142007,DOWNTOWN,70500,53.53728406129024,-113.49847015133884,9909,104 STREET NW,False
3141587,DOWNTOWN,72500,53.53728406129024,-113.49847015133884,9909,104 STREET NW,False
3142676,DOWNTOWN,75500,53.53728406129024,-113.49847015133884,9903,104 STREET NW,False
2741155,OLIVER,1157500,53.5422979001515,-113.53283923264492,10136,122 STREET NW,False
3141199,DOWNTOWN,75500,53.53728406129024,-113.49847015133884,9909,104 STREET NW,False
3142981,DOWNTOWN,82000,53.53728406129024,-113.49847015133884,9903,104 STREET NW,False
3140092,DOWNTOWN,60500,53.53728406129024,-113.49847015133884,9909,104 STREET NW,False
3141900,DOWNTOWN,73500,53.53728406129024,-113.49847015133884,9909,104 STREET NW,False
3124781,KENNEDALE INDUSTRIAL,161500,53.58648331202376,-113.42496592901686,12812,54 STREET NW,False
3042330,UNIVERSITY OF ALBERTA FARM,1058500,53.49683589264036,-113.54818460150136,5510,122 STREET NW,False
3082880,STRATHCONA,14500,53.52081922713496,-113.49809540112524,,,False
3141074,DOWNTOWN,90000,53.53728406129024,-113.49847015133884,9909,104 STREET NW,False
3050333,INGLEWOOD,2500,53.56004101416333,-113.53136859288053,11132,121 STREET NW,False
3142395,DOWNTOWN,95500,53.53728406129024,-113.49847015133884,9903,104 STREET NW,False
3180924,ATHLONE,1500,53.58577848953578,-113.54689956357126,13007,128 AVENUE NW,False
2789451,WESTMOUNT,433000,53.55858502656299,-113.5399643865822,11042,126 STREET NW,False
3142353,DOWNTOWN,94000,53.53728406129024,-113.49847015133884,9903,104 STREET NW,False
3140878,DOWNTOWN,73500,53.53728406129024,-113.49847015133884,9909,104 STREET NW,False
3034634,SHEFFIELD INDUSTRIAL,2500,53.55925921372791,-113.5940855369095,11101,158 STREET NW,False
3143567,DOWNTOWN,127000,53.53728406129024,-113.49847015133884,9903,104 STREET NW,False
3139953,DOWNTOWN,87500,53.53728406129024,-113.49847015133884,9909,104 STREET NW,False
3141686,DOWNTOWN,69500,53.53728406129024,-113.49847015133884,9909,104 STREET NW,False
3142189,DOWNTOWN,66500,53.53728406129024,-113.49847015133884,9903,104 STREET NW,False
3050051,WESTMOUNT,2500,53.556179679227455,-113.53136200726514,10960,121 STREET NW,False
3102407,DOWNTOWN,864000,53.53465432148912,-113.49977161462678,9718,104 STREET NW,False
3140324,DOWNTOWN,82000,53.53728406129024,-113.49847015133884,9909,104 STREET NW,False
2841005,WOODCROFT,354500,53.56547872683686,-113.55565938653184,13512,115 AVENUE NW,False
3143302,DOWNTOWN,125000,53.53728406129024,-113.49847015133884,9903,104 STREET NW,False
3139979,DOWNTOWN,72500,53.53728406129024,-113.49847015133884,9909,104 STREET NW,False
3140225,DOWNTOWN,83500,53.53728406129024,-113.49847015133884,9909,104 STREET NW,False
3093572,EDMONTON NORTHLANDS,2000,53.5632404897812,-113.4617262877359,11317,79 STREET NW,False
3108412,PARKDALE,17000,53.56603951180617,-113.46680459197518,,,False
3142882,DOWNTOWN,107500,53.53728406129024,-113.49847015133884,9903,104 STREET NW,False
3189180,EDMISTON INDUSTRIAL,873500,53.57123355315007,-113.6364100545816,11855,184 STREET NW,False
2699700,WESTMOUNT,2500,53.55141838264724,-113.53135417474653,10712,121 STREET NW,False
3141868,DOWNTOWN,74000,53.53728406129024,-113.49847015133884,9909,104 STREET NW,False
3143658,DOWNTOWN,120000,53.53728406129024,-113.49847015133884,9903,104 STREET NW,False
3051687,CROMDALE,1500,53.56133728833894,-113.46206647945442,11239,79 STREET NW,False
3029717,BARANOW,767500,53.6123232456959,-113.53736273403103,15035,125 STREET NW,False
3142718,DOWNTOWN,79500,53.53728406129024,-113.49847015133884,9903,104 STREET NW,False
3143211,DOWNTOWN,80000,53.53728406129024,-113.49847015133884,9903,104 STREET NW,False
3141397,DOWNTOWN,72500,53.53728406129024,-113.49847015133884,9909,104 STREET NW,False
3141116,DOWNTOWN,90000,53.53728406129024,-113.49847015133884,9909,104 STREET NW,False
3141223,DOWNTOWN,86000,53.53728406129024,-113.49847015133884,9909,104 STREET NW,False
3142072,DOWNTOWN,92000,53.53728406129024,-113.49847015133884,9909,104 STREET NW,False
3139920,DOWNTOWN,55000,53.53728406129024,-113.49847015133884,9909,104 STREET NW,False
3141751,DOWNTOWN,74000,53.53728406129024,-113.49847015133884,9909,104 STREET NW,False
3143369,DOWNTOWN,107000,53.53728406129024,-113.49847015133884,9903,104 STREET NW,False
3050234,WESTMOUNT,2500,53.558589688248254,-113.53136577106314,11036,121 STREET NW,False
3143591,DOWNTOWN,106500,53.53728406129024,-113.49847015133884,9903,104 STREET NW,False
3142221,DOWNTOWN,91500,53.53728406129024,-113.49847015133884,9903,104 STREET NW,False
2757300,INGLEWOOD,29500,53.56322900015693,-113.531309009767,11320,121 STREET NW,False
3142742,DOWNTOWN,101000,53.53728406129024,-113.49847015133884,9903,104 STREET NW,False
3142296,DOWNTOWN,75500,53.53728406129024,-113.49847015133884,9903,104 STREET NW,False
3029667,BARANOW,915500,53.61375922353165,-113.53926727198689,12540,151 AVENUE NW,False
3050267,INGLEWOOD,2500,53.55921956360309,-113.53136684937482,11108,121 STREET NW,False
3140282,DOWNTOWN,79500,53.53728406129024,-113.49847015133884,9909,104 STREET NW,False
3141439,DOWNTOWN,92000,53.53728406129024,-113.49847015133884,9909,104 STREET NW,False
3049947,WESTMOUNT,2500,53.55286985515337,-113.53135651389988,10808,121 STREET NW,False
3140647,DOWNTOWN,73500,53.53728406129024,-113.49847015133884,9909,104 STREET NW,False
3140019,DOWNTOWN,87500,53.53728406129024,-113.49847015133884,9909,104 STREET NW,False
3143286,DOWNTOWN,86000,53.53728406129024,-113.49847015133884,9903,104 STREET NW,False
3140589,DOWNTOWN,69000,53.53728406129024,-113.49847015133884,9909,104 STREET NW,False
3016615,STRATHCONA JUNCTION,30000,53.50738274516999,-113.49623885135604,10343,71 AVENUE NW,False
3141157,DOWNTOWN,68000,53.53728406129024,-113.49847015133884,9909,104 STREET NW,False
3050119,WESTMOUNT,2500,53.556864341218414,-113.53136307485585,10980,121 STREET NW,False
3142544,DOWNTOWN,73500,53.53728406129024,-113.49847015133884,9903,104 STREET NW,False
3050085,WESTMOUNT,2500,53.55659047747377,-113.5313626386364,10972,121 STREET NW,False
2741254,OLIVER,579000,53.542468884474175,-113.5328394870869,10142,122 STREET NW,False
3143476,DOWNTOWN,107500,53.53728406129024,-113.49847015133884,9903,104 STREET NW,False
3143393,DOWNTOWN,107000,53.53728406129024,-113.49847015133884,9903,104 STREET NW,False
3173630,STRATHCONA INDUSTRIAL PARK,1459000,53.46727439746909,-113.47733698664364,9508,34 AVENUE NW,False
3142031,DOWNTOWN,84500,53.53728406129024,-113.49847015133884,9909,104 STREET NW,False
3142619,DOWNTOWN,123000,53.53728406129024,-113.49847015133884,9903,104 STREET NW,False
3143062,DOWNTOWN,109500,53.53728406129024,-113.49847015133884,9903,104 STREET NW,False
2542504,PRINCE CHARLES,642500,53.57370101498687,-113.54072807017256,12620,120 AVENUE NW,False
3141710,DOWNTOWN,88500,53.53728406129024,-113.49847015133884,9909,104 STREET NW,False
3140340,DOWNTOWN,83500,53.53728406129024,-113.49847015133884,9909,104 STREET NW,False
3142429,DOWNTOWN,72500,53.53728406129024,-113.49847015133884,9903,104 STREET NW,False
3142965,DOWNTOWN,103000,53.53728406129024,-113.49847015133884,9903,104 STREET NW,False
3165156,GIRARD INDUSTRIAL,5193000,53.5085380501111,-113.4411284374284,7215,ARGYLL ROAD NW,False
3140696,DOWNTOWN,69500,53.53728406129024,-113.49847015133884,9909,104 STREET NW,False
3140944,DOWNTOWN,71500,53.53728406129024,-113.49847015133884,9909,104 STREET NW,False
3107067,CLOVERDALE,500,53.53785832638064,-113.4746099918712,9747,96 STREET NW,False
3143625,DOWNTOWN,116500,53.53728406129024,-113.49847015133884,9903,104 STREET NW,False
2741106,OLIVER,770000,53.54218394653541,-113.53283902239036,10132,122 STREET NW,False
3140068,DOWNTOWN,81500,53.53728406129024,-113.49847015133884,9909,104 STREET NW,False
3142254,DOWNTOWN,69000,53.53728406129024,-113.49847015133884,9903,104 STREET NW,False
3140233,DOWNTOWN,78000,53.53728406129024,-113.49847015133884,9909,104 STREET NW,False
3169141,BRANDER GARDENS,2467500,53.49120538783375,-113.58458215384772,5440,WHITEMUD ROAD NW,False
3141629,DOWNTOWN,73500,53.53728406129024,-113.49847015133884,9909,104 STREET NW,False
2680700,GLENORA,2328500,53.539629579514205,-113.5512042976048,46,ST GEORGE'S CRESCENT NW,False
3081312,STRATHCONA JUNCTION,30500,53.512340778022285,-113.49637525598122,7601,104 STREET NW,False
3141033,DOWNTOWN,70000,53.53728406129024,-113.49847015133884,9909,104 STREET NW,False
3142858,DOWNTOWN,90500,53.53728406129024,-113.49847015133884,9903,104 STREET NW,False
3142478,DOWNTOWN,73500,53.53728406129024,-113.49847015133884,9903,104 STREET NW,False
3140597,DOWNTOWN,79500,53.53728406129024,-113.49847015133884,9909,104 STREET NW,False
3142361,DOWNTOWN,94000,53.53728406129024,-113.49847015133884,9903,104 STREET NW,False
3049988,WESTMOUNT,2500,53.55341753538505,-113.53135732768972,10824,121 STREET NW,False
3141942,DOWNTOWN,74500,53.53728406129024,-113.49847015133884,9909,104 STREET NW,False
3141470,DOWNTOWN,75500,53.53728406129024,-113.49847015133884,9909,104 STREET NW,False
3142684,DOWNTOWN,124000,53.53728406129024,-113.49847015133884,9903,104 STREET NW,False
3091360,MCKERNAN,500,53.51271563214842,-113.51972029857237,7603,112 STREET NW,False
3143518,DOWNTOWN,126000,53.53728406129024,-113.49847015133884,9903,104 STREET NW,False
3141678,DOWNTOWN,94000,53.53728406129024,-113.49847015133884,9909,104 STREET NW,False
3050044,WESTMOUNT,2500,53.55604274967843,-113.53136178942567,10956,121 STREET NW,False
3141991,DOWNTOWN,89000,53.53728406129024,-113.49847015133884,9909,104 STREET NW,False
3142585,DOWNTOWN,74500,53.53728406129024,-113.49847015133884,9903,104 STREET NW,False
3140837,DOWNTOWN,66000,53.53728406129024,-113.49847015133884,9909,104 STREET NW,False
3180965,ATHLONE,1500,53.585416948172345,-113.54689944450254,13023,128 AVENUE NW,False
2665404,GLENORA,497500,53.54337623457378,-113.55322129724652,13404,102 AVENUE NW,False
3042322,UNIVERSITY OF ALBERTA FARM,1085000,53.49321698296572,-113.54736675350392,5510,122 STREET NW,False
3140472,DOWNTOWN,63500,53.53728406129024,-113.49847015133884,9909,104 STREET NW,False
3050150,WESTMOUNT,2500,53.55763115361548,-113.53136427318952,11008,121 STREET NW,False
3143187,DOWNTOWN,112000,53.53728406129024,-113.49847015133884,9903,104 STREET NW,False
3142155,DOWNTOWN,77000,53.53728406129024,-113.49847015133884,9909,104 STREET NW,False
2789501,WESTMOUNT,504000,53.55872195634196,-113.539964555946,11048,126 STREET NW,False
3142577,DOWNTOWN,99000,53.53728406129024,-113.49847015133884,9903,104 STREET NW,False
3140936,DOWNTOWN,69500,53.53728406129024,-113.49847015133884,9909,104 STREET NW,False
3140985,DOWNTOWN,74000,53.53728406129024,-113.49847015133884,9909,104 STREET NW,False
3142999,DOWNTOWN,82500,53.53728406129024,-113.49847015133884,9903,104 STREET NW,False
3140183,DOWNTOWN,78000,53.53728406129024,-113.49847015133884,9909,104 STREET NW,False
3060837,RIVERDALE,500,53.548411835501554,-113.46999516389968,8812,ROWLAND ROAD NW,False
3143252,DOWNTOWN,85000,53.53728406129024,-113.49847015133884,9903,104 STREET NW,False
3141355,DOWNTOWN,77000,53.53728406129024,-113.49847015133884,9909,104 STREET NW,False
3142320,DOWNTOWN,110500,53.53728406129024,-113.49847015133884,9903,104 STREET NW,False
3050341,INGLEWOOD,2500,53.560177924694216,-113.53136888816763,11136,121 STREET NW,False
3142932,DOWNTOWN,103000,53.53728406129024,-113.49847015133884,9903,104 STREET NW,False
3029964,BARANOW,1154500,53.61289421667869,-113.54035833721451,15035,127 STREET NW,False
3140191,DOWNTOWN,61500,53.53728406129024,-113.49847015133884,9909,104 STREET NW,False
2661007,GLENORA,446000,53.54396204445505,-113.56447498605507,14014,102A AVENUE NW,False
3142791,DOWNTOWN,80500,53.53728406129024,-113.49847015133884,9903,104 STREET NW,False
3140555,DOWNTOWN,68000,53.53728406129024,-113.49847015133884,9909,104 STREET NW,False
3143690,DOWNTOWN,59500,53.53728406129024,-113.49847015133884,9919,104 STREET NW,False
3140118,DOWNTOWN,76500,53.53728406129024,-113.49847015133884,9909,104 STREET NW,False
3142510,DOWNTOWN,73500,53.53728406129024,-113.49847015133884,9903,104 STREET NW,False
3142643,DOWNTOWN,105500,53.53728406129024,-113.49847015133884,9903,104 STREET NW,False
3140431,DOWNTOWN,70500,53.53728406129024,-113.49847015133884,9909,104 STREET NW,False
3141306,DOWNTOWN,76000,53.53728406129024,-113.49847015133884,9909,104 STREET NW,False
3142197,DOWNTOWN,87500,53.53728406129024,-113.49847015133884,9903,104 STREET NW,False
3143724,DOWNTOWN,70500,53.53728406129024,-113.49847015133884,9901,104 STREET NW,False
3143039,DOWNTOWN,78000,53.53728406129024,-113.49847015133884,9903,104 STREET NW,False
3050028,WESTMOUNT,2000,53.55381269998675,-113.53135790718696,10836,121 STREET NW,False
3140787,DOWNTOWN,87500,53.53728406129024,-113.49847015133884,9909,104 STREET NW,False
3143146,DOWNTOWN,104500,53.53728406129024,-113.49847015133884,9903,104 STREET NW,False
3050192,WESTMOUNT,2500,53.55817888126624,-113.53136512264206,11024,121 STREET NW,False
3141793,DOWNTOWN,73500,53.53728406129024,-113.49847015133884,9909,104 STREET NW,False
3143310,DOWNTOWN,136500,53.53728406129024,-113.49847015133884,9903,104 STREET NW,False
2778702,INGLEWOOD,33000,53.5688307384876,-113.53131869587077,11730,121 STREET NW,False
3143542,DOWNTOWN,81500,53.53728406129024,-113.49847015133884,9903,104 STREET NW,False
3181039,ATHLONE,500,53.584794129665006,-113.54665007322858,13023,128 AVENUE NW,False
3079902,CENTRAL MCDOUGALL,287500,53.55211323787218,-113.49870943262154,10721,104 STREET NW,False
3143708,DOWNTOWN,182500,53.53728406129024,-113.49847015133884,9905,104 STREET NW,False
3181021,ATHLONE,500,53.5848748616505,-113.54669591055725,13023,128 AVENUE NW,False
3141892,DOWNTOWN,70000,53.53728406129024,-113.49847015133884,9909,104 STREET NW,False
3142601,DOWNTOWN,104000,53.53728406129024,-113.49847015133884,9903,104 STREET NW,False
3141124,DOWNTOWN,85000,53.53728406129024,-113.49847015133884,9909,104 STREET NW,False
3143120,DOWNTOWN,84500,53.53728406129024,-113.49847015133884,9903,104 STREET NW,False
3140415,DOWNTOWN,85000,53.53728406129024,-113.49847015133884,9909,104 STREET NW,False
3139961,DOWNTOWN,59000,53.53728406129024,-113.49847015133884,9909,104 STREET NW,False
3141702,DOWNTOWN,70000,53.53728406129024,-113.49847015133884,9909,104 STREET NW,False
2613461,CRESTWOOD,1470500,53.53720752951902,-113.56332028601383,13833,SUMMIT DRIVE NW,False
3180932,ATHLONE,1500,53.58568810429397,-113.54689953569223,13007,128 AVENUE NW,False
3143484,DOWNTOWN,117000,53.53728406129024,-113.49847015133884,9903,104 STREET NW,False
3141389,DOWNTOWN,92000,53.53728406129024,-113.49847015133884,9909,104 STREET NW,False
3050077,WESTMOUNT,2500,53.55645354311152,-113.53136242839972,10968,121 STREET NW,False
3140548,DOWNTOWN,71500,53.53728406129024,-113.49847015133884,9909,104 STREET NW,False
3143054,DOWNTOWN,122000,53.53728406129024,-113.49847015133884,9903,104 STREET NW,False
3143245,DOWNTOWN,84500,53.53728406129024,-113.49847015133884,9903,104 STREET NW,False
3141595,DOWNTOWN,69500,53.53728406129024,-113.49847015133884,9909,104 STREET NW,False
3142288,DOWNTOWN,75000,53.53728406129024,-113.49847015133884,9903,104 STREET NW,False
3050226,WESTMOUNT,2500,53.5584527510494,-113.53136555906622,11032,121 STREET NW,False
3140332,DOWNTOWN,66000,53.53728406129024,-113.49847015133884,9909,104 STREET NW,False
3141447,DOWNTOWN,95000,53.53728406129024,-113.49847015133884,9909,104 STREET NW,False
2661056,GLENORA,446000,53.5439620786081,-113.56426134709886,14010,102A AVENUE NW,False
2699759,WESTMOUNT,10500,53.551760783115874,-113.53133177490749,10716,121 STREET NW,False
3140688,DOWNTOWN,97000,53.53728406129024,-113.49847015133884,9909,104 STREET NW,False
3141918,DOWNTOWN,83000,53.53728406129024,-113.49847015133884,9909,104 STREET NW,False
3141066,DOWNTOWN,85000,53.53728406129024,-113.49847015133884,9909,104 STREET NW,False
3142387,DOWNTOWN,85000,53.53728406129024,-113.49847015133884,9903,104 STREET NW,False
2779585,INGLEWOOD,9000,53.57000551720819,-113.53331657889372,12223,118 AVENUE NW,False
3142650,DOWNTOWN,100000,53.53728406129024,-113.49847015133884,9903,104 STREET NW,False
3143385,DOWNTOWN,86500,53.53728406129024,-113.49847015133884,9903,104 STREET NW,False
3142338,DOWNTOWN,71000,53.53728406129024,-113.49847015133884,9903,104 STREET NW,False
3143195,DOWNTOWN,105500,53.53728406129024,-113.49847015133884,9903,104 STREET NW,False
3141579,DOWNTOWN,69000,53.53728406129024,-113.49847015133884,9909,104 STREET NW,False
3142924,DOWNTOWN,108500,53.53728406129024,-113.49847015133884,9903,104 STREET NW,False
3050127,WESTMOUNT,2500,53.55700127539152,-113.53136328509063,10984,121 STREET NW,False
3143666,DOWNTOWN,90500,53.53728406129024,-113.49847015133884,9903,104 STREET NW,False
3143450,DOWNTOWN,81000,53.53728406129024,-113.49847015133884,9903,104 STREET NW,False
3082898,STRATHCONA,1500,53.5208491538283,-113.4987017256593,,,False
3140571,DOWNTOWN,96000,53.53728406129024,-113.49847015133884,9909,104 STREET NW,False
3106275,EDMONTON NORTHLANDS,44000,53.57055701909746,-113.45413214696369,7424,118 AVENUE NW,True
3141660,DOWNTOWN,93000,53.53728406129024,-113.49847015133884,9909,104 STREET NW,False
3140761,DOWNTOWN,73000,53.53728406129024,-113.49847015133884,9909,104 STREET NW,False
3141272,DOWNTOWN,86500,53.53728406129024,-113.49847015133884,9909,104 STREET NW,False
3029659,BARANOW,3690500,53.613757480829314,-113.54040283135303,12650,151 AVENUE NW,False
3050275,INGLEWOOD,2500,53.55935646963045,-113.53136713717046,11112,121 STREET NW,False
3142957,DOWNTOWN,91500,53.53728406129024,-113.49847015133884,9903,104 STREET NW,False
3140043,DOWNTOWN,60500,53.53728406129024,-113.49847015133884,9909,104 STREET NW,False
3049954,WESTMOUNT,2500,53.5530067771711,-113.5313567175164,10812,121 STREET NW,False
3118650,INGLEWOOD,2000,53.570095637557465,-113.5313854030552,12103,118 AVENUE NW,False
3141983,DOWNTOWN,94000,53.53728406129024,-113.49847015133884,9909,104 STREET NW,False
3140951,DOWNTOWN,84500,53.53728406129024,-113.49847015133884,9909,104 STREET NW,False
3140217,DOWNTOWN,61500,53.53728406129024,-113.49847015133884,9909,104 STREET NW,False
2419000,ATHLONE,107500,53.585133942500335,-113.54887930341827,13107,128 AVENUE NW,False
3142775,DOWNTOWN,106500,53.53728406129024,-113.49847015133884,9903,104 STREET NW,False
3141769,DOWNTOWN,110000,53.53728406129024,-113.49847015133884,9909,104 STREET NW,False
2777951,INGLEWOOD,30500,53.56690257964485,-113.53131515487244,11510,121 STREET NW,False
3180940,ATHLONE,1500,53.58559771609188,-113.54689950950504,13019,128 AVENUE NW,False
2374502,CALDER,176500,53.591268593858175,-113.5308506111618,13118,121 STREET NW,False
3142528,DOWNTOWN,97500,53.53728406129024,-113.49847015133884,9903,104 STREET NW,False
3093564,EDMONTON NORTHLANDS,2000,53.56315008864613,-113.46172613889028,,,False
3143468,DOWNTOWN,81000,53.53728406129024,-113.49847015133884,9903,104 STREET NW,False
3142122,DOWNTOWN,113000,53.53728406129024,-113.49847015133884,9909,104 STREET NW,False
3141314,DOWNTOWN,72500,53.53728406129024,-113.49847015133884,9909,104 STREET NW,False
3142205,DOWNTOWN,76000,53.53728406129024,-113.49847015133884,9903,104 STREET NW,False
3140795,DOWNTOWN,83000,53.53728406129024,-113.49847015133884,9909,104 STREET NW,False
3140290,DOWNTOWN,89500,53.53728406129024,-113.49847015133884,9909,104 STREET NW,False
2778751,INGLEWOOD,1500,53.5698704097431,-113.53138496605588,11740,121 STREET NW,False
3050358,INGLEWOOD,2500,53.560314825797725,-113.53136916333406,11140,121 STREET NW,False
3143336,DOWNTOWN,87500,53.53728406129024,-113.49847015133884,9903,104 STREET NW,False
3050317,INGLEWOOD,2500,53.55976719728464,-113.53136801735003,11124,121 STREET NW,False
3139995,DOWNTOWN,79500,53.53728406129024,-113.49847015133884,9909,104 STREET NW,False
3142825,DOWNTOWN,87000,53.53728406129024,-113.49847015133884,9903,104 STREET NW,False
3140126,DOWNTOWN,76500,53.53728406129024,-113.49847015133884,9909,104 STREET NW,False
3023249,STRATHCONA,500,53.52116040742043,-113.49835744185962,8506,104 STREET NW,False
3140654,DOWNTOWN,77000,53.53728406129024,-113.49847015133884,9909,104 STREET NW,False
3140993,DOWNTOWN,70500,53.53728406129024,-113.49847015133884,9909,104 STREET NW,False
3141090,DOWNTOWN,74500,53.53728406129024,-113.49847015133884,9909,104 STREET NW,False
3141926,DOWNTOWN,89000,53.53728406129024,-113.49847015133884,9909,104 STREET NW,False
2741056,OLIVER,743000,53.54209284302026,-113.53283560594032,10130,122 STREET NW,False
3142734,DOWNTOWN,106500,53.53728406129024,-113.49847015133884,9903,104 STREET NW,False
3141413,DOWNTOWN,76500,53.53728406129024,-113.49847015133884,9909,104 STREET NW,False
3143138,DOWNTOWN,79000,53.53728406129024,-113.49847015133884,9903,104 STREET NW,False
3049996,WESTMOUNT,2500,53.55355445163767,-113.53135753091168,10828,121 STREET NW,False
3169232,ELMWOOD PARK,17000,53.58170100082768,-113.45588192804296,12505,75 STREET NW,False
3140449,DOWNTOWN,67000,53.53728406129024,-113.49847015133884,9909,104 STREET NW,False
3142411,DOWNTOWN,85000,53.53728406129024,-113.49847015133884,9903,104 STREET NW,False
3141850,DOWNTOWN,78000,53.53728406129024,-113.49847015133884,9909,104 STREET NW,False
3118486,SUMMERLEA,135000,53.52578708063404,-113.6254497960946,9020,175 STREET NW,False
3142460,DOWNTOWN,77500,53.53728406129024,-113.49847015133884,9903,104 STREET NW,False
3142379,DOWNTOWN,71000,53.53728406129024,-113.49847015133884,9903,104 STREET NW,False
3142486,DOWNTOWN,104000,53.53728406129024,-113.49847015133884,9903,104 STREET NW,False
3143427,DOWNTOWN,88500,53.53728406129024,-113.49847015133884,9903,104 STREET NW,False
3141165,DOWNTOWN,92000,53.53728406129024,-113.49847015133884,9909,104 STREET NW,False
3140894,DOWNTOWN,88500,53.53728406129024,-113.49847015133884,9909,104 STREET NW,False
3140365,DOWNTOWN,73500,53.53728406129024,-113.49847015133884,9909,104 STREET NW,False
3143583,DOWNTOWN,89000,53.53728406129024,-113.49847015133884,9903,104 STREET NW,False
3141736,DOWNTOWN,74000,53.53728406129024,-113.49847015133884,9909,104 STREET NW,False
3143088,DOWNTOWN,83000,53.53728406129024,-113.49847015133884,9903,104 STREET NW,False
3139938,DOWNTOWN,59000,53.53728406129024,-113.49847015133884,9909,104 STREET NW,False
3143526,DOWNTOWN,108000,53.53728406129024,-113.49847015133884,9903,104 STREET NW,False
3029980,BARANOW,874000,53.61226662695954,-113.53904339445772,15030,125 STREET NW,False
2639904,GLENORA,563000,53.548542482860704,-113.56517376448863,14035,106 AVENUE NW,False
3140845,DOWNTOWN,83500,53.53728406129024,-113.49847015133884,9909,104 STREET NW,False
3050036,WESTMOUNT,2500,53.55590580967224,-113.5313615638531,10952,121 STREET NW,False
3180973,ATHLONE,1500,53.58532656292736,-113.54689941722356,13023,128 AVENUE NW,False
3050184,WESTMOUNT,2500,53.55804195161176,-113.53136491206698,11020,121 STREET NW,False
3141348,DOWNTOWN,68500,53.53728406129024,-113.49847015133884,9909,104 STREET NW,False
3143096,DOWNTOWN,110000,53.53728406129024,-113.49847015133884,9903,104 STREET NW,False
3141637,DOWNTOWN,77000,53.53728406129024,-113.49847015133884,9909,104 STREET NW,False
3140373,DOWNTOWN,66000,53.53728406129024,-113.49847015133884,9909,104 STREET NW,False
3142163,DOWNTOWN,75500,53.53728406129024,-113.49847015133884,9909,104 STREET NW,False
3140241,DOWNTOWN,66000,53.53728406129024,-113.49847015133884,9909,104 STREET NW,False
3029972,BARANOW,874000,53.61289188414498,-113.53909462325052,15060,125 STREET NW,False
3143377,DOWNTOWN,80500,53.53728406129024,-113.49847015133884,9903,104 STREET NW,False
3140613,DOWNTOWN,76500,53.53728406129024,-113.49847015133884,9909,104 STREET NW,False
3141488,DOWNTOWN,95500,53.53728406129024,-113.49847015133884,9909,104 STREET NW,False
3142783,DOWNTOWN,106500,53.53728406129024,-113.49847015133884,9903,104 STREET NW,False
3142866,DOWNTOWN,82500,53.53728406129024,-113.49847015133884,9903,104 STREET NW,False
3140738,DOWNTOWN,97500,53.53728406129024,-113.49847015133884,9909,104 STREET NW,False
3143716,DOWNTOWN,126000,53.53728406129024,-113.49847015133884,9901,104 STREET NW,False
3142692,DOWNTOWN,105500,53.53728406129024,-113.49847015133884,9903,104 STREET NW,False
2277952,WELLINGTON,339500,53.59579823577694,-113.5426578718892,12804,134A AVENUE NW,False
3172624,CROMDALE,2000,53.56179484808772,-113.46202148343671,11251,79 STREET NW,False
3141025,DOWNTOWN,66500,53.53728406129024,-113.49847015133884,9909,104 STREET NW,False
3143047,DOWNTOWN,78000,53.53728406129024,-113.49847015133884,9903,104 STREET NW,False
3141215,DOWNTOWN,94000,53.53728406129024,-113.49847015133884,9909,104 STREET NW,False
3140076,DOWNTOWN,60500,53.53728406129024,-113.49847015133884,9909,104 STREET NW,False
3143153,DOWNTOWN,110000,53.53728406129024,-113.49847015133884,9903,104 STREET NW,False
3140480,DOWNTOWN,71500,53.53728406129024,-113.49847015133884,9909,104 STREET NW,False
3141538,DOWNTOWN,73000,53.53728406129024,-113.49847015133884,9909,104 STREET NW,False
3050168,WESTMOUNT,2500,53.55776808348867,-113.53136449131202,11012,121 STREET NW,False
3140860,DOWNTOWN,70000,53.53728406129024,-113.49847015133884,9909,104 STREET NW,False
2807808,INGLEWOOD,91000,53.55921494781289,-113.54407029183577,11107,129 STREET NW,False
3050069,WESTMOUNT,2500,53.55631661359717,-113.53136221780628,10964,121 STREET NW,False
3143534,DOWNTOWN,81500,53.53728406129024,-113.49847015133884,9903,104 STREET NW,False
3141181,DOWNTOWN,72000,53.53728406129024,-113.49847015133884,9909,104 STREET NW,False
3141280,DOWNTOWN,91500,53.53728406129024,-113.49847015133884,9909,104 STREET NW,False
3143419,DOWNTOWN,88000,53.53728406129024,-113.49847015133884,9903,104 STREET NW,False
3142445,DOWNTOWN,95500,53.53728406129024,-113.49847015133884,9903,104 STREET NW,False
3135506,DOWNTOWN,1136500,53.54228807556914,-113.50238486457516,10157,106 STREET NW,False
3140514,DOWNTOWN,81500,53.53728406129024,-113.49847015133884,9909,104 STREET NW,False
3140530,DOWNTOWN,68000,53.53728406129024,-113.49847015133884,9909,104 STREET NW,False
3141777,DOWNTOWN,94500,53.53728406129024,-113.49847015133884,9909,104 STREET NW,False
3050135,WESTMOUNT,2500,53.557138195338254,-113.53136348884104,10988,121 STREET NW,False
3142940,DOWNTOWN,83000,53.53728406129024,-113.49847015133884,9903,104 STREET NW,False
3140720,DOWNTOWN,70000,53.53728406129024,-113.49847015133884,9909,104 STREET NW,False
3050010,WESTMOUNT,2500,53.55369137237877,-113.53135773378084,10832,121 STREET NW,False
2677300,GLENORA,616500,53.54185461029173,-113.56400324903368,14011,101A AVENUE NW,False
3118643,INGLEWOOD,2500,53.569979479710376,-113.53138518093807,12103,118 AVENUE NW,False
3102704,DOWNTOWN,814000,53.53431282257354,-113.49994372801967,10410,97 AVENUE NW,False
3140969,DOWNTOWN,89000,53.53728406129024,-113.49847015133884,9909,104 STREET NW,False
3140209,DOWNTOWN,64500,53.53728406129024,-113.49847015133884,9909,104 STREET NW,False
3140563,DOWNTOWN,101000,53.53728406129024,-113.49847015133884,9909,104 STREET NW,False
3142767,DOWNTOWN,76000,53.53728406129024,-113.49847015133884,9903,104 STREET NW,False
3140084,DOWNTOWN,63500,53.53728406129024,-113.49847015133884,9909,104 STREET NW,False
3141561,DOWNTOWN,87500,53.53728406129024,-113.49847015133884,9909,104 STREET NW,False
3142916,DOWNTOWN,82000,53.53728406129024,-113.49847015133884,9903,104 STREET NW,False
3140662,DOWNTOWN,68500,53.53728406129024,-113.49847015133884,9909,104 STREET NW,False
3050283,INGLEWOOD,2500,53.55949338054001,-113.531367433363,11116,121 STREET NW,False
2661106,GLENORA,446000,53.5439621078867,-113.5640477081906,14006,102A AVENUE NW,False
3140175,DOWNTOWN,92000,53.53728406129024,-113.49847015133884,9909,104 STREET NW,False
3102605,DOWNTOWN,475000,53.53431198695197,-113.49959907109545,10406,97 AVENUE NW,False
3141496,DOWNTOWN,92500,53.53728406129024,-113.49847015133884,9909,104 STREET NW,False
3143260,DOWNTOWN,112500,53.53728406129024,-113.49847015133884,9903,104 STREET NW,False
3141843,DOWNTOWN,74000,53.53728406129024,-113.49847015133884,9909,104 STREET NW,False
3140035,DOWNTOWN,62000,53.53728406129024,-113.49847015133884,9909,104 STREET NW,False
3142494,DOWNTOWN,97500,53.53728406129024,-113.49847015133884,9903,104 STREET NW,False
3141173,DOWNTOWN,97500,53.53728406129024,-113.49847015133884,9909,104 STREET NW,False
3142668,DOWNTOWN,75500,53.53728406129024,-113.49847015133884,9903,104 STREET NW,False
3142098,DOWNTOWN,94000,53.53728406129024,-113.49847015133884,9909,104 STREET NW,False
3140928,DOWNTOWN,71000,53.53728406129024,-113.49847015133884,9909,104 STREET NW,False
3141249,DOWNTOWN,71500,53.53728406129024,-113.49847015133884,9909,104 STREET NW,False
3143492,DOWNTOWN,88500,53.53728406129024,-113.49847015133884,9903,104 STREET NW,False
3143013,DOWNTOWN,109500,53.53728406129024,-113.49847015133884,9903,104 STREET NW,False
3142569,DOWNTOWN,104500,53.53728406129024,-113.49847015133884,9903,104 STREET NW,False
3140753,DOWNTOWN,81500,53.53728406129024,-113.49847015133884,9909,104 STREET NW,False
3141819,DOWNTOWN,70000,53.53728406129024,-113.49847015133884,9909,104 STREET NW,False
3143344,DOWNTOWN,88000,53.53728406129024,-113.49847015133884,9903,104 STREET NW,False
3142593,DOWNTOWN,79500,53.53728406129024,-113.49847015133884,9903,104 STREET NW,False
2699809,WESTMOUNT,8500,53.5522400857332,-113.5313555349552,12105,108 AVENUE NW,False
3177201,CENTRAL MCDOUGALL,356000,53.554409718518414,-113.5042274820148,10839,107 STREET NW,False
3050259,INGLEWOOD,2500,53.55908264587476,-113.53136655748185,11104,121 STREET NW,False
3140456,DOWNTOWN,85000,53.53728406129024,-113.49847015133884,9909,104 STREET NW,False
3143617,DOWNTOWN,110000,53.53728406129024,-113.49847015133884,9903,104 STREET NW,False
3143443,DOWNTOWN,115000,53.53728406129024,-113.49847015133884,9903,104 STREET NW,False
3142247,DOWNTOWN,81000,53.53728406129024,-113.49847015133884,9903,104 STREET NW,False
3091352,MCKERNAN,500,53.51271556757619,-113.51956870397328,7603,112 STREET NW,False
2660959,GLENORA,445500,53.54396201485971,-113.56468862420807,14018,102A AVENUE NW,False
3168010,RITCHIE,141000,53.51163664122805,-113.4880688356322,9938,75 AVENUE NW,False
3142270,DOWNTOWN,91500,53.53728406129024,-113.49847015133884,9903,104 STREET NW,False
3141603,DOWNTOWN,88000,53.53728406129024,-113.49847015133884,9909,104 STREET NW,False
3177003,CENTRAL MCDOUGALL,290000,53.55413559980797,-113.5042274478689,10831,107 STREET NW,False
3141827,DOWNTOWN,89000,53.53728406129024,-113.49847015133884,9909,104 STREET NW,False
3141884,DOWNTOWN,89000,53.53728406129024,-113.49847015133884,9909,104 STREET NW,False
3140142,DOWNTOWN,63500,53.53728406129024,-113.49847015133884,9909,104 STREET NW,False
3141454,DOWNTOWN,75000,53.53728406129024,-113.49847015133884,9909,104 STREET NW,False
3143237,DOWNTOWN,112000,53.53728406129024,-113.49847015133884,9903,104 STREET NW,False
3143633,DOWNTOWN,98000,53.53728406129024,-113.49847015133884,9903,104 STREET NW,False
3029691,BARANOW,767000,53.61284352918607,-113.53746617916217,15065,125 STREET NW,False
3049962,WESTMOUNT,2500,53.55314369388597,-113.53135692164282,10816,121 STREET NW,False
3082906,STRATHCONA,500,53.52086465824302,-113.49883014650854,,,False
3141132,DOWNTOWN,67000,53.53728406129024,-113.49847015133884,9909,104 STREET NW,False
3140399,DOWNTOWN,86000,53.53728406129024,-113.49847015133884,9909,104 STREET NW,False
3143112,DOWNTOWN,104500,53.53728406129024,-113.49847015133884,9903,104 STREET NW,False
3142130,DOWNTOWN,91000,53.53728406129024,-113.49847015133884,9909,104 STREET NW,False
3142627,DOWNTOWN,78500,53.53728406129024,-113.49847015133884,9903,104 STREET NW,False
3189305,DOWNTOWN,500,53.54153895831047,-113.49826069156448,10122,103 STREET NW,False
3139946,DOWNTOWN,74500,53.53728406129024,-113.49847015133884,9909,104 STREET NW,False
3141207,DOWNTOWN,72000,53.53728406129024,-113.49847015133884,9909,104 STREET NW,False
3140811,DOWNTOWN,65500,53.53728406129024,-113.49847015133884,9909,104 STREET NW,False
3142973,DOWNTOWN,108500,53.53728406129024,-113.49847015133884,9903,104 STREET NW,False
3143161,DOWNTOWN,86000,53.53728406129024,-113.49847015133884,9903,104 STREET NW,False
3143294,DOWNTOWN,80500,53.53728406129024,-113.49847015133884,9903,104 STREET NW,False
3140498,DOWNTOWN,64500,53.53728406129024,-113.49847015133884,9909,104 STREET NW,False
3042348,UNIVERSITY OF ALBERTA FARM,1050000,53.49683802033155,-113.54209105517114,5510,122 STREET NW,False
3141694,DOWNTOWN,73000,53.53728406129024,-113.49847015133884,9909,104 STREET NW,False
3050218,WESTMOUNT,2500,53.55831581543878,-113.53136534040998,11028,121 STREET NW,False
3181013,ATHLONE,500,53.58496524798918,-113.54674276252332,13023,128 AVENUE NW,False
2575801,HAGMANN ESTATE INDUSTRIAL,259500,53.58139198925844,-113.53901651449782,12519,126 STREET NW,False
3140886,DOWNTOWN,70000,53.53728406129024,-113.49847015133884,9909,104 STREET NW,False
3143575,DOWNTOWN,117500,53.53728406129024,-113.49847015133884,9903,104 STREET NW,False
2741007,OLIVER,754000,53.54200173384639,-113.53283810256367,10126,122 STREET NW,False
3143278,DOWNTOWN,106500,53.53728406129024,-113.49847015133884,9903,104 STREET NW,False
3140266,DOWNTOWN,64500,53.53728406129024,-113.49847015133884,9909,104 STREET NW,False
3141645,DOWNTOWN,73500,53.53728406129024,-113.49847015133884,9909,104 STREET NW,False
3101524,DOWNTOWN,500,53.54030916122295,-113.49641567204688,10060,102 STREET NW,False
3142833,DOWNTOWN,107500,53.53728406129024,-113.49847015133884,9903,104 STREET NW,False
3143674,DOWNTOWN,275000,53.53728406129024,-113.49847015133884,9907,104 STREET NW,False
3142213,DOWNTOWN,69000,53.53728406129024,-113.49847015133884,9903,104 STREET NW,False
3140852,DOWNTOWN,88500,53.53728406129024,-113.49847015133884,9909,104 STREET NW,False
3142015,DOWNTOWN,74000,53.53728406129024,-113.49847015133884,9909,104 STREET NW,False
3141322,DOWNTOWN,107500,53.53728406129024,-113.49847015133884,9909,104 STREET NW,False
3180981,ATHLONE,1500,53.58523623698132,-113.54689938870528,13023,128 AVENUE NW,False
3042413,TAWA,0,53.46479598137394,-113.42275806102224,5057,34 AVENUE NW,False
2699957,WESTMOUNT,2500,53.55273292861013,-113.53135630278702,12110,108 AVENUE NW,False
3050176,WESTMOUNT,2500,53.55790501746134,-113.53136470154024,11016,121 STREET NW,False
3143203,DOWNTOWN,80000,53.53728406129024,-113.49847015133884,9903,104 STREET NW,False
3142064,DOWNTOWN,96000,53.53728406129024,-113.49847015133884,9909,104 STREET NW,False
2807857,INGLEWOOD,475000,53.55907794853256,-113.5440704545399,11103,129 STREET NW,False
3140910,DOWNTOWN,98500,53.53728406129024,-113.49847015133884,9909,104 STREET NW,False
2789402,WESTMOUNT,402500,53.55844807784728,-113.53996420082116,11038,126 STREET NW,False
3045739,BLATCHFORD AREA,180000,53.5648805671342,-113.51752363898808,11356,KINGSWAY NW,True
3141744,DOWNTOWN,83000,53.53728406129024,-113.49847015133884,9909,104 STREET NW,False
3141009,DOWNTOWN,89000,53.53728406129024,-113.49847015133884,9909,104 STREET NW,False
3054301,BOYLE STREET,30000,53.54501402940717,-113.4796253641996,9516,JASPER AVENUE NW,True
2741205,OLIVER,578500,53.54240049116021,-113.53283937640492,10140,122 STREET NW,False
3142346,DOWNTOWN,71000,53.53728406129024,-113.49847015133884,9903,104 STREET NW,False
3141371,DOWNTOWN,87000,53.53728406129024,-113.49847015133884,9909,104 STREET NW,False
3140316,DOWNTOWN,66000,53.53728406129024,-113.49847015133884,9909,104 STREET NW,False
2577302,PRINCE CHARLES,290500,53.57996778831508,-113.5390157534661,12421,126 STREET NW,False
3124773,KENNEDALE INDUSTRIAL,165500,53.586573569645125,-113.42496541362368,12816,54 STREET NW,False
3050325,INGLEWOOD,2500,53.55990410347916,-113.5313683051405,11128,121 STREET NW,False
3141520,DOWNTOWN,82000,53.53728406129024,-113.49847015133884,9909,104 STREET NW,False
3142874,DOWNTOWN,107500,53.53728406129024,-113.49847015133884,9903,104 STREET NW,False
3141967,DOWNTOWN,78000,53.53728406129024,-113.49847015133884,9909,104 STREET NW,False
3140621,DOWNTOWN,82000,53.53728406129024,-113.49847015133884,9909,104 STREET NW,False
3140134,DOWNTOWN,60500,53.53728406129024,-113.49847015133884,9909,104 STREET NW,False
3142536,DOWNTOWN,121000,53.53728406129024,-113.49847015133884,9903,104 STREET NW,False
3717501,MCCAULEY,146000,53.5560517109999,-113.48588238887524,9517,109 AVENUE NW,False
3794641,MCKERNAN,500,53.51181607968208,-113.52047735384356,11203,76 AVENUE NW,False
3873080,RITCHIE,1000,53.51280300918048,-113.48170181605548,9741,77 AVENUE NW,False
3674314,BOYLE STREET,2074000,53.54880951812393,-113.48362986085452,10415,96 STREET NW,True
3312204,OLIVER,1696500,53.54529785973432,-113.5152530606292,10319,113 STREET NW,False
3691607,MCCAULEY,206000,53.55153215119047,-113.48481209066122,9547,106A AVENUE NW,False
3771771,MACTAGGART,44500,53.43303995743686,-113.57605774621756,121,RABBIT HILL ROAD NW,False
3794690,MCKERNAN,1000,53.51215812085261,-113.52017450476548,11203,76 AVENUE NW,False
3629409,MCCAULEY,100000,53.55688064487567,-113.49320202268343,10975,98 STREET NW,False
3746013,LAUDERDALE,1500,53.58492848791645,-113.49397698298696,10102,127 AVENUE NW,False
3435906,OLIVER,1329500,53.54128357346545,-113.52258908872808,11656,JASPER AVENUE NW,False
3771250,KLARVATTEN,5916000,53.64442810059083,-113.47294122954496,18069,85 STREET NW,False
3856838,ANTHONY HENDAY TERWILLEGAR,503500,53.444877563678126,-113.59666524919312,15803,16 AVENUE NW,False
3794955,CALDER,500,53.59033537637595,-113.51917964838816,13015,115 STREET NW,False
3659505,BOYLE STREET,379500,53.54599525294374,-113.48182800590357,9550,102A AVENUE NW,False
3251600,QUEEN MARY PARK,190500,53.551129689299856,-113.5097436704619,10657,110 STREET NW,False
3791662,BOYLE STREET,0,53.54522661213234,-113.48082977371358,9540,102 AVENUE NW,False
3326907,QUEEN MARY PARK,335000,53.558455966950746,-113.51053519961592,11003,111 AVENUE NW,False
3889201,CROMDALE,9000,53.56001643867999,-113.46928287795484,8316,111 AVENUE NW,True
3770849,ANTHONY HENDAY TERWILLEGAR,350000,53.45585159828074,-113.61248886508125,16860,23 AVENUE NW,True
3200573,CENTRAL MCDOUGALL,37000,53.5483154098407,-113.50610380741792,10529,108 STREET NW,False
3658309,BOYLE STREET,270000,53.54629339165814,-113.48244818192693,9559,103 AVENUE NW,False
3299708,QUEEN MARY PARK,3656000,53.555877266601485,-113.5147089067363,10935,113 STREET NW,False
3771227,KLARVATTEN,198000,53.64563079477223,-113.4743649827654,18220,89 STREET NW,False
3795283,WESTMOUNT,500,53.55155489547516,-113.53161178864602,12130,107 AVENUE NW,False
3225208,DOWNTOWN,1148000,53.54188021264375,-113.50711687823136,10154,108 STREET NW,False
3795556,OLIVER,500,53.54109767012893,-113.51784366839986,11402,JASPER AVENUE NW,False
3857638,TERRACE HEIGHTS,500,53.54193503881967,-113.4330175743601,10106,67 STREET NW,False
3857992,TERRACE HEIGHTS,500,53.54132767791916,-113.44166505886945,10102,74 STREET NW,False
3364304,PRINCE RUPERT,323500,53.56313265855592,-113.51943293421309,11508,113 AVENUE NW,False
3795150,FOREST HEIGHTS,500,53.54985607901328,-113.45643067562116,8321,ROWLAND ROAD NW,False
3873148,BONNIE DOON,500,53.52736889379185,-113.4723627946552,9203,95 STREET NW,False
3224458,DOWNTOWN,1771000,53.54277004638502,-113.50711657866222,10180,108 STREET NW,False
3798840,MCCAULEY,78000,53.55734865109356,-113.47953149692826,9111,110 AVENUE NW,True
3771813,ANTHONY HENDAY TERWILLEGAR,58500,53.43611633278834,-113.5951223872198,210,156 STREET NW,False
3858222,WINDSOR PARK,1500,53.52742103646956,-113.53800965389064,9010,120 STREET NW,False
3794633,MCKERNAN,1000,53.512157992503326,-113.52062906840594,11203,76 AVENUE NW,False
3795473,CENTRAL MCDOUGALL,500,53.54789883244669,-113.49393443118916,10104,105 AVENUE NW,False
3873064,RITCHIE,1000,53.51280346474668,-113.4820049799011,,,False
3882701,MCCAULEY,461000,53.55884302115557,-113.48077650167512,9111,110 AVENUE NW,False
3629508,MCCAULEY,98500,53.55696831742936,-113.49323655229452,10975,98 STREET NW,False
3778891,CANOSSA,109500,53.64151166400176,-113.5228148252556,18040,112 STREET NW,False
3776929,CROMDALE,500,53.56197515469376,-113.46172333089538,11258,78 STREET NW,False
3794682,MCKERNAN,500,53.511815855797884,-113.52017337509524,11203,76 AVENUE NW,False
3872579,KENNEDALE INDUSTRIAL,433500,53.58712281105124,-113.4295467122556,12840,57 STREET NW,False
3236254,PRINCE RUPERT,540000,53.55965744027208,-113.50788200741368,11131,109 STREET NW,False
3658101,BOYLE STREET,232000,53.54634354088385,-113.48215580384436,9553,103 AVENUE NW,False
3795127,ALBERTA AVENUE,500,53.57545622877368,-113.49179863665066,12109,97 STREET NW,False
3873155,BONNIE DOON,500,53.52745927414156,-113.47236343889035,9203,95 STREET NW,False
3771680,MACEWAN,64500,53.43196347066287,-113.51956087640914,104,111 STREET SW,False
3436003,OLIVER,1243500,53.54128365622721,-113.52283419820851,10103,117 STREET NW,False
3659406,BOYLE STREET,379500,53.545970109382765,-113.48197439741838,9554,102A AVENUE NW,False
3236205,PRINCE RUPERT,801500,53.55923177389057,-113.50742835815728,11106,108 STREET NW,False
3658002,BOYLE STREET,263500,53.546368614598094,-113.4820096247374,9549,103 AVENUE NW,False
3251501,QUEEN MARY PARK,190500,53.55106119695422,-113.50974362161595,10653,110 STREET NW,False
3881901,MCCAULEY,928000,53.55748860154591,-113.47989650091004,9111,109A AVENUE NW,False
3788155,ANTHONY HENDAY SOUTH,1387500,53.43577113084192,-113.5347375589458,103,127 STREET NW,False
3658200,BOYLE STREET,232000,53.54631847067608,-113.4823020038574,9555,103 AVENUE NW,False
3795317,WESTMOUNT,500,53.55196581078597,-113.53161251807362,12136,107 AVENUE NW,False
3717303,MCCAULEY,143500,53.55609562644362,-113.48561443535478,9511,109 AVENUE NW,False
3858321,DOWNTOWN,500,53.54031518920158,-113.50560209104364,10050,107 STREET NW,False
3808565,KINOKAMAU PLAINS AREA,11282000,53.57558553198055,-113.62171312442594,12220,170 STREET NW,False
3834983,HENDERSON ESTATES,83000,53.46889291116368,-113.59693377554709,3430,RIVERBEND ROAD NW,False
3771052,CRYSTALLINA NERA EAST,828500,53.64414328513583,-113.45433949175276,18104,66 STREET NW,False
3629805,MCCAULEY,109000,53.55731899456657,-113.4933746866474,10975,101 STREET NW,False
3873072,RITCHIE,1000,53.51280323886139,-113.48185339658946,,,False
3884806,MCCAULEY,2676000,53.55976052427807,-113.48162376813858,11035,92 STREET NW,False
3873916,PARKALLEN,500,53.50802293392576,-113.51389834936496,10941,72 AVENUE NW,False
3224607,DOWNTOWN,914000,53.54256478796293,-113.50711667968493,10172,108 STREET NW,False
3858115,WESTMOUNT,500,53.5586204140655,-113.54194761929467,11042,ST ALBERT TRAIL NW,False
3779113,ANTHONY HENDAY SOUTH WEST,242500,53.479414800839,-113.6610107706702,19503,45 AVENUE NW,False
3794096,MCCAULEY,66000,53.55884302115557,-113.48077650167512,11100,STADIUM ROAD NW,True
3792108,MCCAULEY,172500,53.55394388232763,-113.4818954752632,9331,107A AVENUE NW,False
3873056,RITCHIE,1000,53.51280368575302,-113.48215656517984,9747,77 AVENUE NW,False
3794674,MCKERNAN,1000,53.51215807721765,-113.52032602609164,11203,76 AVENUE NW,False
3873114,RITCHIE,4500,53.51280255759868,-113.4813986449566,9733,77 AVENUE NW,False
3795135,ALBERTA AVENUE,500,53.57554522460349,-113.49179867989704,12111,97 STREET NW,False
3791688,BOYLE STREET,16881500,53.54531013198831,-113.48038755716016,9530,102 AVENUE NW,False
3771821,ANTHONY HENDAY TERWILLEGAR,370000,53.45040387537962,-113.60621228354748,16257,23 AVENUE NW,False
3236304,PRINCE RUPERT,48000,53.55950608175793,-113.50746632105108,11104,108 STREET NW,True
3675006,BOYLE STREET,188000,53.54860053695055,-113.48308580151703,9546,104 AVENUE NW,False
3809332,BLACKBURNE,12500,53.43041937522858,-113.51170110783958,50,BLACKBURN DRIVE WEST SW,False
3856788,ANTHONY HENDAY TERWILLEGAR,998500,53.44125934939348,-113.59703184018926,904,156 STREET NW,False
3857968,SHERBROOKE,500,53.57595072614422,-113.54528607362842,12148,129 STREET NW,False
3770997,CRYSTALLINA NERA EAST,1444000,53.64414051997024,-113.45603028285134,18104,66 STREET NW,False
3791670,BOYLE STREET,2819000,53.54522661213234,-113.48082977371358,9540,102 AVENUE NW,False
3792009,MCCAULEY,172500,53.55397219743004,-113.48175136696776,9331,107A AVENUE NW,False
3771532,OLIVER,10500,53.53761428913703,-113.51893663492255,9909,115 STREET NW,False
3794617,BALWIN,500,53.586150438654215,-113.46636423333612,12807,82 STREET NW,False
3872835,BEVERLY HEIGHTS,500,53.56193034859064,-113.402853182089,3843,109 AVENUE NW,False
3795325,WESTMOUNT,500,53.55182884364072,-113.53161226959978,12134,107 AVENUE NW,False
3224706,DOWNTOWN,1139000,53.5424278723998,-113.5071167275528,10164,108 STREET NW,False
3784816,ANTHONY HENDAY,117000,53.54458602944416,-113.66305038189502,10303,199 STREET NW,True
3659307,BOYLE STREET,379500,53.54594494814968,-113.4821207957637,9556,102A AVENUE NW,False
3779873,SOUTH TERWILLEGAR,236000,53.43449328632494,-113.58383360936286,115,156 STREET NW,False
3857562,RIVERDALE,500,53.54145373014284,-113.46540681866207,9902,87 STREET NW,False
3873098,RITCHIE,1000,53.51280278326104,-113.48155023050737,9737,77 AVENUE NW,False
3629706,MCCAULEY,223000,53.55718736547631,-113.49332195832854,10975,101 STREET NW,False
3674868,BOYLE STREET,1161000,53.54847166038687,-113.48372717287322,10401,96 STREET NW,False
3691508,MCCAULEY,173500,53.5515571373119,-113.48466578615091,9545,106A AVENUE NW,False
3251709,QUEEN MARY PARK,418000,53.55123235513577,-113.50974376946738,10661,110 STREET NW,False
3771722,ANTHONY HENDAY TERWILLEGAR,500,53.43007519723895,-113.58343258517024,115,156 STREET NW,False
3798105,MCCAULEY,172500,53.55443282472836,-113.48216682831652,9338,107A AVENUE NW,False
3857646,TERRACE HEIGHTS,500,53.541934920461415,-113.432787749755,10106,67 STREET NW,False
3678406,MCCAULEY,9500,53.54867182722741,-113.48769531307966,10465,97 STREET NW,False
3794658,MCKERNAN,1000,53.51215835348677,-113.52047806466364,11203,76 AVENUE NW,False
3251402,QUEEN MARY PARK,431000,53.55095854924422,-113.5097435608768,10651,110 STREET NW,False
3856861,WINDERMERE,0,53.443066777027546,-113.60709086000828,16303,16 AVENUE NW,False
3794880,CALDER,500,53.58831742346482,-113.51744550562525,12921,114 STREET NW,False
3784824,ANTHONY HENDAY,1380500,53.54511307862918,-113.65814553897316,19204,STONY PLAIN ROAD NW,False
3795291,WESTMOUNT,500,53.551691867087,-113.53161202877352,12132,107 AVENUE NW,False
3787868,BOYLE STREET,335500,53.54673956621809,-113.48003932214804,10264,95 STREET NW,False
3235827,PRINCE RUPERT,1268000,53.5597333005451,-113.50717706232872,11110,108 STREET NW,False
3794666,MCKERNAN,500,53.51181556661931,-113.5203248303476,11212,75 AVENUE NW,False
3880606,MCCAULEY,875000,53.55579864035698,-113.47886659993532,9111,108A AVENUE NW,False
3674900,BOYLE STREET,188000,53.54857562633342,-113.48323197437747,9552,104 AVENUE NW,False
3857653,TERRACE HEIGHTS,500,53.54193480130945,-113.43255791678426,10106,67 STREET NW,False
3224854,DOWNTOWN,1504500,53.54215404310022,-113.50711672368912,10154,108 STREET NW,False
3326709,QUEEN MARY PARK,326000,53.558456117894735,-113.51106856164776,11011,111 AVENUE NW,False
3659208,BOYLE STREET,379500,53.54591983173639,-113.4822672099836,9560,102A AVENUE NW,False
3247905,DOWNTOWN,9500,53.53425249821855,-113.50879146540385,9704,109 STREET NW,False
3795333,FULTON PLACE,500,53.54171762007243,-113.42414685503012,5620,101 AVENUE NW,False
3795275,WESTMOUNT,500,53.558782770251,-113.55035662018943,13223,111 AVENUE NW,False
3795218,GLENGARRY,4500,53.59252667434188,-113.46749238700512,13202,82 STREET NW,False
3312154,OLIVER,1699500,53.54509240464972,-113.51525315630155,10315,113 STREET NW,False
3861515,RIVERDALE,9684000,53.543498170856026,-113.46510666906823,1,SUNDANCE NW,True
3770815,ANTHONY HENDAY TERWILLEGAR,10500,53.45826446348448,-113.61546255158387,2704,170 STREET NW,False
3794625,MCKERNAN,500,53.511814987687856,-113.52062774010248,11203,76 AVENUE NW,False
3795143,FOREST HEIGHTS,500,53.55028085543113,-113.45487103706076,8219,ROWLAND ROAD NW,False
4011706,SPRUCE AVENUE,1000,53.56547729285298,-113.49289202240296,11443,101 STREET NW,False
4240362,CHAPPELLE,461500,53.402253960562255,-113.59350488087487,4665,CHEGWIN WYND SW,False
4261707,GARNEAU,24000,53.522842218802765,-113.50768089304852,8648,108 STREET NW,True
4138889,SATOO,1493000,53.44660371557495,-113.45214453487596,1704,MILL WOODS ROAD NW,False
4262606,PARKDALE,3660500,53.568115755694606,-113.47255388775618,11648,85 STREET NW,False
4056479,RURAL NORTH EAST SOUTH STURGEON,29500,53.61060790691356,-113.34795254696613,323,153 AVENUE NW,False
4082012,INGLEWOOD,3500,53.56046541818418,-113.53136920659026,11153,121 STREET NW,False
4174207,ALBERTA AVENUE,172500,53.56613449878838,-113.48076391090142,11509,91 STREET NW,False
4232971,DOWNTOWN,1136500,53.542425014961616,-113.502384597497,10169,106 STREET NW,False
4066718,BONNIE DOON,500,53.53067392820153,-113.47080797066936,9357,94 STREET NW,False
4204046,EASTWOOD,207500,53.57558706376317,-113.47491116936908,12110,87 STREET NW,False
4247003,PARKDALE,206000,53.56384855178426,-113.47372441468517,11338,86 STREET NW,False
4019345,RIVER VALLEY CAMERON,0,53.47282335962418,-113.61871872975452,3900,E L SMITH ROAD NW,False
4261699,GARNEAU,3000,53.52315367906712,-113.50899859859254,,,True
4121190,MCARTHUR INDUSTRIAL,0,53.59347969325839,-113.5659288027068,13244,142 STREET NW,False
4230363,BEVERLY HEIGHTS,1957500,53.56908390997587,-113.40062346564642,11610,38 STREET NW,False
4232989,DOWNTOWN,1136500,53.5425619543478,-113.50238432966,10169,106 STREET NW,False
4261640,GARNEAU,22000,53.522842218802765,-113.50768089304852,8632,107 STREET NW,False
4200697,GORMAN,4599000,53.61885219622364,-113.37204529383168,15530,21 STREET NW,True
4028718,DOWNTOWN,8344500,53.545260383363775,-113.50343702592616,10616,103 AVENUE NW,False
4073615,KINOKAMAU PLAINS AREA,1146500,53.58136522013388,-113.62148044286448,12750,170 STREET NW,False
4240339,BONNIE DOON,500,53.52243083657256,-113.47425578131356,9523,87 AVENUE NW,False
4136321,MCCAULEY,5000,53.560940525582886,-113.47208339478,8503,112 AVENUE NW,False
4100004,ALBERTA AVENUE,138000,53.5685562140276,-113.48614067285295,11644,94 STREET NW,False
3941473,KINOKAMAU PLAINS AREA,680000,53.57640657100588,-113.64098947894853,18445,122 AVENUE NW,False
4240347,BONNIE DOON,500,53.52243068185269,-113.4743695484524,9523,87 AVENUE NW,False
4196705,ALBERTA AVENUE,165500,53.563882157699695,-113.47859867323318,11338,89 STREET NW,False
4073623,KINOKAMAU PLAINS AREA,11014500,53.58127486758692,-113.62111360806126,12720,170 STREET NW,False
4056461,RURAL NORTH EAST SOUTH STURGEON,3000,53.61283567651646,-113.34791628543144,315,153 AVENUE NW,False
4011607,SPRUCE AVENUE,160500,53.56545806875901,-113.493189418011,11443,101 STREET NW,False
4138871,BLATCHFORD AREA,500,53.57038859925185,-113.53055113189755,11802,121 STREET NW,False
4136354,MCCAULEY,5000,53.56094027580109,-113.47235937486538,8511,112 AVENUE NW,False
4174017,ALBERTA AVENUE,377500,53.56599890526403,-113.48076267391072,11505,91 STREET NW,False
4136313,MCCAULEY,6000,53.56094018381585,-113.47274890067162,11143,STADIUM ROAD NW,False
4204038,EASTWOOD,203500,53.57558706376317,-113.47491116936908,12112,87 STREET NW,False
4078762,RHATIGAN RIDGE,458500,53.47332797562625,-113.589956721432,331,REEVES WAY NW,False
4890778,ELMWOOD PARK,172000,53.581684206917984,-113.45733882693683,12510,75 STREET NW,False
4297560,SOUTHEAST INDUSTRIAL,1987000,53.50776231832258,-113.37914574807932,2210,70 AVENUE NW,False
4422705,VIRGINIA PARK,186000,53.56196063544789,-113.4487606109507,7301,112 AVENUE NW,False
4377800,EDMONTON NORTHLANDS,130000,53.56324012814046,-113.46207088389932,11315,79 STREET NW,False
5014485,BEVERLY HEIGHTS,207000,53.567045400060486,-113.41110646414548,4430,114 AVENUE NW,False
4379723,CROMDALE,64000,53.56233534271978,-113.46202266499442,11263,79 STREET NW,False
4382305,CROMDALE,118000,53.56107502158896,-113.46183580889804,11232,78 STREET NW,False
4672358,MONTROSE,243500,53.57219969178266,-113.43114125277349,11864,58 STREET NW,False
4824207,EASTWOOD,310000,53.57531547251016,-113.46603038609194,12102,81 STREET NW,False
4379400,CROMDALE,2000,53.56197501964615,-113.46206775315672,11259,79 STREET NW,False
4873451,ELMWOOD PARK,800500,53.58170100082768,-113.45588192804296,12515,75 STREET NW,True
4381802,CROMDALE,189500,53.56086753099728,-113.46220317872157,11227,79 STREET NW,False
4378907,CROMDALE,1500,53.5614961692768,-113.46206668847904,11241,79 STREET NW,False
4890851,ELMWOOD PARK,159500,53.58211036789295,-113.45733883049806,12524,75 STREET NW,False
4875258,ELMWOOD PARK,1000,53.57768668944209,-113.4594510447832,12231,77 STREET NW,False
4270708,PARKDALE,177500,53.56287277640772,-113.47286947738291,11303,86 STREET NW,False
4278602,MCCAULEY,12000,53.560946612111,-113.47136580862308,11147,85 STREET NW,False
4892253,EASTWOOD,7500,53.57073471805595,-113.4685856114612,8230,118 AVENUE NW,False
5435656,BELMONT,14000,53.59274630965553,-113.39559100415391,3405,132A AVENUE NW,False
4333506,PARKDALE,304500,53.56441270278941,-113.4668033761989,11403,82 STREET NW,False
4379657,CROMDALE,64000,53.56224525575633,-113.46202244360012,11261,79 STREET NW,False
4377602,EDMONTON NORTHLANDS,141000,53.56305934971099,-113.46202453448969,11309,79 STREET NW,False
4397204,VIRGINIA PARK,407000,53.561003121585,-113.45284323947644,7508,111 AVENUE NW,False
4377701,EDMONTON NORTHLANDS,130000,53.56314971345791,-113.46207071939712,11311,79 STREET NW,False
4422507,VIRGINIA PARK,68500,53.56193068089668,-113.4492141291634,7309,112 AVENUE NW,False
4824108,EASTWOOD,288000,53.575452384452056,-113.4660304463755,12106,81 STREET NW,False
4278701,MCCAULEY,25000,53.560958956449305,-113.47072190232656,11146,84 STREET NW,False
4379418,CROMDALE,271000,53.56206509782861,-113.4620219826463,11260,78 STREET NW,False
4382107,CROMDALE,91500,53.56090628213707,-113.46183532891142,11224,78 STREET NW,False
4379004,CROMDALE,1500,53.56157570294699,-113.46206677701666,11245,79 STREET NW,False
4379558,CROMDALE,1000,53.56215538203437,-113.46218268065046,11261,79 STREET NW,False
4380002,CROMDALE,2000,53.56260558119936,-113.46202334304336,11275,79 STREET NW,False
4378006,EDMONTON NORTHLANDS,174000,53.56348856400507,-113.46202533713736,11323,79 STREET NW,False
4882023,ELMWOOD PARK,236500,53.57848069003515,-113.45799314906436,12309,76 STREET NW,False
5483557,HAIRSINE,0,53.60057789037683,-113.38783186140115,13730,VICTORIA TRAIL NW,False
4377503,EDMONTON NORTHLANDS,137500,53.56296893548195,-113.46202437158794,11305,79 STREET NW,False
4422408,VIRGINIA PARK,462500,53.56191402245452,-113.44941464798964,7311,112 AVENUE NW,False
4333605,PARKDALE,261500,53.56450341297245,-113.46680261273588,11405,82 STREET NW,False
5005400,BEVERLY HEIGHTS,4887500,53.56858270617485,-113.40455936563978,11602,40 STREET NW,False
4270815,PARKDALE,170000,53.56296320770155,-113.4728695499992,11307,86 STREET NW,False
4638201,HIGHLANDS,423000,53.566262242607216,-113.41956989975938,11121,51 STREET NW,False
4579504,HIGHLANDS,397000,53.567100270363056,-113.43302325738344,11234,61 STREET NW,False
4936308,EASTWOOD,6500,53.57657616797227,-113.47728646224104,8821,122 AVENUE NW,False
4382206,CROMDALE,104500,53.5609885994564,-113.46183556778688,11226,78 STREET NW,False
5688791,MCCONACHIE,1541000,53.63303933815401,-113.41719475368308,17103,50 STREET NW,False
4378105,EDMONTON NORTHLANDS,11000,53.563585595018736,-113.46202549003618,11325,79 STREET NW,False
6101109,ALBERTA AVENUE,525500,53.57088762052531,-113.48622081648357,11814,94 STREET NW,False
4814901,YELLOWHEAD CORRIDOR EAST,1100000,53.58327956740021,-113.45168551154576,12607,72 STREET NW,False
4314001,MCCAULEY,500,53.560899890244805,-113.47002113373242,11145,84 STREET NW,False
5063383,BEACON HEIGHTS,316500,53.57095126156253,-113.41334629180784,11811,47 STREET NW,False
5688007,EBBERS,49000,53.61424370327588,-113.394075957267,15303,FORT ROAD NW,False
4675674,MONTROSE,4995000,53.57244515414131,-113.4351033596286,11931,62 STREET NW,False
6056709,DELTON,165500,53.57857076698416,-113.48079842271947,12307,91 STREET NW,False
4381505,CROMDALE,96000,53.5610692006592,-113.46220378585096,11233,79 STREET NW,False
4379103,CROMDALE,1500,53.56165523216001,-113.46206687376042,11247,79 STREET NW,False
4381703,CROMDALE,88000,53.560984153784695,-113.4622035333386,11231,79 STREET NW,False
4377453,EDMONTON NORTHLANDS,160500,53.562878516340064,-113.46202421554,11303,79 STREET NW,False
5062807,BEACON HEIGHTS,1205500,53.57062144152123,-113.41338112645523,11805,47 STREET NW,False
4377909,EDMONTON NORTHLANDS,182000,53.56335318928488,-113.46202508135823,11319,79 STREET NW,False
4379517,CROMDALE,0,53.562155054827976,-113.46183819547966,11260,78 STREET NW,False
4266177,BONNIE DOON,500,53.528049637430925,-113.4723676041646,9227,95 STREET NW,False
4379905,CROMDALE,64000,53.562515503678135,-113.46202312228512,11271,79 STREET NW,False
4297552,SOUTHEAST INDUSTRIAL,2510000,53.50776371984114,-113.3797359167098,2220,70 AVENUE NW,False
5077011,BEACON HEIGHTS,142000,53.5759587132283,-113.41109142158574,12122,45 STREET NW,False
4379780,CROMDALE,267000,53.5624254211796,-113.46202289404292,11265,79 STREET NW,False
4378808,CROMDALE,1500,53.561416635391936,-113.46206659239688,11239,79 STREET NW,False
4619706,HIGHLANDS,4944500,53.56870866741616,-113.42459826379684,11303,55 STREET NW,False
4421103,VIRGINIA PARK,460500,53.56005093905497,-113.44929532124856,10905,74 STREET NW,False
4379301,CROMDALE,2000,53.56188493018979,-113.46202152151236,11255,79 STREET NW,False
4944005,EASTWOOD,205000,53.575724419557964,-113.47036338794705,12117,85 STREET NW,False
4882049,ELMWOOD PARK,244000,53.57865152165134,-113.45799318354888,12311,76 STREET NW,False
5082771,BERGMAN,275500,53.57735201399554,-113.4172815858037,12214,49 STREET NW,False
6122204,ALBERTA AVENUE,164000,53.574211538869946,-113.48776910550248,12036,95 STREET NW,False
6389134,KILLARNEY,9500,53.589590764796064,-113.47918697945843,13005,90 STREET NW,False
6389126,KILLARNEY,218000,53.58948136735449,-113.47918669404754,13007,90 STREET NW,False
6870950,DUNLUCE,0,53.62196673513655,-113.53740554445004,12403,161 AVENUE NW,False
6553903,KENNEDALE INDUSTRIAL,96500,53.58730345789323,-113.42954573346113,12844,57 STREET NW,False
6326722,LAUDERDALE,286500,53.58525265741756,-113.50792544042356,12703,109 STREET NW,False
6311252,ROSSLYN,0,53.59427749807487,-113.50525131297532,13326,107 STREET NW,False
6327233,LAUDERDALE,258000,53.585430412961614,-113.50709456630824,12804,108 STREET NW,False
6357339,GLENGARRY,500,53.59644036074205,-113.47980546698304,8924,135 AVENUE NW,False
6553804,KENNEDALE INDUSTRIAL,96500,53.58739378712148,-113.42954525628882,12846,57 STREET NW,False
6389118,KILLARNEY,202000,53.589317412966615,-113.47918593101528,8920,130 AVENUE NW,False
6712103,KILKENNY,0,53.60741340543043,-113.45375288315452,7320,144 AVENUE NW,False
6494652,BELVEDERE,549000,53.58733725317097,-113.43879453895252,12890,FORT ROAD NW,False
6841761,BARANOW,71500,53.60090299020772,-113.53268841328465,12222,137 AVENUE NW,True
6122105,ALBERTA AVENUE,197500,53.57430189430024,-113.48776925069062,12040,95 STREET NW,False
6310403,ROSSLYN,0,53.59290487377591,-113.5052676596653,10730,132 AVENUE NW,False
6571608,KENNEDALE INDUSTRIAL,1197000,53.58866994434721,-113.4206069734692,12925,52 STREET NW,False
6993984,SCHONSEE,213000,53.62895681037927,-113.4451338261722,6704,167 AVENUE NW,True
7095052,QUEEN ALEXANDRA,311000,53.515460836929925,-113.5031122430084,10556,79 AVENUE NW,False
7299233,GRANDVIEW HEIGHTS,921500,53.50111824630696,-113.55188509192612,12908,66 AVENUE NW,False
7004443,WINDSOR PARK,889500,53.52458256498687,-113.53858377763136,8731,120 STREET NW,False
7223449,QUEEN ALEXANDRA,395000,53.51547373752155,-113.50897485245557,10756,79 AVENUE NW,False
7142003,GARNEAU,468000,53.51936151236524,-113.50820377614816,10738,83 AVENUE NW,False
7518103,PARKALLEN,286000,53.505896597314425,-113.51283351541444,10916,69 AVENUE NW,False
7358039,BELGRAVIA,494000,53.51715063786293,-113.53198016376676,11563,UNIVERSITY AVENUE NW,False
7867229,ASPEN GARDENS,585500,53.47473866559485,-113.54629333432312,12307,39A AVENUE NW,False
7007115,WINDSOR PARK,892500,53.52025307130306,-113.53785732121148,8323,SASKATCHEWAN DRIVE NW,False
6961197,LORELEI,345000,53.623923178470704,-113.51360930595231,16304,111 STREET NW,False
7125800,STRATHCONA,370500,53.52233853443538,-113.50069922777786,8630,105 STREET NW,False
7007131,WINDSOR PARK,956000,53.52050232484322,-113.53796635884024,8327,SASKATCHEWAN DRIVE NW,False
7861354,WESTBROOK ESTATES,1039000,53.462616300292105,-113.53968666833896,2,WESTBROOK DRIVE NW,False
7005473,WINDSOR PARK,1017500,53.523772877170536,-113.53923265827746,8714,120 STREET NW,False
7711864,RHATIGAN RIDGE,710000,53.47644931417456,-113.59914087315993,434,ROONEY CRESCENT NW,False
7227150,GARNEAU,494500,53.52166844255339,-113.50972005336226,10805,86 AVENUE NW,False
7094774,QUEEN ALEXANDRA,343500,53.51545997260997,-113.5023543576212,10540,79 AVENUE NW,False
7810351,CALGARY TRAIL NORTH,8692500,53.49164822917038,-113.4932825191881,5359,CALGARY TRAIL NW,True
6992275,EAUX CLAIRES,988000,53.62033950665524,-113.48547049038,9305,160 AVENUE NW,False
7649809,ALLENDALE,366500,53.4988926962194,-113.5053559348806,10613,62 AVENUE NW,False
7095037,QUEEN ALEXANDRA,302000,53.51546100924725,-113.50326389215944,10558,79 AVENUE NW,False
7678055,PLEASANTVIEW,655000,53.496161853241325,-113.51551586939291,5826,110 STREET NW,False
7790157,ALLENDALE,289500,53.50609830984333,-113.49875081015132,10421,70 AVENUE NW,False
7095078,QUEEN ALEXANDRA,406000,53.51546066894126,-113.50296060059138,10552,79 AVENUE NW,False
7442809,MCKERNAN,412000,53.51063744869828,-113.51948845497616,11170,73 AVENUE NW,False
7674757,PLEASANTVIEW,417500,53.49589171413737,-113.50891047894804,10807,60 AVENUE NW,False
7142102,GARNEAU,527500,53.51936185811066,-113.50835547188704,10742,83 AVENUE NW,False
7223456,QUEEN ALEXANDRA,328000,53.515474094925366,-113.50912502349009,7903,108 STREET NW,False
7223415,QUEEN ALEXANDRA,389000,53.51547263282988,-113.50851977376075,10744,79 AVENUE NW,False
7010135,WINDSOR PARK,817000,53.52447763006395,-113.5312209869704,8734,116 STREET NW,False
7301252,GRANDVIEW HEIGHTS,792500,53.499227163889344,-113.54781054027474,6228,127 STREET NW,False
6994305,SCHONSEE,5621000,53.63245124086033,-113.44602577797696,16704,66 STREET NW,False
7607708,MCKERNAN,450000,53.51104669042165,-113.5123899537658,10905,75 AVENUE NW,False
7358021,BELGRAVIA,494000,53.517186326597816,-113.53219238734457,11565,UNIVERSITY AVENUE NW,False
7358013,BELGRAVIA,503500,53.51722202257079,-113.5324046051664,11567,UNIVERSITY AVENUE NW,False
7679657,PLEASANTVIEW,419500,53.49610004144755,-113.50646103373673,10617,60A AVENUE NW,False
7300965,GRANDVIEW HEIGHTS,859500,53.49886965382783,-113.54987798636526,12807,63 AVENUE NW,False
7307820,BELGRAVIA,743000,53.51719639204436,-113.53532567620448,8008,119 STREET NW,False
7092513,QUEEN ALEXANDRA,368500,53.513563539456975,-113.50235918263354,10540,77 AVENUE NW,False
7678022,PLEASANTVIEW,691500,53.495929041585306,-113.51551542859768,5820,110 STREET NW,False
7094790,QUEEN ALEXANDRA,344000,53.515459799139,-113.50220270848492,10536,79 AVENUE NW,False
7711880,RHATIGAN RIDGE,0,53.47661321763046,-113.59934069402944,,,False
7800550,PLEASANTVIEW,583000,53.497781604482086,-113.49885340330984,10425,61 AVENUE NW,False
7870298,ASPEN GARDENS,476500,53.47930573034645,-113.54642179003194,4216,121 STREET NW,False
7449408,PARKALLEN,352500,53.50416944305523,-113.51232487647722,6704,109 STREET NW,False
7867344,ASPEN GARDENS,667000,53.474769644474186,-113.54868487879692,12511,39A AVENUE NW,False
7091457,STRATHCONA JUNCTION,171000,53.51276652119295,-113.4970565396817,7619,104 STREET NW,False
7008139,WINDSOR PARK,754000,53.51913679042748,-113.53316375415136,11708,83 AVENUE NW,False
7618804,ALLENDALE,398000,53.50417055829592,-113.51069799548613,10826,67 AVENUE NW,False
7607658,MCKERNAN,382500,53.5110466771864,-113.51254172946176,10909,75 AVENUE NW,False
7186406,GARNEAU,516000,53.5168400820134,-113.51758632200855,11055,81 AVENUE NW,False
7517907,PARKALLEN,333000,53.50589650780057,-113.51237880950244,10906,69 AVENUE NW,False
7153208,GARNEAU,353000,53.51493675979109,-113.51234944764292,10903,79 AVENUE NW,False
7853062,CALGARY TRAIL NORTH,10536500,53.485171348052944,-113.4935297882883,4607,CALGARY TRAIL NW,False
7006216,WINDSOR PARK,777500,53.52153417197575,-113.537836824665,8348,120 STREET NW,False
7223423,QUEEN ALEXANDRA,357000,53.51547300156171,-113.5086714689131,10748,79 AVENUE NW,False
7091473,STRATHCONA JUNCTION,982000,53.51291010473213,-113.4970559877556,7619,104 STREET NW,False
7790132,ALLENDALE,286000,53.50609799472191,-113.4985950953835,10417,70 AVENUE NW,False
7223407,QUEEN ALEXANDRA,274500,53.51547226887557,-113.50836808533924,10740,79 AVENUE NW,False
7084973,BLUE QUILL ESTATES,52500,53.45543202438531,-113.5395558955688,2304,119 STREET NW,False
7669245,PLEASANTVIEW,479500,53.49268451478107,-113.51141262737454,5509,109 STREET NW,False
7267396,KEHEEWIN,99000,53.4479062483612,-113.51469834408536,1851,111 STREET NW,False
7092497,QUEEN ALEXANDRA,396000,53.51356371666402,-113.50252527155034,10544,77 AVENUE NW,False
7852965,CALGARY TRAIL NORTH,6235000,53.48448362892572,-113.49353026558444,4607,CALGARY TRAIL NW,False
7802226,PLEASANTVIEW,478000,53.49697172475109,-113.50313351831817,6032,105B STREET NW,False
7125701,STRATHCONA,256500,53.52233917617393,-113.50090093382936,10507,87 AVENUE NW,False
7153109,GARNEAU,428500,53.51493693712243,-113.5125010119206,10907,79 AVENUE NW,False
7094816,QUEEN ALEXANDRA,411000,53.51545962098288,-113.5020510594038,10532,79 AVENUE NW,False
7800576,PLEASANTVIEW,452500,53.49760089122301,-113.49885359992614,6039,105 STREET NW,False
7867237,ASPEN GARDENS,506000,53.474738865163815,-113.54663764113477,12311,39A AVENUE NW,False
7666993,PLEASANTVIEW,410000,53.49389008944132,-113.51461288099848,10925,57 AVENUE NW,False
7668031,PLEASANTVIEW,683000,53.49349923514233,-113.51308100942128,5607,109A STREET NW,False
7358047,BELGRAVIA,3500,53.517129818341154,-113.53185639022529,11563,UNIVERSITY AVENUE NW,False
7316904,BELGRAVIA,820000,53.51346754813024,-113.53505829216468,7630,118 STREET NW,False
7225584,QUEEN ALEXANDRA,796000,53.514572965157015,-113.5115377470212,7807,109 STREET NW,False
7223431,QUEEN ALEXANDRA,274500,53.51547336513111,-113.50882315734226,10752,79 AVENUE NW,False
7800592,PLEASANTVIEW,1000,53.49749681667326,-113.49885348511272,6037,105 STREET NW,False
7010093,WINDSOR PARK,936000,53.52414702708958,-113.53121815050378,8726,116 STREET NW,False
7649304,ALLENDALE,819500,53.49841471573863,-113.5048631307617,10604,61 AVENUE NW,False
7125602,STRATHCONA,412500,53.52233976170512,-113.50109075818663,10509,87 AVENUE NW,False
7225626,QUEEN ALEXANDRA,687000,53.51448256833629,-113.51153755863696,7805,109 STREET NW,False
7649908,ALLENDALE,344000,53.49889264233235,-113.50554751566764,10617,62 AVENUE NW,False
7094766,QUEEN ALEXANDRA,346000,53.51546015035316,-113.5025059999231,10544,79 AVENUE NW,False
7227176,GARNEAU,437000,53.52166822443076,-113.50956837504926,10801,86 AVENUE NW,False
7186505,GARNEAU,1251000,53.516839820564215,-113.51741509956705,11051,81 AVENUE NW,False
7870108,ASPEN GARDENS,405000,53.477741018826194,-113.5472919947176,12304,42 AVENUE NW,False
7991003,UNIVERSITY OF ALBERTA FARM,1074000,53.494019981219154,-113.55690774744724,5510,122 STREET NW,False
8760605,KING EDWARD PARK,303000,53.51730935716721,-113.45535157718189,8304,81 AVENUE NW,False
8919904,HOLYROOD,542500,53.53130450103505,-113.45602210563771,9424,83 STREET NW,False
8920001,HOLYROOD,564500,53.53100312205029,-113.45587352808924,9412,83 STREET NW,False
8085300,STRATHCONA,446000,53.51933463493911,-113.49272229333612,10138,83 AVENUE NW,False
8569105,FOREST HEIGHTS,423500,53.54915205341956,-113.45602021013592,10540,83 STREET NW,False
9196288,OTTEWELL,2323500,53.52564031970549,-113.431416951577,6712,90 AVENUE NW,False
8002602,RITCHIE,1254500,53.51163553323293,-113.48837203918208,9950,75 AVENUE NW,False
8166407,STRATHCONA,374000,53.52559759831573,-113.48545982584388,9854,90 AVENUE NW,False
8028102,RITCHIE,370500,53.515840322793046,-113.488347573926,9943,80 AVENUE NW,False
8373003,STRATHEARN,430000,53.53133394248084,-113.46648090679346,9425,91 STREET NW,False
8444705,STRATHEARN,338000,53.53149964277421,-113.45792839852648,8507,95 AVENUE NW,False
8070252,STRATHCONA,390000,53.51877748779695,-113.48559694751664,9855,83 AVENUE NW,False
8902736,HOLYROOD,484000,53.53664558312884,-113.44742526065826,7704,97 AVENUE NW,False
8063802,STRATHCONA,446500,53.51878510472835,-113.48969065943776,10019,83 AVENUE NW,False
8392003,BONNIE DOON,389500,53.5255161486117,-113.464276864657,9008,89 STREET NW,False
8781304,KING EDWARD PARK,290000,53.51769639676339,-113.45416185977736,8135,82 AVENUE NW,False
8067704,STRATHCONA,360000,53.51836966125,-113.4846876435704,9850,82 AVENUE NW,False
8871535,MCINTYRE INDUSTRIAL,80500,53.48738485879279,-113.46056253637732,,,False
8085409,STRATHCONA,438500,53.519334315056994,-113.49257067279768,10132,83 AVENUE NW,False
8372906,STRATHEARN,503500,53.53120707973309,-113.46647978573444,9413,91 STREET NW,False
8274607,STRATHEARN,351000,53.532144062032046,-113.47193924029764,9254,STRATHEARN DRIVE NW,True
8372807,STRATHEARN,377000,53.53108405780868,-113.46647870765278,9409,91 STREET NW,False
7997158,KEHEEWIN,9000,53.45367377369202,-113.4934849451058,2240,CALGARY TRAIL NW,False
8781007,KING EDWARD PARK,339500,53.51769703481467,-113.45347977697692,8123,82 AVENUE NW,False
8061806,STRATHCONA,362000,53.51879193750138,-113.4925737768249,10131,83 AVENUE NW,False
8070153,STRATHCONA,461000,53.51877725447497,-113.48544540783593,9853,83 AVENUE NW,False
8614380,HAZELDEAN,381000,53.504596956557165,-113.47988935718222,9705,68 AVENUE NW,False
7968381,MALMO PLAINS,419500,53.48757966519865,-113.52328300562029,11308,50 AVENUE NW,False
8872707,MCINTYRE INDUSTRIAL,0,53.486795050191645,-113.44456917920697,4940,75 STREET NW,False
8421307,STRATHEARN,984500,53.53205480681631,-113.4620688839584,8720,95 AVENUE NW,False
8420655,STRATHEARN,1286000,53.531960970447486,-113.46141296809056,9508,87 STREET NW,False
8857245,AVONMORE,393000,53.50692201488708,-113.4513963330078,8019,71 AVENUE NW,False
8727307,KING EDWARD PARK,556500,53.513508883206505,-113.46179456751472,8706,77 AVENUE NW,False
8569204,FOREST HEIGHTS,385000,53.54901717788,-113.45602013738691,10538,83 STREET NW,False
8973885,STRATHCONA INDUSTRIAL PARK,0,53.46806923957288,-113.48109617464954,3440,97 STREET NW,False
8993230,CALGARY TRAIL NORTH,3529500,53.48620529672029,-113.49109726860011,4805,GATEWAY BOULEVARD NW,False
8274201,STRATHEARN,621000,53.53239337050776,-113.472447363988,9420,CONNORS ROAD NW,True
9032285,FULTON PLACE,354500,53.541946834672665,-113.42069879097951,5211,101A AVENUE NW,False
8955668,PARSONS INDUSTRIAL,500,53.457003257221565,-113.47050150186682,2707,92 STREET NW,False
8614356,HAZELDEAN,326000,53.50459696636236,-113.47970327892948,9703,68 AVENUE NW,False
8681801,HAZELDEAN,367000,53.50632114653197,-113.4781369755178,9627,70 AVENUE NW,False
8274706,STRATHEARN,319000,53.53189402427077,-113.47110561023216,9270,95 AVENUE NW,False
8781106,KING EDWARD PARK,376500,53.51769681491982,-113.4537071367515,8127,82 AVENUE NW,False
8579302,RITCHIE,320000,53.511624845811184,-113.48580494569424,9860,75 AVENUE NW,False
9182700,OTTEWELL,6203500,53.53129160546739,-113.42892936751826,9359,67A STREET NW,True
8420556,STRATHEARN,1358000,53.53250946306454,-113.46141513424676,9518,87 STREET NW,False
8779100,KING EDWARD PARK,330500,53.517307348556734,-113.45485899022704,8105,83 STREET NW,False
8028201,RITCHIE,313000,53.51584003988536,-113.48819613126489,9939,80 AVENUE NW,False
8064008,STRATHCONA,446500,53.51878587154528,-113.48999410389315,10025,83 AVENUE NW,False
8954687,PARSONS INDUSTRIAL,4300500,53.465546839482855,-113.47598336335425,9303,34 AVENUE NW,False
8919953,HOLYROOD,553500,53.531153811567,-113.45594781660148,9418,83 STREET NW,False
8335903,BONNIE DOON,318500,53.52460044704799,-113.46788655139387,8837,92 STREET NW,False
7996259,BRANDER GARDENS,2103000,53.491915793018464,-113.58389802677932,5450,WHITEMUD ROAD NW,False
8421281,STRATHEARN,28500,53.53205419058043,-113.46234556421666,8722,95 AVENUE NW,False
8061905,STRATHCONA,363000,53.51879223061022,-113.49272544098032,10131,83 AVENUE NW,False
8919854,HOLYROOD,531500,53.53145519045451,-113.45609639519802,9430,83 STREET NW,False
8085607,STRATHCONA,404000,53.51933365973284,-113.49226739496926,10120,83 AVENUE NW,False
8166308,STRATHCONA,608000,53.525598252276986,-113.4857630752817,9860,90 AVENUE NW,False
8781205,KING EDWARD PARK,284000,53.51769660808126,-113.45393449861494,8131,82 AVENUE NW,False
8028003,RITCHIE,208500,53.5158406099082,-113.488498994676,9947,80 AVENUE NW,False
8536062,FOREST HEIGHTS,379000,53.54552848004218,-113.44884713902704,10323,79 STREET NW,False
8827008,KING EDWARD PARK,294500,53.51543355999362,-113.443713949657,7906,75 STREET NW,False
8859084,AVONMORE,489500,53.50471528664555,-113.45211666738408,8062,ARGYLL ROAD NW,False
8431306,STRATHEARN,491500,53.53705171341413,-113.46073373332898,8731,STRATHEARN CRESCENT NW,False
8607103,HAZELDEAN,351500,53.50636973464872,-113.48444511337324,9833,70 AVENUE NW,False
8085508,STRATHCONA,396500,53.51933398503443,-113.4924190373036,10128,83 AVENUE NW,False
8421240,STRATHEARN,708500,53.53205346165107,-113.46257311654004,8724,95 AVENUE NW,False
8067803,STRATHCONA,386500,53.518369421559726,-113.48453572847752,9846,82 AVENUE NW,False
8579203,RITCHIE,345000,53.51162501660585,-113.48562781514002,9854,75 AVENUE NW,False
9516535,GIRARD INDUSTRIAL,3937000,53.51000567377237,-113.43603785288389,7021,GIRARD ROAD NW,False
9943279,STILLWATER,7258500,53.44581514889329,-113.67061726025806,1504,199 STREET NW,False
9941901,MALMO PLAINS,7755000,53.4853429153303,-113.5386972558176,101,MICHENER PARK NW,False
9517194,GIRARD INDUSTRIAL,46500,53.50756990801866,-113.44191870189891,,,False
9517228,GIRARD INDUSTRIAL,735500,53.50769433453647,-113.44197803713824,7250,GIRARD ROAD NW,False
9541905,WEIR INDUSTRIAL,3070500,53.50885087960585,-113.41589870322274,7220,48 STREET NW,False
9946583,GIRARD INDUSTRIAL,1000,53.50983432920687,-113.4351237377355,7019,GIRARD ROAD NW,False
9938478,WINDERMERE,584500,53.443066777027546,-113.60709086000828,16303,16 AVENUE NW,False
9939307,STRATHCONA,204500,53.52234026385454,-113.50126109525186,10517,87 AVENUE NW,False
9541400,WEIR INDUSTRIAL,3349000,53.50886489809291,-113.41732587051716,7225,50 STREET NW,False
9941903,MALMO PLAINS,4512500,53.48732371306546,-113.53778525838273,11731,51 AVENUE NW,True
9516626,GIRARD INDUSTRIAL,60000,53.509465196593,-113.43591909919404,7223,71 STREET NW,True
9532201,ROPER INDUSTRIAL,19982500,53.492973726947085,-113.43291771836186,5671,70 STREET NW,True
9451261,SAKAW,299000,53.44518078654749,-113.43484309811444,6407,15 AVENUE NW,False
9517160,GIRARD INDUSTRIAL,1968000,53.50702165631051,-113.44158306726338,7255,GIRARD ROAD NW,False
9815093,POLLARD MEADOWS,309000,53.45448405953192,-113.4157526090369,2119,48 STREET NW,False
9954938,PARSONS INDUSTRIAL,5579500,53.46266536282882,-113.48962833796897,10151,31 AVENUE NW,False
9951952,GARNEAU,2000,53.522842218802765,-113.50768089304852,8632,107 STREET NW,True
9966051,INGLEWOOD,2000,53.55902792420227,-113.54098967635213,11103,127 STREET NW,False
9985679,SOUTHEAST INDUSTRIAL,53526500,53.49385226363896,-113.38570368200044,6010,30 STREET NW,True
9966578,BONNIE DOON,500,53.524772544359934,-113.45983722844488,8915,87 STREET NW,False
9961244,DOWNTOWN,1144500,53.54587619891157,-113.5034363025108,10609,104 AVENUE NW,False
9984331,BOYLE STREET,500,53.54551537207659,-113.48603006515344,9863,103 AVENUE NW,False
9971958,OLIVER,500,53.541554975032206,-113.51479825265643,10104,112 STREET NW,False
9986888,PARKALLEN,500,53.508022998112935,-113.51420152912836,10949,72 AVENUE NW,False
9976540,INDUSTRIAL HEIGHTS,3500,53.57845750910021,-113.44582651179284,6726,YELLOWHEAD TRAIL NW,False
9980213,MILL WOODS TOWN CENTRE,68964000,53.45613469130962,-113.42935431583228,2331,66 STREET NW,True
9948059,BELMONT,13500,53.588912861691206,-113.3934527989431,3324,130 AVENUE NW,False
9980847,WEST SHEFFIELD INDUSTRIAL,55000,53.556961886988326,-113.61362755435307,,,False
9972036,CENTRAL MCDOUGALL,500,53.55827698825015,-113.50758610725444,11041,109 STREET NW,False
9968670,OLIVER,500,53.54109812010109,-113.52108333949074,10101,116 STREET NW,False
9978610,HODGSON,0,53.459013618342624,-113.56571622723632,2835,RABBIT HILL ROAD NW,False
9971572,GLENWOOD,3500,53.53434747732595,-113.60618273884508,9620,165 STREET NW,False
9980846,WEST SHEFFIELD INDUSTRIAL,55000,53.556961508737984,-113.6129375550034,,,False
9950641,CORONET INDUSTRIAL,28005000,53.49063582266366,-113.48725013277335,5400,99 STREET NW,False
9969714,CENTRAL MCDOUGALL,1123500,53.54808321211802,-113.50168079820476,10502,105 AVENUE NW,False
9990581,HAZELDEAN,2968500,53.50593434543031,-113.47281478456794,9336,69 AVENUE NW,False
9986408,DOWNTOWN,3404500,53.54794283700463,-113.48968511796382,10428,97 STREET NW,False
9959162,DOWNTOWN,292500,53.53493689641175,-113.50877944706544,9730,109 STREET NW,False
9969713,CENTRAL MCDOUGALL,3018000,53.54808346736157,-113.50241679644375,10505,106 STREET NW,False
9961224,DOWNTOWN,1347500,53.54601358226424,-113.50343619843925,10609,104 AVENUE NW,False
9966070,INGLEWOOD,2000,53.55902838668496,-113.54136219927004,11104,127 STREET NW,False
9976500,ANTHONY HENDAY CLAREVIEW,147500,53.617535133308095,-113.35364669016175,980,153 AVENUE NW,False
9971573,MCCAULEY,500,53.54991866494946,-113.49351631399988,10601,101 STREET NW,False
10009685,ELMWOOD PARK,44500,53.579173002276,-113.46679176791774,12325,82 STREET NW,False
10015489,QUEEN MARY PARK,60500,53.553790849383766,-113.51526648235918,10825,113 STREET NW,False
10009689,ELMWOOD PARK,58500,53.579173002276,-113.46679176791774,12325,82 STREET NW,False
10014638,DOWNTOWN,1144500,53.54269889594334,-113.50238405364584,10185,106 STREET NW,False
10005811,CAVANAGH,3692500,53.412346118331065,-113.51849082946092,2180,111 STREET SW,True
9994715,RHATIGAN RIDGE,7500,53.47661321763046,-113.59934069402944,,,False
10015484,QUEEN MARY PARK,54500,53.553790849383766,-113.51526648235918,10825,113 STREET NW,False
10009692,ELMWOOD PARK,50000,53.579173002276,-113.46679176791774,12325,82 STREET NW,False
10015488,QUEEN MARY PARK,55000,53.553790849383766,-113.51526648235918,10825,113 STREET NW,False
10015493,QUEEN MARY PARK,66000,53.553790849383766,-113.51526648235918,10825,113 STREET NW,False
10015490,QUEEN MARY PARK,61000,53.553790849383766,-113.51526648235918,10825,113 STREET NW,False
10014637,DOWNTOWN,1148500,53.54174329998976,-113.5071169162439,10124,108 STREET NW,False
10015498,QUEEN MARY PARK,61500,53.553790849383766,-113.51526648235918,10825,113 STREET NW,False
10009688,ELMWOOD PARK,48500,53.579173002276,-113.46679176791774,12325,82 STREET NW,False
10015495,QUEEN MARY PARK,62500,53.553790849383766,-113.51526648235918,10825,113 STREET NW,False
10009693,ELMWOOD PARK,66000,53.579173002276,-113.46679176791774,12325,82 STREET NW,False
10011018,HUDSON,7475500,53.60260989317508,-113.5609590323981,13931,140 STREET NW,True
9995639,ANTHONY HENDAY TERWILLEGAR,172500,53.44592054121246,-113.5920197233982,15603,16 AVENUE NW,False
10009694,ELMWOOD PARK,38500,53.579173002276,-113.46679176791774,12325,82 STREET NW,False
9993622,GLASTONBURY,937500,53.50550344695117,-113.6756591641147,1301,GRANT WAY NW,False
10013313,LEGER,24000,53.459546520823935,-113.57691951944145,745,LEGER WAY NW,False
10015494,QUEEN MARY PARK,62500,53.553790849383766,-113.51526648235918,10825,113 STREET NW,False
10015487,QUEEN MARY PARK,45500,53.553790849383766,-113.51526648235918,10825,113 STREET NW,False
10000065,ANTHONY HENDAY SOUTH,45000,53.43062247366425,-113.51765323171504,104,MACEWAN ROAD SW,False
10015497,QUEEN MARY PARK,51500,53.553790849383766,-113.51526648235918,10825,113 STREET NW,False
10015491,QUEEN MARY PARK,58000,53.553790849383766,-113.51526648235918,10825,113 STREET NW,False
10009687,ELMWOOD PARK,34000,53.579173002276,-113.46679176791774,12325,82 STREET NW,False
10014636,DOWNTOWN,1148500,53.54160637383187,-113.50711694897925,,,False
10015486,QUEEN MARY PARK,55000,53.553790849383766,-113.51526648235918,10825,113 STREET NW,False
9999292,MATTSON,3302000,53.40616246298656,-113.43647370358096,2875,66 STREET SW,True
10015456,GRIESBACH,20402000,53.61045119893703,-113.50655983661908,13715,CASTLE DOWNS ROAD NW,True
10015496,QUEEN MARY PARK,61500,53.553790849383766,-113.51526648235918,10825,113 STREET NW,False
10009695,ELMWOOD PARK,49000,53.579173002276,-113.46679176791774,12325,82 STREET NW,False
9997128,ROSENTHAL,8197500,53.52033884235985,-113.70725466395756,8805,231 STREET NW,True
9993222,SOUTH TERWILLEGAR,740000,53.43449328632494,-113.58383360936286,115,156 STREET NW,True
10009690,ELMWOOD PARK,41000,53.579173002276,-113.46679176791774,12325,82 STREET NW,False
10009686,ELMWOOD PARK,59000,53.579173002276,-113.46679176791774,12325,82 STREET NW,False
10015381,DOWNTOWN,0,53.54485080866984,-113.5052738269428,10302,107 STREET NW,False
10014639,DOWNTOWN,1283500,53.54283583659976,-113.50238357428157,,,False
10015492,QUEEN MARY PARK,50500,53.553790849383766,-113.51526648235918,10825,113 STREET NW,False
10005005,AMBLESIDE,33000,53.42739428409171,-113.56701721709884,14202,ELLERSLIE ROAD SW,True
10015485,QUEEN MARY PARK,55000,53.553790849383766,-113.51526648235918,10825,113 STREET NW,False
10011414,MCCAULEY,1378500,53.55734865109356,-113.47953149692826,,,False
10002696,KENNEDALE INDUSTRIAL,1000,53.58771852402575,-113.42318167554608,12902,53 STREET NW,False
10005801,KENNEDALE INDUSTRIAL,112000,53.58748403180645,-113.42954476363894,5703,129 AVENUE NW,False
10009691,ELMWOOD PARK,48000,53.579173002276,-113.46679176791774,12325,82 STREET NW,False
9995934,PARSONS INDUSTRIAL,4617500,53.455068955460895,-113.47378176372204,2545,96 STREET NW,False
10040393,LEGER,7000,53.45896288122817,-113.57725211393976,735,LEGER WAY NW,False
10039201,WESTMOUNT,2500,53.55541276349052,-113.53136081029662,,,False
10016734,MAYFIELD,65500,53.55394434615747,-113.59664032066858,15930,109 AVENUE NW,False
10021063,HADDOW,22000,53.4508225352302,-113.59059078915593,3040,HADDOW DRIVE NW,False
10039194,WESTMOUNT,2500,53.55445383745423,-113.53135931140211,,,False
10038404,ANTHONY HENDAY SOUTH WEST,0,53.51196946596848,-113.66457185294354,19919,WHITEMUD DRIVE NW,False
10029971,ANTHONY HENDAY SOUTH WEST,18000,53.51092669167928,-113.66438120699074,19907,WHITEMUD DRIVE NW,True
10032414,THE ORCHARDS AT ELLERSLIE,182000,53.39635768230696,-113.4659605456132,9044,41 AVENUE SW,False
10016738,MAYFIELD,73500,53.55394434615747,-113.59664032066858,15930,109 AVENUE NW,False
10038309,ANTHONY HENDAY SOUTH,38000,53.43800266514113,-113.51765499644804,805,111 STREET NW,False
10039195,WESTMOUNT,2500,53.55459082559619,-113.53135952106408,,,False
10039198,WESTMOUNT,2500,53.55500179440735,-113.53136017323315,,,False
10021016,HADDOW,16000,53.45152267649552,-113.5906707158745,3020,HADDOW DRIVE NW,False
10016729,MAYFIELD,101500,53.55394434615747,-113.59664032066858,15930,109 AVENUE NW,False
10039200,WESTMOUNT,2500,53.55527577515814,-113.53136059309936,,,False
10040436,LEGER,442000,53.45871692980895,-113.5773376336094,2008,LEGER ROAD NW,False
10038401,ANTHONY HENDAY SOUTH,0,53.434727848800215,-113.54097083164392,102,127 STREET NW,True
10016733,MAYFIELD,106000,53.55394434615747,-113.59664032066858,15930,109 AVENUE NW,False
10037163,BELVEDERE,500,53.59933759302125,-113.4313301684182,5809,137 AVENUE NW,False
10016737,MAYFIELD,92500,53.55394434615747,-113.59664032066858,15930,109 AVENUE NW,False
10016730,MAYFIELD,43000,53.55394434615747,-113.59664032066858,15930,109 AVENUE NW,False
10039199,WESTMOUNT,2500,53.55513878721043,-113.53136038314013,,,False
10016740,MAYFIELD,106500,53.55394434615747,-113.59664032066858,15930,109 AVENUE NW,False
10034201,MCCAULEY,344500,53.554390377870014,-113.48238301456144,9338,107A AVENUE NW,False
10038310,ANTHONY HENDAY SOUTH,1500,53.43633393550661,-113.51659708676576,703,111 STREET NW,False
10016732,MAYFIELD,87500,53.55394434615747,-113.59664032066858,15930,109 AVENUE NW,False
10016736,MAYFIELD,95000,53.55394434615747,-113.59664032066858,15930,109 AVENUE NW,False
10038307,ANTHONY HENDAY TERWILLEGAR,30500,53.435068137423855,-113.59004835692046,5070,WINDERMERE BOULEVARD NW,True
10039193,WESTMOUNT,2500,53.55431684743339,-113.53135910462676,10950,121 STREET NW,False
10016731,MAYFIELD,88500,53.55394434615747,-113.59664032066858,15930,109 AVENUE NW,False
10039196,WESTMOUNT,2500,53.55472781825855,-113.5313597385219,,,False
10021220,ANTHONY HENDAY SOUTH WEST,4000,53.5110664637289,-113.66457081857092,19915,WHITEMUD DRIVE NW,True
10038405,ANTHONY HENDAY TERWILLEGAR,80500,53.45403950663073,-113.6065233501246,1650,HECTOR ROAD NW,True
10016739,MAYFIELD,97500,53.55394434615747,-113.59664032066858,15930,109 AVENUE NW,False
10039202,WESTMOUNT,2500,53.55554975516805,-113.5313610105538,,,False
10016735,MAYFIELD,95000,53.55394434615747,-113.59664032066858,15930,109 AVENUE NW,False
10039197,WESTMOUNT,2500,53.554864806424966,-113.53135995602808,,,False
10087251,BOYLE STREET,47000,53.554177126463976,-113.4747954131298,8640,106 AVENUE NW,False
10087254,BOYLE STREET,46500,53.554177126463976,-113.4747954131298,8640,106 AVENUE NW,False
10087222,BOYLE STREET,43500,53.554177126463976,-113.4747954131298,8640,106 AVENUE NW,False
10065507,ANTHONY HENDAY TERWILLEGAR,87500,53.4389815006978,-113.60916322459651,803,170 STREET NW,False
10087219,BOYLE STREET,54000,53.554177126463976,-113.4747954131298,8640,106 AVENUE NW,False
10087229,BOYLE STREET,36500,53.554177126463976,-113.4747954131298,8640,106 AVENUE NW,False
10085827,CENTRAL MCDOUGALL,102500,53.55565537859521,-113.5078842851245,10939,109 STREET NW,False
10087234,BOYLE STREET,47000,53.554177126463976,-113.4747954131298,8640,106 AVENUE NW,False
10087261,BOYLE STREET,38500,53.554177126463976,-113.4747954131298,8640,106 AVENUE NW,False
10087246,BOYLE STREET,38000,53.554177126463976,-113.4747954131298,8640,106 AVENUE NW,False
10085835,CENTRAL MCDOUGALL,107500,53.55565537859521,-113.5078842851245,10939,109 STREET NW,False
10087242,BOYLE STREET,38500,53.554177126463976,-113.4747954131298,8640,106 AVENUE NW,False
10087233,BOYLE STREET,46500,53.554177126463976,-113.4747954131298,8640,106 AVENUE NW,False
10085831,CENTRAL MCDOUGALL,105000,53.55565537859521,-113.5078842851245,10939,109 STREET NW,False
10087247,BOYLE STREET,48500,53.554177126463976,-113.4747954131298,8640,106 AVENUE NW,False
10065506,AMBLESIDE,356500,53.436619051367146,-113.61188776600925,703,170 STREET NW,False
10087240,BOYLE STREET,44500,53.554177126463976,-113.4747954131298,8640,106 AVENUE NW,False
10087258,BOYLE STREET,40000,53.554177126463976,-113.4747954131298,8640,106 AVENUE NW,False
10087250,BOYLE STREET,48000,53.554177126463976,-113.4747954131298,8640,106 AVENUE NW,False
10087218,BOYLE STREET,45500,53.554177126463976,-113.4747954131298,8640,106 AVENUE NW,False
10085826,CENTRAL MCDOUGALL,84500,53.55565537859521,-113.5078842851245,10939,109 STREET NW,False
10043137,ANTHONY HENDAY TERWILLEGAR,97000,53.45999393899393,-113.61498157020262,16975,ANTHONY HENDAY DRIVE NW,False
10087262,BOYLE STREET,38500,53.554177126463976,-113.4747954131298,8640,106 AVENUE NW,False
10087230,BOYLE STREET,36500,53.554177126463976,-113.4747954131298,8640,106 AVENUE NW,False
10087237,BOYLE STREET,50000,53.554177126463976,-113.4747954131298,8640,106 AVENUE NW,False
10085832,CENTRAL MCDOUGALL,118500,53.55565537859521,-113.5078842851245,10939,109 STREET NW,False
10087226,BOYLE STREET,37500,53.554177126463976,-113.4747954131298,8640,106 AVENUE NW,False
10087243,BOYLE STREET,38000,53.554177126463976,-113.4747954131298,8640,106 AVENUE NW,False
10087265,BOYLE STREET,49000,53.554177126463976,-113.4747954131298,8640,106 AVENUE NW,False
10087224,BOYLE STREET,43500,53.554177126463976,-113.4747954131298,8640,106 AVENUE NW,False
10087259,BOYLE STREET,42000,53.554177126463976,-113.4747954131298,8640,106 AVENUE NW,False
10087236,BOYLE STREET,38000,53.554177126463976,-113.4747954131298,8640,106 AVENUE NW,False
10085830,CENTRAL MCDOUGALL,87500,53.55565537859521,-113.5078842851245,10939,109 STREET NW,False
10087249,BOYLE STREET,48000,53.554177126463976,-113.4747954131298,8640,106 AVENUE NW,False
10087231,BOYLE STREET,46500,53.554177126463976,-113.4747954131298,8640,106 AVENUE NW,False
10087256,BOYLE STREET,45500,53.554177126463976,-113.4747954131298,8640,106 AVENUE NW,False
10085825,CENTRAL MCDOUGALL,113000,53.55565537859521,-113.5078842851245,10939,109 STREET NW,False
10085833,CENTRAL MCDOUGALL,91500,53.55565537859521,-113.5078842851245,10939,109 STREET NW,False
10087257,BOYLE STREET,46500,53.554177126463976,-113.4747954131298,8640,106 AVENUE NW,False
10087244,BOYLE STREET,38000,53.554177126463976,-113.4747954131298,8640,106 AVENUE NW,False
10087225,BOYLE STREET,44500,53.554177126463976,-113.4747954131298,8640,106 AVENUE NW,False
10085829,CENTRAL MCDOUGALL,90000,53.55565537859521,-113.5078842851245,10939,109 STREET NW,False
10087253,BOYLE STREET,51500,53.554177126463976,-113.4747954131298,8640,106 AVENUE NW,False
10087220,BOYLE STREET,37000,53.554177126463976,-113.4747954131298,8640,106 AVENUE NW,False
10087263,BOYLE STREET,49500,53.554177126463976,-113.4747954131298,8640,106 AVENUE NW,False
10087221,BOYLE STREET,49000,53.554177126463976,-113.4747954131298,8640,106 AVENUE NW,False
10087248,BOYLE STREET,38500,53.554177126463976,-113.4747954131298,8640,106 AVENUE NW,False
10043135,ANTHONY HENDAY,0,53.518900794541935,-113.66433312639792,19904,WHITEMUD DRIVE NW,True
10087227,BOYLE STREET,36500,53.554177126463976,-113.4747954131298,8640,106 AVENUE NW,False
10087264,BOYLE STREET,39000,53.554177126463976,-113.4747954131298,8640,106 AVENUE NW,False
10087252,BOYLE STREET,39000,53.554177126463976,-113.4747954131298,8640,106 AVENUE NW,False
10042234,AMBLESIDE,0,53.42704746061378,-113.58783263769398,15504,ELLERSLIE ROAD SW,False
10087238,BOYLE STREET,45500,53.554177126463976,-113.4747954131298,8640,106 AVENUE NW,False
10087260,BOYLE STREET,38500,53.554177126463976,-113.4747954131298,8640,106 AVENUE NW,False
10085824,CENTRAL MCDOUGALL,82000,53.55565537859521,-113.5078842851245,10939,109 STREET NW,False
10087245,BOYLE STREET,38000,53.554177126463976,-113.4747954131298,8640,106 AVENUE NW,False
10087255,BOYLE STREET,46500,53.554177126463976,-113.4747954131298,8640,106 AVENUE NW,False
10087235,BOYLE STREET,50500,53.554177126463976,-113.4747954131298,8640,106 AVENUE NW,False
10087223,BOYLE STREET,47500,53.554177126463976,-113.4747954131298,8640,106 AVENUE NW,False
10087228,BOYLE STREET,36500,53.554177126463976,-113.4747954131298,8640,106 AVENUE NW,False
10087241,BOYLE STREET,45500,53.554177126463976,-113.4747954131298,8640,106 AVENUE NW,False
10085828,CENTRAL MCDOUGALL,117000,53.55565537859521,-113.5078842851245,10939,109 STREET NW,False
10087239,BOYLE STREET,45500,53.554177126463976,-113.4747954131298,8640,106 AVENUE NW,False
10087232,BOYLE STREET,37000,53.554177126463976,-113.4747954131298,8640,106 AVENUE NW,False
10063443,THE ORCHARDS AT ELLERSLIE,14148000,53.40138205944558,-113.46105750745592,3861,91 STREET SW,False
10085834,CENTRAL MCDOUGALL,88500,53.55565537859521,-113.5078842851245,10939,109 STREET NW,False
10100027,CANORA,60000,53.54294103235401,-113.58729804644356,10146,154 STREET NW,False
10097147,INGLEWOOD,63500,53.56632219987856,-113.53542354602996,11535,124 STREET NW,False
10097142,INGLEWOOD,60000,53.56632219987856,-113.53542354602996,11535,124 STREET NW,False
10097138,INGLEWOOD,35000,53.56632219987856,-113.53542354602996,11535,124 STREET NW,False
10136212,ELLERSLIE INDUSTRIAL,5000,53.39874799161969,-113.47510492347304,9460,41 AVENUE SW,True
10100021,CANORA,68500,53.54294103235401,-113.58729804644356,10146,154 STREET NW,False
10097144,INGLEWOOD,87500,53.56632219987856,-113.53542354602996,11535,124 STREET NW,False
10123523,CROMDALE,160000,53.560800631507504,-113.46183503150009,11220,78 STREET NW,False
10136581,EDMONTON NORTHLANDS,482500,53.56513733207592,-113.46252508088776,11404,79 STREET NW,False
10100031,CANORA,61500,53.54294103235401,-113.58729804644356,10146,154 STREET NW,False
10100026,CANORA,74000,53.54294103235401,-113.58729804644356,10146,154 STREET NW,False
10097134,INGLEWOOD,56000,53.56632219987856,-113.53542354602996,11535,124 STREET NW,False
10097148,INGLEWOOD,66500,53.56632219987856,-113.53542354602996,11535,124 STREET NW,False
10097130,INGLEWOOD,50000,53.56632219987856,-113.53542354602996,11535,124 STREET NW,False
10100028,CANORA,76500,53.54294103235401,-113.58729804644356,10146,154 STREET NW,False
10100024,CANORA,74500,53.54294103235401,-113.58729804644356,10146,154 STREET NW,False
10097141,INGLEWOOD,72500,53.56632219987856,-113.53542354602996,11535,124 STREET NW,False
10100020,CANORA,56000,53.54294103235401,-113.58729804644356,10146,154 STREET NW,False
10097135,INGLEWOOD,54000,53.56632219987856,-113.53542354602996,11535,124 STREET NW,False
10100025,CANORA,74000,53.54294103235401,-113.58729804644356,10146,154 STREET NW,False
10100029,CANORA,76000,53.54294103235401,-113.58729804644356,10146,154 STREET NW,False
10097149,INGLEWOOD,61000,53.56632219987856,-113.53542354602996,11535,124 STREET NW,False
10097131,INGLEWOOD,70500,53.56632219987856,-113.53542354602996,11535,124 STREET NW,False
10100023,CANORA,56000,53.54294103235401,-113.58729804644356,10146,154 STREET NW,False
10097136,INGLEWOOD,55500,53.56632219987856,-113.53542354602996,11535,124 STREET NW,False
10097140,INGLEWOOD,62000,53.56632219987856,-113.53542354602996,11535,124 STREET NW,False
10150249,ELMWOOD PARK,36000,53.579173002276,-113.46679176791774,12325,82 STREET NW,False
10129445,AMBLESIDE,13455000,53.43436344503893,-113.59417934685771,5080,WINDERMERE BOULEVARD NW,True
10097146,INGLEWOOD,69500,53.56632219987856,-113.53542354602996,11535,124 STREET NW,False
10100030,CANORA,76000,53.54294103235401,-113.58729804644356,10146,154 STREET NW,False
10097143,INGLEWOOD,56500,53.56632219987856,-113.53542354602996,11535,124 STREET NW,False
10097132,INGLEWOOD,31500,53.56632219987856,-113.53542354602996,11535,124 STREET NW,False
10100022,CANORA,68000,53.54294103235401,-113.58729804644356,10146,154 STREET NW,False
10097139,INGLEWOOD,62500,53.56632219987856,-113.53542354602996,11535,124 STREET NW,False
10097137,INGLEWOOD,78500,53.56632219987856,-113.53542354602996,11535,124 STREET NW,False
10097145,INGLEWOOD,38500,53.56632219987856,-113.53542354602996,11535,124 STREET NW,False
10225773,CLOVER BAR AREA,17000,53.57084892324644,-113.3047172459778,2670,YELLOWHEAD TRAIL NE,False
10229248,CHARLESWORTH,13539500,53.42711588126945,-113.42079880940268,504,50 STREET SW,True
10191803,ANTHONY HENDAY SOUTH WEST,1000,53.46167020625697,-113.62072755111336,,,True
10230681,CLOVER BAR AREA,14500,53.57100960765526,-113.31748964250882,1830,YELLOWHEAD TRAIL NE,False
10229089,CLOVER BAR AREA,11500,53.57087237606074,-113.30599924560973,2604,YELLOWHEAD TRAIL NE,False
10197153,CHAPPELLE,1321500,53.404684073384814,-113.59152476697,3130,156 STREET SW,True
10209825,CLOVER BAR AREA,568500,53.57086049749629,-113.30898832411968,11819,24 STREET NE,False
10230678,CLOVER BAR AREA,9000,53.57084408366774,-113.3108735109603,2304,YELLOWHEAD TRAIL NE,False
10207950,ALCES,1500,53.42624096705958,-113.3830231480632,2604,ELLERSLIE ROAD SW,False
10200826,CLOVER BAR AREA,453500,53.570965598444445,-113.31535845783516,2000,YELLOWHEAD TRAIL NE,False
10231969,MCCONACHIE,252000,53.63556175422448,-113.42242334324752,1115,MCCONACHIE BOULEVARD NW,False
10233279,CLOVER BAR AREA,400500,53.59245538047622,-113.29915693340187,13120,33 STREET NE,False
10225583,CLOVER BAR AREA,11500,53.57088788878444,-113.31265872257272,2204,YELLOWHEAD TRAIL NE,False
10231970,MCCONACHIE,124000,53.63400530708149,-113.41921960962895,170,MCCONACHIE DRIVE NW,False
10236017,CLOVER BAR AREA,7000,53.57085030628836,-113.30376542824652,2734,YELLOWHEAD TRAIL NE,False
10230682,CLOVER BAR AREA,9000,53.57100000149392,-113.3165291302905,1904,YELLOWHEAD TRAIL NE,False
10276152,CHAPPELLE,10683000,53.40442998056854,-113.5937420596026,3104,156 STREET SW,True
10275721,YELLOWHEAD CORRIDOR WEST,60474500,53.5829676301617,-113.51050752133187,12654,97 STREET NW,True
10304090,GROVENOR,141500,53.5423686196712,-113.57527170366072,,,False
10303604,ATHLONE,142500,53.58716384340813,-113.54165744041228,,,False
10278850,THE HAMPTONS,3676000,53.479006526698704,-113.67307548651593,4280,199 STREET NW,False
10303894,DOWNTOWN,1143000,53.54215112356234,-113.5023851242536,10145,106 STREET NW,False
10304042,GROVENOR,154000,53.54236952377147,-113.57573669917964,,,False
10303601,ATHLONE,142500,53.58707351792842,-113.54165739046776,,,False
10304404,BEACON HEIGHTS,91000,53.57061896845315,-113.41591713456305,,,False
10392939,EDGEMONT,119500,53.46776264614488,-113.67540835872006,5120,EDGEMONT BOULEVARD NW,False
10303008,CLOVER BAR AREA,11000,53.57081299542431,-113.30718765371329,2504,YELLOWHEAD TRAIL NE,False
10303891,DOWNTOWN,1143000,53.54201418871912,-113.50238540635536,10145,106 STREET NW,False
10252603,MCCONACHIE,21000,53.63172850110569,-113.41759134906503,160,MCCONACHIE DRIVE NW,False
10302565,GLENRIDDING HEIGHTS,21000,53.41404364332908,-113.60766007453138,2503,170 STREET SW,False
10303606,ATHLONE,142500,53.587344494005166,-113.54165754060443,,,False
10304407,BEACON HEIGHTS,123000,53.57061925013454,-113.41555118987448,,,False
10304403,BEACON HEIGHTS,91000,53.570618878903616,-113.41603220273188,,,False
10304406,BEACON HEIGHTS,91000,53.57061915182032,-113.41568698336856,,,False
10303607,ATHLONE,138500,53.587434681824384,-113.5416575926397,,,False
10303892,DOWNTOWN,1143000,53.54174030586866,-113.50238594052716,10145,106 STREET NW,False
10396742,SCHONSEE,500,53.63598735793366,-113.44559508037786,17348,66 STREET NW,False
10258139,CLOVER BAR AREA,8000,53.57086330234043,-113.31169877195164,2280,YELLOWHEAD TRAIL NE,False
10267256,EDGEMONT,2414500,53.45911285378585,-113.68335735612308,2703,WINTERBURN ROAD NW,True
10385190,CHAPPELLE,6500,53.40017925510541,-113.56556141417197,4356,CLAYTON WAY SW,False
10303603,ATHLONE,142500,53.587254168527046,-113.54165749035975,,,False
10304402,BEACON HEIGHTS,91000,53.570618789280246,-113.41614727844872,,,False
10258141,CLOVER BAR AREA,5000,53.57091291719806,-113.31348664464817,2060,YELLOWHEAD TRAIL NE,False
10304109,GROVENOR,73000,53.54236835835671,-113.57515673434624,,,False
10304071,GROVENOR,141000,53.542369195774974,-113.57557522060804,,,False
10258142,CLOVER BAR AREA,9000,53.5709330416803,-113.31420602567889,2030,YELLOWHEAD TRAIL NE,False
10303602,ATHLONE,142500,53.5869831926282,-113.54165734082244,,,False
10403970,HAYS RIDGE AREA,7617000,53.41652348897086,-113.57407779116376,215,HAYS RIDGE BOULEVARD SW,True
10666615,TRUMPETER AREA,0,53.5881944787647,-113.6775567371514,12840,207 STREET NW,False
10484664,GLENRIDDING HEIGHTS,147000,53.42012766770888,-113.60335354723485,2315,GLENRIDDING BOULEVARD SW,False
10488890,MCCONACHIE,10000,53.63304495638384,-113.42486155290052,260,MCCONACHIE DRIVE NW,False
10501062,GRANVILLE,33825000,53.507125813747805,-113.68681067828112,7231,WINTERBURN ROAD NW,False
10707260,MCCONACHIE,20000,53.635534272972585,-113.42297479522014,5415,174 AVENUE NW,False
10713294,ROSENTHAL,134500,53.51806444853402,-113.6988109519683,1090,ROSENTHAL BOULEVARD NW,False
10513393,CHAPPELLE,1351500,53.39660378583811,-113.5914892307418,15670,41 AVENUE SW,False
10715275,GARNEAU,376500,53.51643065274429,-113.51565972825225,11014,80 AVENUE NW,False
10698338,SECORD,3756000,53.53558123390502,-113.69874520612436,425,SECORD BOULEVARD NW,False
10707284,MCCONACHIE,67500,53.6351539576112,-113.4232186119982,5603,174 AVENUE NW,False
10487430,ROSENTHAL,172500,53.51711518494498,-113.69865585605294,1070,ROSENTHAL BOULEVARD NW,False
10705646,WINTERBURN INDUSTRIAL AREA EAST,15251500,53.5667079524264,-113.6812745832502,20815,118A AVENUE NW,False
10496166,HIGHLANDS,484500,53.56739974738329,-113.42045444233412,11204,51 STREET NW,False
10700772,ASTER,7581000,53.44422157259098,-113.36315333112428,1445,17 STREET NW,False
10713168,TAMARACK,32500,53.45853123836065,-113.3590806248264,,,True
10715274,GARNEAU,376000,53.51643090823405,-113.515819759698,11016,80 AVENUE NW,False
10496167,HIGHLANDS,487000,53.5674969183089,-113.42045412903656,11208,51 STREET NW,False
10740683,WINTERBURN INDUSTRIAL AREA EAST,44000,53.55596996187107,-113.6758458774307,20604,109 AVENUE NW,False
10848915,EDGEMONT,98000,53.47064114852092,-113.67575669381812,7190,EDGEMONT WAY NW,False
10781868,ELMWOOD,7263500,53.518824672771885,-113.59819945727044,8609,161 STREET NW,False
10845287,CENTRAL MCDOUGALL,161500,53.55430694567644,-113.50422746782624,10837,107 STREET NW,False
10779998,MONTROSE,434500,53.57751395748512,-113.434173602709,12224,60 STREET NW,False
10740326,RIVERVIEW AREA,1107000,53.44641835886281,-113.65579783614822,1611,199 STREET NW,False
10780879,AMBLESIDE,4236500,53.429629102980925,-113.58903664306072,3445,ALLAN DRIVE SW,True
10783758,INGLEWOOD,56500,53.56632219987856,-113.53542354602996,11535,124 STREET NW,False
10739019,ANTHONY HENDAY TERWILLEGAR,4500,53.42996641496093,-113.5717050654778,14302,ANTHONY HENDAY DRIVE NW,True
10845436,GLENORA,910500,53.54369414132292,-113.56404536523576,10210,140 STREET NW,False
10764204,SUNWAPTA INDUSTRIAL,11619500,53.54361374629606,-113.64911356087823,18804,STONY PLAIN ROAD NW,True
10845148,RURAL NORTH EAST SOUTH STURGEON,3251500,53.63419937382769,-113.33795992212336,17311,MERIDIAN STREET NE,True
10783759,INGLEWOOD,39500,53.56632219987856,-113.53542354602996,11535,124 STREET NW,False
10848916,EDGEMONT,5500,53.47036966985999,-113.67404371753295,7180,EDGEMONT WAY NW,False
10845288,CENTRAL MCDOUGALL,161500,53.554238396015336,-113.50422746178693,10835,107 STREET NW,False
10764254,GLENRIDDING HEIGHTS,128000,53.42004877033551,-113.60133297534188,2305,GLENRIDDING BOULEVARD SW,False
10847252,MCCONACHIE,115000,53.63224418379327,-113.41922379986885,166,MCCONACHIE DRIVE NW,False
10927161,KENNEDALE INDUSTRIAL,3568500,53.58808418873731,-113.42060970863793,5104,129 AVENUE NW,False
10930501,EDMONTON SOUTH CENTRAL,11788000,53.3474537693178,-113.55109035477872,9406,130 STREET SW,False
10924380,EDMONTON SOUTH CENTRAL,0,53.38922698108696,-113.51573803110084,4810,HIGHWAY 2 SERVICE ROAD SW,False
10961372,ROSENTHAL,173500,53.52321310046637,-113.7019509185486,22375,92 AVENUE NW,False
10854149,LAUREL,1168000,53.44765655479004,-113.37637196393776,2406,17A AVENUE NW,False
10879697,MONTROSE,398500,53.577655963780856,-113.434172716667,12230,60 STREET NW,False
10931983,SECORD,1171000,53.53872553632737,-113.70983299385082,9840,228 STREET NW,False
10966906,ANTHONY HENDAY TERWILLEGAR,5000,53.43611633278834,-113.5951223872198,210,156 STREET NW,True
10923528,ROSENTHAL,100500,53.51760053820794,-113.70187924552268,1120,ROSENTHAL BOULEVARD NW,False
10873529,GLENRIDDING HEIGHTS,31500,53.41398447728812,-113.60186106818354,16205,21 AVENUE SW,False
10884535,EDMONTON SOUTH WEST,439500,53.34157779416645,-113.62865733446549,17810,HIGHWAY 19 SW,False
10927814,EDGEMONT,120500,53.46776651516517,-113.67813542079128,5150,EDGEMONT BOULEVARD NW,False
10967051,CANOSSA,500,53.64151166400176,-113.5228148252556,18040,112 STREET NW,True
10966981,ANTHONY HENDAY,7500,53.54511307862918,-113.65814553897316,19204,STONY PLAIN ROAD NW,True
10897028,EDGEMONT,9767500,53.466301708402085,-113.68257306920655,3215,WINTERBURN ROAD NW,True
10873004,SECORD,137500,53.53253242036629,-113.7117908556908,22919,95 AVENUE NW,False
10965390,ANTHONY HENDAY TERWILLEGAR,3000,53.45040387537962,-113.60621228354748,16831,23 AVENUE NW,True
10889961,MARQUIS,5506000,53.63742839499426,-113.35121191640428,17404,MERIDIAN STREET NW,False
10854150,LAUREL,1167500,53.44804824777419,-113.37637203119334,2405,17B AVENUE NW,False
10890409,ANTHONY HENDAY TERWILLEGAR,33000,53.44125934939348,-113.59703184018926,904,156 STREET NW,True
10879696,MONTROSE,395500,53.57758999319253,-113.43417319818327,12228,60 STREET NW,False
10930499,EDMONTON SOUTH CENTRAL,2141000,53.350317927764216,-113.56030810687425,9106,135 STREET SW,False
10929199,,198500,53.65389477686136,-113.43380209395288,18835,66 STREET NW,False
10966973,MACTAGGART,500,53.43303995743686,-113.57605774621756,121,RABBIT HILL ROAD NW,True
10925880,EDMONTON SOUTH CENTRAL,9119000,53.35158309459148,-113.55560476375967,8905,138 STREET SW,False
10967011,ANTHONY HENDAY SOUTH WEST,4000,53.479414800839,-113.6610107706702,19503,45 AVENUE NW,True
10944810,CHARLESWORTH,9046500,53.42971617447117,-113.39448123143798,103,CHARLESWORTH DRIVE SW,False
10965451,ANTHONY HENDAY SOUTH,11000,53.43577113084192,-113.5347375589458,103,127 STREET NW,True
10851663,CAPILANO,218000,53.55565677937834,-113.43143493619044,10756,69 STREET NW,False
10931984,SECORD,1533000,53.53928982059918,-113.70983516796244,9870,228 STREET NW,False
10929198,EDMONTON ENERGY AND TECHNOLOGY PARK,22000,53.65708817091433,-113.43105567068991,19405,66 STREET NW,False
10924379,ROPER INDUSTRIAL,4565500,53.48735208288121,-113.42421898831176,5405,51 AVENUE NW,False
10885005,STILLWATER,12583000,53.45037853330514,-113.6705971323974,2110,199 STREET NW,True
10875695,CHAPPELLE,50000,53.40686210287398,-113.5897158005258,3930,CHRUSTAWKA PLACE SW,False
10925877,EDMONTON SOUTH CENTRAL,2466000,53.3488198301128,-113.5460293066016,9110,HIGHWAY 2 SERVICE ROAD SW,False
10927813,EDGEMONT,36500,53.468135546759086,-113.67906524913442,5210,EDGEMONT BOULEVARD NW,False
10936534,DESROCHERS AREA,5841500,53.398499640925536,-113.56182828604751,3803,HERITAGE VALLEY TRAIL SW,True
10881426,THE ORCHARDS AT ELLERSLIE,15994500,53.399790726445794,-113.45489097264245,3004,66 STREET SW,False
10884304,EDMONTON SOUTH EAST,0,53.36708419977528,-113.34794924850124,330,73 AVENUE SW,False
10882879,ANTHONY HENDAY MISTATIM,20916500,53.608599368285056,-113.60748550352857,14490,164 STREET NW,False
10884618,EDMONTON SOUTH CENTRAL,38432500,53.35605683153656,-113.55558103006152,8125,138 STREET SW,False
10930503,EDMONTON SOUTH CENTRAL,1093500,53.348297866387774,-113.55162574045002,13051,93 AVENUE SW,False
10930498,EDMONTON SOUTH CENTRAL,2180500,53.34947335146654,-113.56030184286404,9206,135 STREET SW,False
10930470,EDMONTON SOUTH CENTRAL,0,53.3444546568377,-113.55206772130538,13010,102 AVENUE SW,False
10973570,KENNEDALE INDUSTRIAL,391000,53.58629593277608,-113.42496722739318,12804,54 STREET NW,False
11057773,EDGEMONT,128500,53.47052176095115,-113.68741431728168,3731,214 STREET NW,False
11141111,BELVEDERE,4722000,53.5857934187212,-113.44001918791396,407,BELVEDERE GATE NW,False
11071149,ASPEN GARDENS,740000,53.47932340166903,-113.5505657319184,12302,ASPEN DRIVE WEST NW,False
11148027,SECORD,6500,53.52677843855388,-113.71052308951823,,,False
11136313,CY BECKER,128000,53.637129682334624,-113.410794768215,4663,177 AVENUE NW,False
11148469,EBBERS,17547000,53.612980342385946,-113.39655104272563,285,EBBERS BOULEVARD NW,False
10984769,MCCONACHIE,21000,53.63445987906278,-113.41749765987096,17360,50 STREET NW,False
11048630,STILLWATER,35500,53.45064152557271,-113.67351276587358,920,STILLWATER BOULEVARD NW,False
10984770,MCCONACHIE,11500,53.6332221528188,-113.41584538417769,17252,50 STREET NW,False
11070960,CALLAGHAN,10406500,53.41573117334865,-113.51828106285096,1505,JAMES MOWATT TRAIL SW,True
11006137,MCCONACHIE,5870500,53.64064405047424,-113.43551510555234,17870,62A STREET NW,True
11048631,STILLWATER,378500,53.45069019364674,-113.67366236991774,20504,19 AVENUE NW,False
10972261,ANTHONY HENDAY TERWILLEGAR,1000,53.45999393899393,-113.61498157020262,16975,ANTHONY HENDAY DRIVE NW,True
11013516,MARQUIS,1629500,53.66001773025003,-113.34855382852425,19650,MERIDIAN STREET NW,True
11138409,GLENRIDDING RAVINE,27000,53.4121716432882,-113.60253667798224,2271,RABBIT HILL ROAD SW,False
11142787,CALDER,142000,53.58825521292851,-113.52461853263564,12921,118 STREET NW,False
11012993,WINTERBURN INDUSTRIAL AREA EAST,1127500,53.55438765804907,-113.66697667469452,10875,201 STREET NW,False
11049827,LAURIER HEIGHTS,960000,53.51688428946496,-113.55326589527412,8404,134 STREET NW,False
11138025,RIVER'S EDGE,20796500,53.45043467107185,-113.65808845492056,1703,199 STREET NW,False
11144455,ALCES,2386000,53.43094012236988,-113.3799297466016,203,34 STREET SW,False
11141110,BELVEDERE,25174000,53.5857934187212,-113.44001918791396,403,BELVEDERE GATE NW,False
11144478,BEACON HEIGHTS,127500,53.571045646501496,-113.40191306792602,11814,39 STREET NW,False
11048629,STILLWATER,373000,53.45075896349284,-113.67350965464482,924,STILLWATER BOULEVARD NW,False
11077750,QUEEN ALEXANDRA,2188500,53.51681220688783,-113.49939497165325,10455,81 AVENUE NW,False
11142851,MACEWAN,71500,53.43196347066287,-113.51956087640914,104,111 STREET SW,True
11136312,CY BECKER,124000,53.637156498241694,-113.41089714482304,4667,177 AVENUE NW,False
11071150,ASPEN GARDENS,737500,53.47941053927859,-113.55044375473116,12220,ASPEN DRIVE WEST NW,False
10984768,MCCONACHIE,59000,53.63227733268309,-113.41547316361066,104,MCCONACHIE DRIVE NW,False
11140992,ASTER,17847500,53.45027044563482,-113.35445788526258,605,23 AVENUE NW,True
10972283,SOUTH TERWILLEGAR,5000,53.43449328632494,-113.58383360936286,115,156 STREET NW,True
11138144,RIVER'S EDGE,8607000,53.45753833580793,-113.64904701102452,18904,23 AVENUE NW,True
11053610,ANTHONY HENDAY TERWILLEGAR,5000,53.44125934939348,-113.59703184018926,904,156 STREET NW,True
11047736,DUNLUCE,231500,53.62404983485495,-113.5332772012382,12030,162 AVENUE NW,True
11137419,THE ORCHARDS AT ELLERSLIE,1549000,53.40942026698287,-113.45157552112114,,,False
11133119,KING EDWARD PARK,299000,53.51583104730438,-113.44083409269317,7315,80 AVENUE NW,False
11057469,POTTER GREENS,7250500,53.521271464880776,-113.66737580162838,1035,WEBBER GREENS DRIVE NW,False
11141109,BELVEDERE,500,53.5857934187212,-113.44001918791396,407,BELVEDERE GATE NW,False
11138716,ROSSDALE,0,53.52959985337036,-113.4960187583644,9469,ROSSDALE ROAD NW,False
11013824,SOUTHEAST INDUSTRIAL,2576500,53.485741535116986,-113.3825948759175,5003,28 STREET NW,False
11071694,ALCES,2102500,53.429030959598656,-113.38286906765082,303,34 STREET SW,False
11070676,INGLEWOOD,1133000,53.5594922965919,-113.5336676169352,11115,123 STREET NW,False
11138414,GLENRIDDING HEIGHTS,12009500,53.41404364332908,-113.60766007453138,2503,170 STREET SW,False
11142131,RIVER'S EDGE,5838500,53.45066014507002,-113.6460097821628,,,False
11057771,EDGEMONT,136000,53.47038156313986,-113.6874141365059,3723,214 STREET NW,False
11057838,PARSONS INDUSTRIAL,1089000,53.46225506742323,-113.48818057274104,10045,31 AVENUE NW,False
11053915,ANTHONY HENDAY CLAREVIEW,1500,53.617535133308095,-113.35364669016175,980,153 AVENUE NW,True
11014497,BROWN INDUSTRIAL,106000,53.5815050841554,-113.57025245937112,14440,YELLOWHEAD TRAIL NW,False
10970317,PRINCE RUPERT,129000,53.5592627189359,-113.52270422901634,11618,111 AVENUE NW,False
11143110,CLAREVIEW TOWN CENTRE,5027000,53.606101569340815,-113.40860575434124,380,CLAREVIEW STATION DRIVE NW,False
11053611,ANTHONY HENDAY TERWILLEGAR,1500,53.444877563678126,-113.59666524919312,15803,16 AVENUE NW,True
11056873,PAISLEY,3696500,53.41446272098915,-113.55463976145737,106,PAISLEY GATE SW,False
11044852,CRYSTALLINA NERA EAST,15996500,53.638723775050856,-113.44909454960332,17350,66 STREET NW,True
11136314,CY BECKER,128000,53.63710185557259,-113.41068831432564,4659,177 AVENUE NW,False
11148028,SECORD,3797000,53.52806444860015,-113.71181848990926,9203,231 STREET NW,False
10978035,CROMDALE,293000,53.562155054827976,-113.46183819547966,11260,78 STREET NW,False
11070851,HERITAGE VALLEY TOWN CENTRE,12298500,53.405971294176645,-113.53975279295427,2615,127 STREET SW,False
11139056,ELMWOOD PARK,102500,53.57917458053619,-113.4595155487358,12331,77 STREET NW,False
10969523,RURAL NORTH EAST SOUTH STURGEON,919500,53.61994688109648,-113.35059660396315,104,153 AVENUE NW,False
11069205,CLOVER BAR AREA,29319500,53.58731287427841,-113.30179616308668,13004,33 STREET NE,False
11150013,ANTHONY HENDAY MISTATIM,16000,53.60513624375559,-113.61375055733144,14501,170 STREET NW,False
11144479,BEACON HEIGHTS,127500,53.57114162306743,-113.40191282323612,11818,39 STREET NW,False
11013517,MARQUIS,22500,53.65855056246027,-113.35249615753094,130,195 AVENUE NW,False
11139284,AMBLESIDE,1648000,53.427494064874274,-113.59114946790186,6250,ANDREWS LOOP SW,False
10976796,RIVERDALE,0,53.543498170856026,-113.46510666906823,1,SUNDANCE NW,False
11056874,CHAPPELLE,23541500,53.40668596342367,-113.55722948399163,13505,28 AVENUE SW,False
11013830,SOUTHEAST INDUSTRIAL,1254500,53.486795672905394,-113.38723715784036,2943,50 AVENUE NW,False
11142062,ANTHONY HENDAY TERWILLEGAR,146500,53.44592054121246,-113.5920197233982,15603,16 AVENUE NW,True
11150048,CLOVER BAR AREA,0,53.59070261720952,-113.36904887112031,12208,17 STREET NE,True
10970660,ANTHONY HENDAY SOUTH WEST,500,53.46167020625697,-113.62072755111336,,,True
10970318,PRINCE RUPERT,129000,53.55926270907364,-113.52281977613625,11620,111 AVENUE NW,False
11223111,LAURIER HEIGHTS,722500,53.51760608873522,-113.55988697432454,13804,85 AVENUE NW,False
11179671,HIGHLANDS,80000,53.570086492488144,-113.41945502881522,5025,118 AVENUE NW,False
11220150,EDGEMONT,163500,53.47074781574268,-113.6778911195936,8665,EDGEMONT LINK NW,False
11220151,EDGEMONT,120500,53.469292812219805,-113.67805360304254,8621,EDGEMONT LINK NW,False
11219520,CY BECKER,10701500,53.62899311083195,-113.40409549771736,625,CY BECKER DRIVE NW,False
11220149,EDGEMONT,20000,53.46859495496812,-113.67814432429913,,,False
11175685,STILLWATER,13891000,53.45034626242597,-113.6826733386673,1525,WINTERBURN ROAD NW,True
11219856,CRYSTALLINA NERA EAST,99500,53.64290563671745,-113.45103629416508,7104,178 AVENUE NW,False
11220267,DOWNTOWN,759500,53.54485080866984,-113.5052738269428,10302,107 STREET NW,False
11224580,HOLYROOD,209500,53.534019320136366,-113.4560672671893,9571,85 STREET NW,False
11219889,CRYSTALLINA NERA EAST,188000,53.64399057271861,-113.45102485906068,17920,71 STREET NW,False
11224581,HOLYROOD,209500,53.53408329527475,-113.456014897744,9573,85 STREET NW,False
11223960,UNIVERSITY OF ALBERTA FARM,26962500,53.49149794369396,-113.54269893096637,5304,122 STREET NW,False
